/*
 * GENERATED FILE - DO NOT EDIT BY HAND
 *
 * Source font: Noto Sans Regular 2.004
 * Copyright: 2010, 2012-2020 Google Inc.; 2015-2020 Google LLC
 * License: SIL Open Font License 1.1
 * License copy: ../licenses/NotoSans-OFL-1.1.txt
 * Generator: tools/font/generate_unicode_fonts.py
 *
 * The generated bitmap subset is distributed under the SIL OFL 1.1.
 */

#include "unicode_fonts.h"

/* Unicode extension font 10px generated from Noto Sans Regular 2.004; ASCII falls back to LVGL Montserrat. */
static LV_ATTRIBUTE_LARGE_CONST const uint8_t rsvp_unicode_10_bitmap[] = {
    0x2c, 0x00, 0x10, 0x09, 0x00, 0xa0, 0x1b, 0x02, 0xc0, 0x2c, 0x03, 0xd0, 0x00, 0x28, 0x00, 0x03,
    0xbd, 0x90, 0x0c, 0x30, 0x10, 0x1d, 0x00, 0x00, 0x1d, 0x00, 0x00, 0x0d, 0x30, 0x10, 0x03, 0xbd,
    0x80, 0x00, 0x28, 0x00, 0x02, 0xbc, 0xb0, 0x08, 0x50, 0x10, 0x0a, 0x30, 0x00, 0x0a, 0x30, 0x00,
    0x8e, 0xdc, 0x30, 0x0a, 0x30, 0x00, 0x0c, 0x10, 0x00, 0x9e, 0xcc, 0xc4, 0x01, 0x00, 0x10, 0x3c,
    0xcc, 0xc0, 0x0b, 0x02, 0x90, 0x19, 0x00, 0xa0, 0x0b, 0x13, 0x90, 0x3b, 0xcb, 0xb0, 0x00, 0x00,
    0x10, 0x95, 0x00, 0x95, 0x2c, 0x02, 0xc0, 0x0a, 0x5a, 0x50, 0x03, 0xdc, 0x00, 0x1c, 0xed, 0xa0,
    0x00, 0x94, 0x00, 0x1c, 0xed, 0xa0, 0x00, 0x94, 0x00, 0x00, 0x92, 0x00, 0x00, 0x92, 0x00, 0x00,
    0x92, 0x00, 0x00, 0x92, 0x00, 0x00, 0x00, 0x00, 0x00, 0x00, 0x00, 0x00, 0x00, 0x00, 0x00, 0x92,
    0x00, 0x00, 0x92, 0x00, 0x00, 0x92, 0x00, 0x00, 0x92, 0x00, 0x1b, 0xcc, 0x34, 0xa0, 0x00, 0x0c,
    0xc5, 0x03, 0x91, 0xa5, 0x2b, 0x37, 0x50, 0x29, 0xd1, 0x10, 0x07, 0x64, 0xcc, 0xb1, 0x05, 0x46,
    0x20, 0x00, 0x00, 0x00, 0x00, 0x00, 0x00, 0x00, 0x00, 0x00, 0x00, 0x00, 0x00, 0x00, 0x00, 0x00,
    0x00, 0x00, 0x00, 0x00, 0x00, 0x00, 0x00, 0x58, 0x97, 0x00, 0x08, 0x4a, 0xc7, 0xa1, 0x36, 0x76,
    0x01, 0x27, 0x72, 0x92, 0x00, 0x09, 0x72, 0x76, 0x00, 0x09, 0x37, 0x1a, 0xc4, 0x28, 0x08, 0x50,
    0x02, 0xa1, 0x00, 0x59, 0x97, 0x10, 0x37, 0xa0, 0x67, 0xb1, 0x77, 0xb1, 0x00, 0x00, 0x00, 0x00,
    0x00, 0x00, 0x00, 0x00, 0x02, 0x52, 0x51, 0xb3, 0xb2, 0x68, 0x78, 0x00, 0xa4, 0xa4, 0x01, 0x31,
    0x30, 0x6c, 0xcc, 0xd3, 0x00, 0x00, 0x83, 0x00, 0x00, 0x73, 0x00, 0x00, 0x00, 0x7c, 0xa0, 0x00,
    0x00, 0x00, 0x00, 0x58, 0x97, 0x00, 0x08, 0x7d, 0xc6, 0xa1, 0x36, 0x38, 0x49, 0x27, 0x72, 0x3e,
    0xe2, 0x09, 0x72, 0x38, 0x84, 0x09, 0x37, 0x38, 0x2b, 0x28, 0x08, 0x50, 0x03, 0xa1, 0x00, 0x59,
    0x97, 0x10, 0x0c, 0xcc, 0xcc, 0x00, 0x00, 0x00, 0x00, 0x00, 0x00, 0x00, 0x00, 0x00, 0x00, 0x00,
    0x00, 0x00, 0x00, 0x00, 0x00, 0x00, 0x00, 0x00, 0x00, 0x00, 0x00, 0x00, 0x00, 0x00, 0x00, 0x00,
    0x00, 0x00, 0x1a, 0xc3, 0x65, 0x1a, 0x65, 0x1a, 0x1a, 0xb3, 0x00, 0x00, 0x00, 0x00, 0x00, 0x00,
    0x00, 0x00, 0x00, 0x83, 0x00, 0x00, 0x83, 0x00, 0x6c, 0xed, 0xc2, 0x00, 0x83, 0x00, 0x00, 0x83,
    0x00, 0x6c, 0xcc, 0xc2, 0x5b, 0x90, 0x20, 0xb0, 0x02, 0x80, 0x29, 0x00, 0xac, 0xb1, 0x00, 0x00,
    0x00, 0x00, 0x00, 0x00, 0x00, 0x00, 0x6b, 0x90, 0x10, 0xb0, 0x2c, 0xa0, 0x10, 0xa2, 0x8b, 0x90,
    0x00, 0x00, 0x00, 0x00, 0x00, 0x00, 0x00, 0x00, 0x0d, 0x36, 0x60, 0x00, 0x00, 0x00, 0x00, 0x00,
    0x00, 0x00, 0x00, 0x00, 0x00, 0x00, 0x2b, 0x00, 0x86, 0x2b, 0x00, 0x86, 0x2b, 0x00, 0x86, 0x2b,
    0x00, 0x86, 0x2d, 0x00, 0xc6, 0x2d, 0xcb, 0x96, 0x2b, 0x00, 0x00, 0x2b, 0x00, 0x00, 0x2b, 0x00,
    0x00, 0x09, 0xff, 0xc7, 0x04, 0xff, 0xd1, 0x70, 0x6f, 0xfd, 0x17, 0x06, 0xff, 0xd1, 0x70, 0x2f,
    0xfd, 0x17, 0x00, 0x48, 0xb1, 0x70, 0x00, 0x09, 0x17, 0x00, 0x00, 0x91, 0x70, 0x00, 0x09, 0x17,
    0x00, 0x00, 0x71, 0x60, 0x01, 0x03, 0xc0, 0x00, 0x00, 0x00, 0x00, 0x00, 0x24, 0x02, 0xb1, 0x89,
    0x00, 0x3b, 0x60, 0x25, 0x60, 0x05, 0x60, 0x05, 0x60, 0x00, 0x00, 0x00, 0x00, 0x00, 0x00, 0x00,
    0x00, 0x39, 0x91, 0x90, 0x46, 0x91, 0x45, 0x28, 0x80, 0x00, 0x00, 0x00, 0x00, 0x00, 0x00, 0x43,
    0x43, 0x01, 0xb3, 0xb2, 0x06, 0x87, 0x83, 0xb3, 0xb0, 0x21, 0x21, 0x00, 0x2c, 0x60, 0x09, 0x20,
    0x36, 0x60, 0x38, 0x00, 0x05, 0x60, 0xa1, 0x00, 0x05, 0x64, 0x74, 0xb0, 0x05, 0x6b, 0x1a, 0xb0,
    0x00, 0x66, 0x73, 0xb0, 0x00, 0xb0, 0xba, 0xe4, 0x07, 0x40, 0x00, 0xb0, 0x3d, 0x40, 0x1a, 0x00,
    0x47, 0x40, 0x84, 0x00, 0x07, 0x42, 0xa0, 0x00, 0x07, 0x49, 0x5b, 0xb1, 0x07, 0x78, 0x21, 0x83,
    0x00, 0xa1, 0x01, 0x90, 0x04, 0x70, 0x19, 0x10, 0x09, 0x00, 0x7c, 0xc3, 0x6a, 0x80, 0x02, 0x70,
    0x10, 0xb0, 0x0a, 0x20, 0x2a, 0xa0, 0x48, 0x00, 0x10, 0xa2, 0xa1, 0xd2, 0x8a, 0x85, 0x68, 0xb2,
    0x00, 0x0b, 0x37, 0xa2, 0x00, 0x74, 0x7a, 0xd8, 0x01, 0xa0, 0x00, 0xa2, 0x00, 0xe1, 0x00, 0x01,
    0x00, 0x00, 0xa0, 0x00, 0x4a, 0x00, 0x3c, 0x10, 0x0a, 0x30, 0x00, 0xa3, 0x02, 0x03, 0xcc, 0xb1,
    0x00, 0xd2, 0x00, 0x00, 0x03, 0x90, 0x00, 0x00, 0x00, 0x00, 0x00, 0x06, 0xb0, 0x00, 0x00, 0xbd,
    0x20, 0x00, 0x1d, 0x77, 0x00, 0x06, 0x82, 0xc0, 0x00, 0xc3, 0x0d, 0x20, 0x2f, 0xdd, 0xe8, 0x07,
    0x80, 0x03, 0xd0, 0xc2, 0x00, 0x0b, 0x30, 0x00, 0x0b, 0x50, 0x00, 0x03, 0x90, 0x00, 0x00, 0x00,
    0x00, 0x00, 0x06, 0xb0, 0x00, 0x00, 0xbd, 0x20, 0x00, 0x1d, 0x77, 0x00, 0x06, 0x82, 0xc0, 0x00,
    0xc3, 0x0d, 0x20, 0x2f, 0xdd, 0xe8, 0x07, 0x80, 0x03, 0xd0, 0xc2, 0x00, 0x0b, 0x30, 0x00, 0x8d,
    0x10, 0x00, 0x39, 0x49, 0x00, 0x00, 0x00, 0x00, 0x00, 0x06, 0xb0, 0x00, 0x00, 0xbd, 0x20, 0x00,
    0x1d, 0x77, 0x00, 0x06, 0x82, 0xc0, 0x00, 0xc3, 0x0d, 0x20, 0x2f, 0xdd, 0xe8, 0x07, 0x80, 0x03,
    0xd0, 0xc2, 0x00, 0x0b, 0x30, 0x03, 0xc5, 0x90, 0x00, 0x71, 0xa8, 0x00, 0x00, 0x00, 0x00, 0x00,
    0x06, 0xb0, 0x00, 0x00, 0xbd, 0x20, 0x00, 0x1d, 0x77, 0x00, 0x06, 0x82, 0xc0, 0x00, 0xc3, 0x0d,
    0x20, 0x2f, 0xdd, 0xe8, 0x07, 0x80, 0x03, 0xd0, 0xc2, 0x00, 0x0b, 0x30, 0x02, 0x73, 0x50, 0x00,
    0x00, 0x00, 0x00, 0x00, 0x6b, 0x00, 0x00, 0x0b, 0xd2, 0x00, 0x01, 0xd7, 0x70, 0x00, 0x68, 0x2c,
    0x00, 0x0c, 0x30, 0xd2, 0x02, 0xfd, 0xde, 0x80, 0x78, 0x00, 0x3d, 0x0c, 0x20, 0x00, 0xb3, 0x00,
    0x69, 0x10, 0x00, 0x09, 0x54, 0x00, 0x00, 0xcf, 0x10, 0x00, 0x0b, 0xd2, 0x00, 0x01, 0xd7, 0x70,
    0x00, 0x68, 0x2c, 0x00, 0x0c, 0x30, 0xd2, 0x02, 0xfd, 0xde, 0x80, 0x78, 0x00, 0x3d, 0x0c, 0x20,
    0x00, 0xb3, 0x00, 0x00, 0xce, 0xdc, 0xc2, 0x00, 0x04, 0xa8, 0x60, 0x00, 0x00, 0x0a, 0x48, 0x60,
    0x00, 0x00, 0x2d, 0x08, 0xdc, 0xc0, 0x00, 0x88, 0x08, 0x60, 0x00, 0x00, 0xec, 0xce, 0x60, 0x00,
    0x06, 0xa0, 0x08, 0x60, 0x00, 0x0c, 0x30, 0x08, 0xdc, 0xc2, 0x01, 0x9d, 0xda, 0x00, 0xb7, 0x00,
    0x20, 0x3c, 0x00, 0x00, 0x05, 0x90, 0x00, 0x00, 0x59, 0x00, 0x00, 0x03, 0xc0, 0x00, 0x00, 0x0c,
    0x60, 0x00, 0x00, 0x2b, 0xdc, 0x90, 0x00, 0x06, 0x00, 0x00, 0x00, 0x49, 0x00, 0x00, 0x2a, 0x50,
    0x00, 0x01, 0xd1, 0x00, 0x00, 0x48, 0x00, 0x00, 0x00, 0x00, 0x0f, 0xcc, 0xb0, 0x0d, 0x00, 0x00,
    0x0d, 0x00, 0x00, 0x0f, 0xcc, 0x90, 0x0d, 0x00, 0x00, 0x0d, 0x00, 0x00, 0x0d, 0x00, 0x00, 0x0f,
    0xcc, 0xb0, 0x00, 0x0c, 0x30, 0x00, 0x57, 0x00, 0x00, 0x00, 0x00, 0x0f, 0xcc, 0xb0, 0x0d, 0x00,
    0x00, 0x0d, 0x00, 0x00, 0x0f, 0xcc, 0x90, 0x0d, 0x00, 0x00, 0x0d, 0x00, 0x00, 0x0d, 0x00, 0x00,
    0x0f, 0xcc, 0xb0, 0x00, 0xac, 0x00, 0x05, 0x86, 0x70, 0x00, 0x00, 0x00, 0x0f, 0xcc, 0xb0, 0x0d,
    0x00, 0x00, 0x0d, 0x00, 0x00, 0x0f, 0xcc, 0x90, 0x0d, 0x00, 0x00, 0x0d, 0x00, 0x00, 0x0d, 0x00,
    0x00, 0x0f, 0xcc, 0xb0, 0x03, 0x64, 0x40, 0x00, 0x00, 0x00, 0x0f, 0xcc, 0xb0, 0x0d, 0x00, 0x00,
    0x0d, 0x00, 0x00, 0x0f, 0xcc, 0x90, 0x0d, 0x00, 0x00, 0x0d, 0x00, 0x00, 0x0d, 0x00, 0x00, 0x0f,
    0xcc, 0xb0, 0x6a, 0x00, 0x93, 0x00, 0x06, 0xeb, 0x0c, 0x20, 0xc2, 0x0c, 0x20, 0xc2, 0x0c, 0x20,
    0xc2, 0x6e, 0xb0, 0x03, 0xd0, 0x0a, 0x30, 0x00, 0x00, 0x6e, 0xb0, 0x0c, 0x20, 0x0c, 0x20, 0x0c,
    0x20, 0x0c, 0x20, 0x0c, 0x20, 0x0c, 0x20, 0x6e, 0xb0, 0x1e, 0x70, 0xa3, 0xa2, 0x00, 0x00, 0x6e,
    0xb0, 0x0c, 0x20, 0x0c, 0x20, 0x0c, 0x20, 0x0c, 0x20, 0x0c, 0x20, 0x0c, 0x20, 0x6e, 0xb0, 0x72,
    0x80, 0x00, 0x00, 0x6e, 0xb0, 0x0c, 0x20, 0x0c, 0x20, 0x0c, 0x20, 0x0c, 0x20, 0x0c, 0x20, 0x0c,
    0x20, 0x6e, 0xb0, 0x0e, 0xcd, 0xb3, 0x00, 0xd0, 0x03, 0xd2, 0x0d, 0x00, 0x08, 0x70, 0xd0, 0x00,
    0x5a, 0x8f, 0xc9, 0x05, 0x90, 0xd0, 0x00, 0x87, 0x0d, 0x00, 0x4d, 0x10, 0xec, 0xdb, 0x30, 0x00,
    0x8a, 0x37, 0x00, 0x00, 0x73, 0xc3, 0x00, 0x00, 0x00, 0x00, 0x00, 0x0f, 0x50, 0x03, 0x90, 0x0d,
    0xd1, 0x03, 0x90, 0x0c, 0x99, 0x03, 0x90, 0x0c, 0x1e, 0x43, 0x90, 0x0c, 0x06, 0xd4, 0x90, 0x0c,
    0x00, 0xdb, 0x90, 0x0c, 0x00, 0x4f, 0x90, 0x0c, 0x00, 0x0b, 0x90, 0x00, 0x3d, 0x00, 0x00, 0x00,
    0x06, 0x60, 0x00, 0x00, 0x00, 0x00, 0x00, 0x02, 0xac, 0xd9, 0x00, 0x0c, 0x50, 0x08, 0x90, 0x3c,
    0x00, 0x00, 0xe1, 0x59, 0x00, 0x00, 0xc2, 0x59, 0x00, 0x00, 0xc2, 0x3c, 0x00, 0x01, 0xe1, 0x0c,
    0x50, 0x08, 0x90, 0x02, 0xac, 0xd9, 0x00, 0x00, 0x01, 0xd2, 0x00, 0x00, 0x07, 0x50, 0x00, 0x00,
    0x00, 0x00, 0x00, 0x02, 0xac, 0xd9, 0x00, 0x0c, 0x50, 0x08, 0x90, 0x3c, 0x00, 0x00, 0xe1, 0x59,
    0x00, 0x00, 0xc2, 0x59, 0x00, 0x00, 0xc2, 0x3c, 0x00, 0x01, 0xe1, 0x0c, 0x50, 0x08, 0x90, 0x02,
    0xac, 0xd9, 0x00, 0x00, 0x0c, 0xa0, 0x00, 0x00, 0x76, 0x85, 0x00, 0x00, 0x00, 0x00, 0x00, 0x02,
    0xac, 0xd9, 0x00, 0x0c, 0x50, 0x08, 0x90, 0x3c, 0x00, 0x00, 0xe1, 0x59, 0x00, 0x00, 0xc2, 0x59,
    0x00, 0x00, 0xc2, 0x3c, 0x00, 0x01, 0xe1, 0x0c, 0x50, 0x08, 0x90, 0x02, 0xac, 0xd9, 0x00, 0x00,
    0x7b, 0x48, 0x00, 0x00, 0x72, 0xc4, 0x00, 0x00, 0x00, 0x00, 0x00, 0x02, 0xac, 0xd9, 0x00, 0x0c,
    0x50, 0x08, 0x90, 0x3c, 0x00, 0x00, 0xe1, 0x59, 0x00, 0x00, 0xc2, 0x59, 0x00, 0x00, 0xc2, 0x3c,
    0x00, 0x01, 0xe1, 0x0c, 0x50, 0x08, 0x90, 0x02, 0xac, 0xd9, 0x00, 0x00, 0x44, 0x62, 0x00, 0x00,
    0x00, 0x00, 0x00, 0x02, 0xac, 0xd9, 0x00, 0x0c, 0x50, 0x08, 0x90, 0x3c, 0x00, 0x00, 0xe1, 0x59,
    0x00, 0x00, 0xc2, 0x59, 0x00, 0x00, 0xc2, 0x3c, 0x00, 0x01, 0xe1, 0x0c, 0x50, 0x08, 0x90, 0x02,
    0xac, 0xd9, 0x00, 0x26, 0x00, 0x70, 0x09, 0x6a, 0x50, 0x00, 0xd9, 0x00, 0x0a, 0x59, 0x60, 0x25,
    0x00, 0x60, 0x00, 0x00, 0x00, 0x00, 0x00, 0x00, 0x10, 0x01, 0xac, 0xcb, 0x80, 0x0c, 0x50, 0x1e,
    0x80, 0x3c, 0x00, 0x95, 0xe0, 0x59, 0x04, 0xa0, 0xc2, 0x59, 0x0c, 0x10, 0xc2, 0x3c, 0x86, 0x00,
    0xe1, 0x0c, 0xc0, 0x08, 0x90, 0x0b, 0xbc, 0xd9, 0x00, 0x01, 0x00, 0x00, 0x00, 0x00, 0x69, 0x00,
    0x00, 0x00, 0xa2, 0x00, 0x00, 0x00, 0x00, 0x01, 0xc0, 0x00, 0x76, 0x1c, 0x00, 0x07, 0x61, 0xc0,
    0x00, 0x76, 0x1c, 0x00, 0x07, 0x61, 0xc0, 0x00, 0x76, 0x1d, 0x00, 0x08, 0x50, 0xc3, 0x01, 0xc2,
    0x02, 0xbc, 0xc5, 0x00, 0x00, 0x03, 0xc0, 0x00, 0x00, 0xa2, 0x00, 0x00, 0x00, 0x00, 0x01, 0xc0,
    0x00, 0x76, 0x1c, 0x00, 0x07, 0x61, 0xc0, 0x00, 0x76, 0x1c, 0x00, 0x07, 0x61, 0xc0, 0x00, 0x76,
    0x1d, 0x00, 0x08, 0x50, 0xc3, 0x01, 0xc2, 0x02, 0xbc, 0xc5, 0x00, 0x00, 0x2e, 0x60, 0x00, 0x0a,
    0x3a, 0x20, 0x00, 0x00, 0x00, 0x01, 0xc0, 0x00, 0x76, 0x1c, 0x00, 0x07, 0x61, 0xc0, 0x00, 0x76,
    0x1c, 0x00, 0x07, 0x61, 0xc0, 0x00, 0x76, 0x1d, 0x00, 0x08, 0x50, 0xc3, 0x01, 0xc2, 0x02, 0xbc,
    0xc5, 0x00, 0x00, 0x71, 0x80, 0x00, 0x00, 0x00, 0x00, 0x1c, 0x00, 0x07, 0x61, 0xc0, 0x00, 0x76,
    0x1c, 0x00, 0x07, 0x61, 0xc0, 0x00, 0x76, 0x1c, 0x00, 0x07, 0x61, 0xd0, 0x00, 0x85, 0x0c, 0x30,
    0x1c, 0x20, 0x2b, 0xcc, 0x50, 0x00, 0x1d, 0x10, 0x00, 0x84, 0x00, 0x00, 0x00, 0x00, 0xb4, 0x00,
    0x96, 0x4c, 0x02, 0xd0, 0x0c, 0x4a, 0x70, 0x05, 0xde, 0x10, 0x00, 0xd7, 0x00, 0x00, 0x94, 0x00,
    0x00, 0x94, 0x00, 0x00, 0x94, 0x00, 0x0d, 0x00, 0x00, 0x0f, 0xcc, 0x80, 0x0d, 0x01, 0xb5, 0x0d,
    0x00, 0x68, 0x0d, 0x01, 0xb4, 0x0f, 0xcc, 0x60, 0x0d, 0x00, 0x00, 0x0d, 0x00, 0x00, 0x07, 0xcd,
    0x90, 0x1d, 0x00, 0xc2, 0x2b, 0x04, 0xb0, 0x2b, 0x0d, 0x10, 0x2b, 0x09, 0x90, 0x2b, 0x00, 0x79,
    0x2b, 0x10, 0x2c, 0x2b, 0x5c, 0xc5, 0x04, 0xb0, 0x00, 0x00, 0x84, 0x00, 0x00, 0x00, 0x00, 0x09,
    0xcd, 0x40, 0x01, 0x02, 0xb0, 0x09, 0xcc, 0xc0, 0x69, 0x01, 0xc0, 0x77, 0x06, 0xc0, 0x2c, 0xc7,
    0xb0, 0x00, 0x2d, 0x10, 0x00, 0x84, 0x00, 0x00, 0x00, 0x00, 0x09, 0xcd, 0x40, 0x01, 0x02, 0xb0,
    0x09, 0xcc, 0xc0, 0x69, 0x01, 0xc0, 0x77, 0x06, 0xc0, 0x2c, 0xc7, 0xb0, 0x01, 0xd8, 0x00, 0x08,
    0x49, 0x40, 0x00, 0x00, 0x00, 0x09, 0xcd, 0x40, 0x01, 0x02, 0xb0, 0x09, 0xcc, 0xc0, 0x69, 0x01,
    0xc0, 0x77, 0x06, 0xc0, 0x2c, 0xc7, 0xb0, 0x08, 0xa3, 0x70, 0x07, 0x3c, 0x30, 0x00, 0x00, 0x00,
    0x09, 0xcd, 0x40, 0x01, 0x02, 0xb0, 0x09, 0xcc, 0xc0, 0x69, 0x01, 0xc0, 0x77, 0x06, 0xc0, 0x2c,
    0xc7, 0xb0, 0x06, 0x37, 0x10, 0x00, 0x00, 0x00, 0x09, 0xcd, 0x40, 0x01, 0x02, 0xb0, 0x09, 0xcc,
    0xc0, 0x69, 0x01, 0xc0, 0x77, 0x06, 0xc0, 0x2c, 0xc7, 0xb0, 0x01, 0x96, 0x00, 0x03, 0x59, 0x00,
    0x01, 0x96, 0x00, 0x09, 0xcd, 0x40, 0x01, 0x02, 0xb0, 0x09, 0xcc, 0xc0, 0x69, 0x01, 0xc0, 0x77,
    0x06, 0xc0, 0x2c, 0xc7, 0xb0, 0x0a, 0xcc, 0x6c, 0xc5, 0x00, 0x10, 0x4d, 0x11, 0xd0, 0x09, 0xcd,
    0xec, 0xcd, 0x16, 0x90, 0x4c, 0x00, 0x00, 0x77, 0x08, 0xe2, 0x01, 0x02, 0xcc, 0x74, 0xcc, 0xa0,
    0x07, 0xcd, 0x43, 0xc0, 0x00, 0x68, 0x00, 0x06, 0x80, 0x00, 0x3c, 0x00, 0x00, 0x7d, 0xc4, 0x00,
    0x51, 0x00, 0x03, 0xa0, 0x01, 0xa6, 0x00, 0x03, 0xc0, 0x00, 0x00, 0x75, 0x00, 0x00, 0x00, 0x00,
    0x06, 0xcc, 0x40, 0x2a, 0x01, 0xd0, 0x6d, 0xcc, 0xd2, 0x68, 0x00, 0x00, 0x3d, 0x10, 0x10, 0x06,
    0xdc, 0xa0, 0x00, 0x1d, 0x10, 0x00, 0x84, 0x00, 0x00, 0x00, 0x00, 0x06, 0xcc, 0x40, 0x2a, 0x01,
    0xd0, 0x6d, 0xcc, 0xd2, 0x68, 0x00, 0x00, 0x3d, 0x10, 0x10, 0x06, 0xdc, 0xa0, 0x00, 0xd9, 0x00,
    0x08, 0x59, 0x40, 0x00, 0x00, 0x00, 0x06, 0xcc, 0x40, 0x2a, 0x01, 0xd0, 0x6d, 0xcc, 0xd2, 0x68,
    0x00, 0x00, 0x3d, 0x10, 0x10, 0x06, 0xdc, 0xa0, 0x05, 0x36, 0x20, 0x00, 0x00, 0x00, 0x06, 0xcc,
    0x40, 0x2a, 0x01, 0xd0, 0x6d, 0xcc, 0xd2, 0x68, 0x00, 0x00, 0x3d, 0x10, 0x10, 0x06, 0xdc, 0xa0,
    0x0c, 0x40, 0x02, 0xa0, 0x00, 0x00, 0x02, 0xb0, 0x02, 0xb0, 0x02, 0xb0, 0x02, 0xb0, 0x02, 0xb0,
    0x02, 0xb0, 0x09, 0x72, 0xa0, 0x00, 0x02, 0xb0, 0x2b, 0x02, 0xb0, 0x2b, 0x02, 0xb0, 0x2b, 0x00,
    0x07, 0xe1, 0x2a, 0x3a, 0x00, 0x00, 0x02, 0xb0, 0x02, 0xb0, 0x02, 0xb0, 0x02, 0xb0, 0x02, 0xb0,
    0x02, 0xb0, 0x08, 0x27, 0x00, 0x00, 0x02, 0xb0, 0x02, 0xb0, 0x02, 0xb0, 0x02, 0xb0, 0x02, 0xb0,
    0x02, 0xb0, 0x00, 0x00, 0x00, 0x01, 0xc7, 0x90, 0x02, 0xbd, 0x40, 0x01, 0x22, 0xc0, 0x07, 0xcb,
    0xc4, 0x4b, 0x00, 0xa7, 0x67, 0x00, 0x67, 0x4b, 0x00, 0xa4, 0x07, 0xcc, 0x70, 0x05, 0xc4, 0x80,
    0x07, 0x1b, 0x60, 0x00, 0x00, 0x00, 0x2a, 0xac, 0xa0, 0x2e, 0x10, 0xa4, 0x2c, 0x00, 0x86, 0x2b,
    0x00, 0x86, 0x2b, 0x00, 0x86, 0x2b, 0x00, 0x86, 0x02, 0xd1, 0x00, 0x00, 0x58, 0x00, 0x00, 0x00,
    0x00, 0x06, 0xcc, 0x70, 0x2c, 0x00, 0xb3, 0x68, 0x00, 0x77, 0x68, 0x00, 0x77, 0x2c, 0x00, 0xc3,
    0x06, 0xcc, 0x70, 0x00, 0x0d, 0x30, 0x00, 0x57, 0x00, 0x00, 0x00, 0x00, 0x06, 0xcc, 0x70, 0x2c,
    0x00, 0xb3, 0x68, 0x00, 0x77, 0x68, 0x00, 0x77, 0x2c, 0x00, 0xc3, 0x06, 0xcc, 0x70, 0x00, 0xbb,
    0x00, 0x06, 0x76, 0x70, 0x00, 0x00, 0x00, 0x06, 0xcc, 0x70, 0x2c, 0x00, 0xb3, 0x68, 0x00, 0x77,
    0x68, 0x00, 0x77, 0x2c, 0x00, 0xc3, 0x06, 0xcc, 0x70, 0x05, 0xc4, 0x80, 0x07, 0x1b, 0x60, 0x00,
    0x00, 0x00, 0x06, 0xcc, 0x70, 0x2c, 0x00, 0xb3, 0x68, 0x00, 0x77, 0x68, 0x00, 0x77, 0x2c, 0x00,
    0xc3, 0x06, 0xcc, 0x70, 0x03, 0x55, 0x40, 0x00, 0x00, 0x00, 0x06, 0xcc, 0x70, 0x2c, 0x00, 0xb3,
    0x68, 0x00, 0x77, 0x68, 0x00, 0x77, 0x2c, 0x00, 0xc3, 0x06, 0xcc, 0x70, 0x00, 0x73, 0x00, 0x00,
    0x00, 0x00, 0x6c, 0xcc, 0xc2, 0x00, 0x00, 0x00, 0x00, 0x73, 0x00, 0x00, 0x00, 0x00, 0x00, 0x00,
    0x10, 0x06, 0xcc, 0xc2, 0x2c, 0x06, 0xe3, 0x68, 0x1b, 0x87, 0x67, 0xa3, 0x77, 0x2e, 0x70, 0xc3,
    0x1d, 0xdc, 0x70, 0x01, 0x00, 0x00, 0x01, 0xd1, 0x00, 0x00, 0x48, 0x00, 0x00, 0x00, 0x00, 0x3a,
    0x00, 0x85, 0x3a, 0x00, 0x85, 0x3a, 0x00, 0x85, 0x3a, 0x00, 0x95, 0x2d, 0x01, 0xd5, 0x09, 0xdb,
    0x95, 0x00, 0x0c, 0x40, 0x00, 0x58, 0x00, 0x00, 0x00, 0x00, 0x3a, 0x00, 0x85, 0x3a, 0x00, 0x85,
    0x3a, 0x00, 0x85, 0x3a, 0x00, 0x95, 0x2d, 0x01, 0xd5, 0x09, 0xdb, 0x95, 0x00, 0xac, 0x00, 0x05,
    0x85, 0x70, 0x00, 0x00, 0x00, 0x3a, 0x00, 0x85, 0x3a, 0x00, 0x85, 0x3a, 0x00, 0x85, 0x3a, 0x00,
    0x95, 0x2d, 0x01, 0xd5, 0x09, 0xdb, 0x95, 0x02, 0x64, 0x40, 0x00, 0x00, 0x00, 0x3a, 0x00, 0x85,
    0x3a, 0x00, 0x85, 0x3a, 0x00, 0x85, 0x3a, 0x00, 0x95, 0x2d, 0x01, 0xd5, 0x09, 0xdb, 0x95, 0x00,
    0x5b, 0x00, 0x00, 0xb1, 0x00, 0x00, 0x00, 0x00, 0xc2, 0x01, 0xd0, 0x77, 0x05, 0x90, 0x2b, 0x09,
    0x40, 0x0c, 0x1d, 0x00, 0x07, 0x99, 0x00, 0x02, 0xe5, 0x00, 0x00, 0xd0, 0x00, 0x05, 0x90, 0x00,
    0xbc, 0x20, 0x00, 0x2b, 0x00, 0x00, 0x2b, 0x00, 0x00, 0x2c, 0xac, 0x90, 0x2e, 0x10, 0xa5, 0x2c,
    0x00, 0x58, 0x2c, 0x00, 0x58, 0x2e, 0x10, 0xa5, 0x2c, 0xac, 0x90, 0x2b, 0x00, 0x00, 0x2b, 0x00,
    0x00, 0x2b, 0x00, 0x00, 0x08, 0x08, 0x00, 0x00, 0x00, 0x00, 0xc2, 0x01, 0xd0, 0x77, 0x05, 0x90,
    0x2b, 0x09, 0x40, 0x0c, 0x1d, 0x00, 0x07, 0x99, 0x00, 0x02, 0xe5, 0x00, 0x00, 0xd0, 0x00, 0x05,
    0x90, 0x00, 0xbc, 0x20, 0x00, 0x7c, 0xa0, 0x00, 0x00, 0x00, 0x7c, 0xa0, 0x00, 0x00, 0x00, 0x7c,
    0xcc, 0x70, 0x00, 0x00, 0x00, 0x00, 0x00, 0x7c, 0xcc, 0xcc, 0xcc, 0xc7, 0x00, 0x00, 0x00, 0x00,
    0x00, 0x00, 0x00, 0x00, 0x00, 0x00, 0x38, 0x85, 0xa2, 0x00, 0x00, 0x00, 0x00, 0x00, 0x78, 0x93,
    0x90, 0x00, 0x00, 0x00, 0x00, 0x00, 0x4b, 0x06, 0x60, 0x81, 0x00, 0x38, 0x66, 0x85, 0xb3, 0xa2,
    0xc0, 0x00, 0x00, 0x00, 0x00, 0x00, 0x00, 0x00, 0x00, 0x00, 0x00, 0x78, 0x95, 0x93, 0xc1, 0x90,
    0x90, 0x00, 0x00, 0x00, 0x00, 0x00, 0x00, 0x00, 0x00, 0x00, 0x00, 0x4a, 0x78, 0x66, 0x94, 0x81,
    0x90, 0x1b, 0x80, 0x3f, 0xe0, 0x1d, 0xa0, 0x00, 0x00, 0x00, 0x00, 0x00, 0x00, 0x01, 0x01, 0x00,
    0x10, 0x3c, 0x08, 0x70, 0xd1, 0x00, 0x9c, 0xd5, 0x07, 0x80, 0x11, 0x0c, 0x10, 0x00, 0x8e, 0xbb,
    0x40, 0x8e, 0xbb, 0x00, 0x0c, 0x10, 0x00, 0x07, 0x90, 0x01, 0x00, 0x9c, 0xc4, 0x19, 0x88, 0x91,
    0x17, 0x00, 0x71, 0x17, 0x00, 0x71, 0x17, 0x00, 0x71, 0x17, 0x00, 0x71, 0x17, 0x00, 0x71, 0x17,
    0x00, 0x71, 0x19, 0x88, 0x91,
};

static const lv_font_fmt_txt_glyph_dsc_t rsvp_unicode_10_glyphs[] = {
    {.bitmap_index=0,.adv_w=0,.box_w=0,.box_h=0,.ofs_x=0,.ofs_y=0},
    {.bitmap_index=0,.adv_w=48,.box_w=0,.box_h=0,.ofs_x=0,.ofs_y=0},
    {.bitmap_index=0,.adv_w=48,.box_w=3,.box_h=8,.ofs_x=0,.ofs_y=-2},
    {.bitmap_index=12,.adv_w=96,.box_w=6,.box_h=8,.ofs_x=0,.ofs_y=0},
    {.bitmap_index=36,.adv_w=96,.box_w=6,.box_h=8,.ofs_x=0,.ofs_y=0},
    {.bitmap_index=60,.adv_w=96,.box_w=6,.box_h=7,.ofs_x=0,.ofs_y=0},
    {.bitmap_index=81,.adv_w=96,.box_w=6,.box_h=8,.ofs_x=0,.ofs_y=0},
    {.bitmap_index=105,.adv_w=96,.box_w=6,.box_h=11,.ofs_x=0,.ofs_y=-3},
    {.bitmap_index=138,.adv_w=80,.box_w=5,.box_h=8,.ofs_x=0,.ofs_y=0},
    {.bitmap_index=158,.adv_w=96,.box_w=6,.box_h=8,.ofs_x=0,.ofs_y=0},
    {.bitmap_index=182,.adv_w=128,.box_w=8,.box_h=8,.ofs_x=0,.ofs_y=0},
    {.bitmap_index=214,.adv_w=64,.box_w=4,.box_h=7,.ofs_x=0,.ofs_y=0},
    {.bitmap_index=228,.adv_w=80,.box_w=5,.box_h=5,.ofs_x=0,.ofs_y=0},
    {.bitmap_index=241,.adv_w=96,.box_w=6,.box_h=4,.ofs_x=0,.ofs_y=0},
    {.bitmap_index=253,.adv_w=48,.box_w=3,.box_h=3,.ofs_x=0,.ofs_y=0},
    {.bitmap_index=258,.adv_w=128,.box_w=8,.box_h=8,.ofs_x=0,.ofs_y=0},
    {.bitmap_index=290,.adv_w=80,.box_w=7,.box_h=9,.ofs_x=-1,.ofs_y=0},
    {.bitmap_index=322,.adv_w=64,.box_w=4,.box_h=8,.ofs_x=0,.ofs_y=0},
    {.bitmap_index=338,.adv_w=96,.box_w=6,.box_h=6,.ofs_x=0,.ofs_y=0},
    {.bitmap_index=356,.adv_w=64,.box_w=4,.box_h=9,.ofs_x=0,.ofs_y=0},
    {.bitmap_index=374,.adv_w=64,.box_w=4,.box_h=9,.ofs_x=0,.ofs_y=0},
    {.bitmap_index=392,.adv_w=48,.box_w=3,.box_h=9,.ofs_x=0,.ofs_y=0},
    {.bitmap_index=406,.adv_w=96,.box_w=6,.box_h=9,.ofs_x=0,.ofs_y=-3},
    {.bitmap_index=433,.adv_w=112,.box_w=7,.box_h=10,.ofs_x=0,.ofs_y=-2},
    {.bitmap_index=468,.adv_w=48,.box_w=3,.box_h=5,.ofs_x=0,.ofs_y=0},
    {.bitmap_index=476,.adv_w=32,.box_w=3,.box_h=3,.ofs_x=0,.ofs_y=-3},
    {.bitmap_index=481,.adv_w=64,.box_w=4,.box_h=8,.ofs_x=0,.ofs_y=0},
    {.bitmap_index=497,.adv_w=64,.box_w=4,.box_h=7,.ofs_x=0,.ofs_y=0},
    {.bitmap_index=511,.adv_w=80,.box_w=5,.box_h=5,.ofs_x=0,.ofs_y=0},
    {.bitmap_index=524,.adv_w=112,.box_w=8,.box_h=8,.ofs_x=0,.ofs_y=0},
    {.bitmap_index=556,.adv_w=128,.box_w=8,.box_h=8,.ofs_x=0,.ofs_y=0},
    {.bitmap_index=588,.adv_w=128,.box_w=8,.box_h=8,.ofs_x=0,.ofs_y=0},
    {.bitmap_index=620,.adv_w=64,.box_w=5,.box_h=8,.ofs_x=0,.ofs_y=-3},
    {.bitmap_index=640,.adv_w=96,.box_w=7,.box_h=11,.ofs_x=0,.ofs_y=0},
    {.bitmap_index=679,.adv_w=96,.box_w=7,.box_h=11,.ofs_x=0,.ofs_y=0},
    {.bitmap_index=718,.adv_w=96,.box_w=7,.box_h=11,.ofs_x=0,.ofs_y=0},
    {.bitmap_index=757,.adv_w=96,.box_w=7,.box_h=11,.ofs_x=0,.ofs_y=0},
    {.bitmap_index=796,.adv_w=96,.box_w=7,.box_h=10,.ofs_x=0,.ofs_y=0},
    {.bitmap_index=831,.adv_w=96,.box_w=7,.box_h=10,.ofs_x=0,.ofs_y=0},
    {.bitmap_index=866,.adv_w=144,.box_w=10,.box_h=8,.ofs_x=-1,.ofs_y=0},
    {.bitmap_index=906,.adv_w=96,.box_w=7,.box_h=11,.ofs_x=0,.ofs_y=-3},
    {.bitmap_index=945,.adv_w=96,.box_w=6,.box_h=11,.ofs_x=0,.ofs_y=0},
    {.bitmap_index=978,.adv_w=96,.box_w=6,.box_h=11,.ofs_x=0,.ofs_y=0},
    {.bitmap_index=1011,.adv_w=96,.box_w=6,.box_h=11,.ofs_x=0,.ofs_y=0},
    {.bitmap_index=1044,.adv_w=96,.box_w=6,.box_h=10,.ofs_x=0,.ofs_y=0},
    {.bitmap_index=1074,.adv_w=48,.box_w=3,.box_h=11,.ofs_x=0,.ofs_y=0},
    {.bitmap_index=1091,.adv_w=48,.box_w=4,.box_h=11,.ofs_x=0,.ofs_y=0},
    {.bitmap_index=1113,.adv_w=48,.box_w=4,.box_h=11,.ofs_x=0,.ofs_y=0},
    {.bitmap_index=1135,.adv_w=48,.box_w=4,.box_h=10,.ofs_x=0,.ofs_y=0},
    {.bitmap_index=1155,.adv_w=112,.box_w=7,.box_h=8,.ofs_x=0,.ofs_y=0},
    {.bitmap_index=1183,.adv_w=128,.box_w=8,.box_h=11,.ofs_x=0,.ofs_y=0},
    {.bitmap_index=1227,.adv_w=128,.box_w=8,.box_h=11,.ofs_x=0,.ofs_y=0},
    {.bitmap_index=1271,.adv_w=128,.box_w=8,.box_h=11,.ofs_x=0,.ofs_y=0},
    {.bitmap_index=1315,.adv_w=128,.box_w=8,.box_h=11,.ofs_x=0,.ofs_y=0},
    {.bitmap_index=1359,.adv_w=128,.box_w=8,.box_h=11,.ofs_x=0,.ofs_y=0},
    {.bitmap_index=1403,.adv_w=128,.box_w=8,.box_h=10,.ofs_x=0,.ofs_y=0},
    {.bitmap_index=1443,.adv_w=96,.box_w=6,.box_h=6,.ofs_x=0,.ofs_y=0},
    {.bitmap_index=1461,.adv_w=128,.box_w=8,.box_h=10,.ofs_x=0,.ofs_y=-1},
    {.bitmap_index=1501,.adv_w=112,.box_w=7,.box_h=11,.ofs_x=0,.ofs_y=0},
    {.bitmap_index=1540,.adv_w=112,.box_w=7,.box_h=11,.ofs_x=0,.ofs_y=0},
    {.bitmap_index=1579,.adv_w=112,.box_w=7,.box_h=11,.ofs_x=0,.ofs_y=0},
    {.bitmap_index=1618,.adv_w=112,.box_w=7,.box_h=10,.ofs_x=0,.ofs_y=0},
    {.bitmap_index=1653,.adv_w=96,.box_w=6,.box_h=11,.ofs_x=0,.ofs_y=0},
    {.bitmap_index=1686,.adv_w=96,.box_w=6,.box_h=8,.ofs_x=0,.ofs_y=0},
    {.bitmap_index=1710,.adv_w=96,.box_w=6,.box_h=8,.ofs_x=0,.ofs_y=0},
    {.bitmap_index=1734,.adv_w=96,.box_w=6,.box_h=9,.ofs_x=0,.ofs_y=0},
    {.bitmap_index=1761,.adv_w=96,.box_w=6,.box_h=9,.ofs_x=0,.ofs_y=0},
    {.bitmap_index=1788,.adv_w=96,.box_w=6,.box_h=9,.ofs_x=0,.ofs_y=0},
    {.bitmap_index=1815,.adv_w=96,.box_w=6,.box_h=9,.ofs_x=0,.ofs_y=0},
    {.bitmap_index=1842,.adv_w=96,.box_w=6,.box_h=8,.ofs_x=0,.ofs_y=0},
    {.bitmap_index=1866,.adv_w=96,.box_w=6,.box_h=9,.ofs_x=0,.ofs_y=0},
    {.bitmap_index=1893,.adv_w=144,.box_w=9,.box_h=6,.ofs_x=0,.ofs_y=0},
    {.bitmap_index=1920,.adv_w=80,.box_w=5,.box_h=9,.ofs_x=0,.ofs_y=-3},
    {.bitmap_index=1943,.adv_w=96,.box_w=6,.box_h=9,.ofs_x=0,.ofs_y=0},
    {.bitmap_index=1970,.adv_w=96,.box_w=6,.box_h=9,.ofs_x=0,.ofs_y=0},
    {.bitmap_index=1997,.adv_w=96,.box_w=6,.box_h=9,.ofs_x=0,.ofs_y=0},
    {.bitmap_index=2024,.adv_w=96,.box_w=6,.box_h=8,.ofs_x=0,.ofs_y=0},
    {.bitmap_index=2048,.adv_w=48,.box_w=4,.box_h=9,.ofs_x=-1,.ofs_y=0},
    {.bitmap_index=2066,.adv_w=48,.box_w=3,.box_h=9,.ofs_x=0,.ofs_y=0},
    {.bitmap_index=2080,.adv_w=48,.box_w=4,.box_h=9,.ofs_x=-1,.ofs_y=0},
    {.bitmap_index=2098,.adv_w=48,.box_w=4,.box_h=8,.ofs_x=-1,.ofs_y=0},
    {.bitmap_index=2114,.adv_w=96,.box_w=6,.box_h=9,.ofs_x=0,.ofs_y=0},
    {.bitmap_index=2141,.adv_w=96,.box_w=6,.box_h=9,.ofs_x=0,.ofs_y=0},
    {.bitmap_index=2168,.adv_w=96,.box_w=6,.box_h=9,.ofs_x=0,.ofs_y=0},
    {.bitmap_index=2195,.adv_w=96,.box_w=6,.box_h=9,.ofs_x=0,.ofs_y=0},
    {.bitmap_index=2222,.adv_w=96,.box_w=6,.box_h=9,.ofs_x=0,.ofs_y=0},
    {.bitmap_index=2249,.adv_w=96,.box_w=6,.box_h=9,.ofs_x=0,.ofs_y=0},
    {.bitmap_index=2276,.adv_w=96,.box_w=6,.box_h=8,.ofs_x=0,.ofs_y=0},
    {.bitmap_index=2300,.adv_w=96,.box_w=6,.box_h=6,.ofs_x=0,.ofs_y=0},
    {.bitmap_index=2318,.adv_w=96,.box_w=6,.box_h=8,.ofs_x=0,.ofs_y=-1},
    {.bitmap_index=2342,.adv_w=96,.box_w=6,.box_h=9,.ofs_x=0,.ofs_y=0},
    {.bitmap_index=2369,.adv_w=96,.box_w=6,.box_h=9,.ofs_x=0,.ofs_y=0},
    {.bitmap_index=2396,.adv_w=96,.box_w=6,.box_h=9,.ofs_x=0,.ofs_y=0},
    {.bitmap_index=2423,.adv_w=96,.box_w=6,.box_h=8,.ofs_x=0,.ofs_y=0},
    {.bitmap_index=2447,.adv_w=80,.box_w=6,.box_h=12,.ofs_x=0,.ofs_y=-3},
    {.bitmap_index=2483,.adv_w=96,.box_w=6,.box_h=11,.ofs_x=0,.ofs_y=-3},
    {.bitmap_index=2516,.adv_w=80,.box_w=6,.box_h=11,.ofs_x=0,.ofs_y=-3},
    {.bitmap_index=2549,.adv_w=96,.box_w=0,.box_h=0,.ofs_x=0,.ofs_y=0},
    {.bitmap_index=2549,.adv_w=32,.box_w=0,.box_h=0,.ofs_x=0,.ofs_y=0},
    {.bitmap_index=2549,.adv_w=16,.box_w=0,.box_h=0,.ofs_x=0,.ofs_y=0},
    {.bitmap_index=2549,.adv_w=0,.box_w=0,.box_h=0,.ofs_x=0,.ofs_y=0},
    {.bitmap_index=2549,.adv_w=48,.box_w=3,.box_h=3,.ofs_x=0,.ofs_y=0},
    {.bitmap_index=2554,.adv_w=48,.box_w=3,.box_h=3,.ofs_x=0,.ofs_y=0},
    {.bitmap_index=2559,.adv_w=80,.box_w=5,.box_h=3,.ofs_x=0,.ofs_y=0},
    {.bitmap_index=2567,.adv_w=160,.box_w=10,.box_h=3,.ofs_x=0,.ofs_y=0},
    {.bitmap_index=2582,.adv_w=32,.box_w=2,.box_h=8,.ofs_x=0,.ofs_y=0},
    {.bitmap_index=2590,.adv_w=32,.box_w=2,.box_h=8,.ofs_x=0,.ofs_y=0},
    {.bitmap_index=2598,.adv_w=48,.box_w=3,.box_h=3,.ofs_x=0,.ofs_y=-1},
    {.bitmap_index=2603,.adv_w=64,.box_w=4,.box_h=8,.ofs_x=0,.ofs_y=0},
    {.bitmap_index=2619,.adv_w=64,.box_w=4,.box_h=8,.ofs_x=0,.ofs_y=0},
    {.bitmap_index=2635,.adv_w=64,.box_w=4,.box_h=3,.ofs_x=0,.ofs_y=-1},
    {.bitmap_index=2641,.adv_w=64,.box_w=4,.box_h=6,.ofs_x=0,.ofs_y=0},
    {.bitmap_index=2653,.adv_w=128,.box_w=8,.box_h=2,.ofs_x=0,.ofs_y=0},
    {.bitmap_index=2661,.adv_w=32,.box_w=0,.box_h=0,.ofs_x=0,.ofs_y=0},
    {.bitmap_index=2661,.adv_w=96,.box_w=0,.box_h=0,.ofs_x=0,.ofs_y=0},
    {.bitmap_index=2661,.adv_w=96,.box_w=6,.box_h=8,.ofs_x=0,.ofs_y=0},
    {.bitmap_index=2685,.adv_w=96,.box_w=6,.box_h=8,.ofs_x=0,.ofs_y=0},
};

static const uint16_t rsvp_unicode_10_unicode[] = {
    0x0, 0x1, 0x2, 0x3, 0x4, 0x5, 0x6, 0x7, 0x8, 0x9, 0xa, 0xb,
    0xc, 0xd, 0xe, 0xf, 0x10, 0x11, 0x12, 0x13, 0x14, 0x15, 0x16, 0x17,
    0x18, 0x19, 0x1a, 0x1b, 0x1c, 0x1d, 0x1e, 0x1f, 0x20, 0x21, 0x22, 0x23,
    0x24, 0x25, 0x26, 0x27, 0x28, 0x29, 0x2a, 0x2b, 0x2c, 0x2d, 0x2e, 0x2f,
    0x30, 0x31, 0x32, 0x33, 0x34, 0x35, 0x36, 0x37, 0x38, 0x39, 0x3a, 0x3b,
    0x3c, 0x3d, 0x3e, 0x3f, 0x40, 0x41, 0x42, 0x43, 0x44, 0x45, 0x46, 0x47,
    0x48, 0x49, 0x4a, 0x4b, 0x4c, 0x4d, 0x4e, 0x4f, 0x50, 0x51, 0x52, 0x53,
    0x54, 0x55, 0x56, 0x57, 0x58, 0x59, 0x5a, 0x5b, 0x5c, 0x5d, 0x5e, 0x5f,
    0x1f67, 0x1f69, 0x1f6a, 0x1f6b, 0x1f70, 0x1f71, 0x1f73, 0x1f74, 0x1f78, 0x1f79, 0x1f7a, 0x1f7c,
    0x1f7d, 0x1f7e, 0x1f82, 0x1f86, 0x1f8f, 0x1fc0, 0x200c, 0x2172,
};

static const lv_font_fmt_txt_cmap_t rsvp_unicode_10_cmaps[] = {
    {
        .range_start = 160, .range_length = 8563, .glyph_id_start = 1,
        .unicode_list = rsvp_unicode_10_unicode, .glyph_id_ofs_list = NULL,
        .list_length = 116, .type = LV_FONT_FMT_TXT_CMAP_SPARSE_TINY
    }
};

static const lv_font_fmt_txt_dsc_t rsvp_unicode_10_dsc = {
    .glyph_bitmap = rsvp_unicode_10_bitmap,
    .glyph_dsc = rsvp_unicode_10_glyphs,
    .cmaps = rsvp_unicode_10_cmaps,
    .kern_dsc = NULL,
    .kern_scale = 0,
    .cmap_num = 1,
    .bpp = 4,
    .kern_classes = 0,
    .bitmap_format = 0,
};

const lv_font_t rsvp_unicode_10 = {
    .get_glyph_dsc = lv_font_get_glyph_dsc_fmt_txt,
    .get_glyph_bitmap = lv_font_get_bitmap_fmt_txt,
    .line_height = 12,
    .base_line = 2,
    .subpx = LV_FONT_SUBPX_NONE,
    .underline_position = -1,
    .underline_thickness = 1,
    .dsc = &rsvp_unicode_10_dsc,
    .fallback = &lv_font_montserrat_10,
    .user_data = NULL,
};

/* Unicode extension font 12px generated from Noto Sans Regular 2.004; ASCII falls back to LVGL Montserrat. */
static LV_ATTRIBUTE_LARGE_CONST const uint8_t rsvp_unicode_12_bitmap[] = {
    0x1d, 0x31, 0xb3, 0x00, 0x00, 0xb0, 0x0c, 0x00, 0xd1, 0x0e, 0x10, 0xe2, 0x0f, 0x30, 0xf3, 0x00,
    0x09, 0x40, 0x00, 0x09, 0xee, 0x80, 0x08, 0xb1, 0x12, 0x00, 0xc4, 0x00, 0x00, 0x0d, 0x30, 0x00,
    0x00, 0xc4, 0x00, 0x00, 0x08, 0xb1, 0x02, 0x00, 0x09, 0xee, 0x80, 0x00, 0x09, 0x30, 0x00, 0x00,
    0x8e, 0xeb, 0x00, 0x4d, 0x10, 0x30, 0x06, 0xa0, 0x00, 0x00, 0x69, 0x00, 0x00, 0x8e, 0xfe, 0xe1,
    0x00, 0x69, 0x00, 0x00, 0x07, 0x90, 0x00, 0x00, 0xb5, 0x00, 0x00, 0x9f, 0xee, 0xee, 0x60, 0x02,
    0x00, 0x02, 0x01, 0xdb, 0xea, 0xc0, 0x0a, 0x50, 0x78, 0x00, 0xd0, 0x01, 0xb0, 0x0a, 0x61, 0x78,
    0x01, 0xda, 0xea, 0xc0, 0x01, 0x00, 0x02, 0x00, 0x00, 0x00, 0x00, 0x98, 0x00, 0x0a, 0x62, 0xe1,
    0x03, 0xe1, 0x0a, 0x80, 0xb7, 0x00, 0x3e, 0x5e, 0x10, 0x00, 0xaf, 0x80, 0x00, 0xde, 0xfe, 0xa0,
    0x0d, 0xef, 0xea, 0x00, 0x01, 0xe0, 0x00, 0x00, 0x1e, 0x00, 0x00, 0x00, 0x2b, 0x00, 0x00, 0x02,
    0xb0, 0x00, 0x00, 0x2b, 0x00, 0x00, 0x02, 0xb0, 0x00, 0x00, 0x2b, 0x00, 0x00, 0x00, 0x00, 0x00,
    0x00, 0x00, 0x00, 0x00, 0x00, 0x00, 0x00, 0x00, 0x2b, 0x00, 0x00, 0x02, 0xb0, 0x00, 0x00, 0x2b,
    0x00, 0x00, 0x02, 0xb0, 0x00, 0x00, 0x2b, 0x00, 0x00, 0x07, 0xde, 0xc1, 0x1e, 0x10, 0x30, 0x0d,
    0x81, 0x00, 0x09, 0xbd, 0x70, 0x2c, 0x01, 0xc4, 0x1e, 0x40, 0xa4, 0x03, 0xcc, 0xb0, 0x00, 0x04,
    0xe3, 0x22, 0x01, 0xc4, 0x3d, 0xed, 0x80, 0x01, 0xa0, 0xb1, 0x00, 0x00, 0x00, 0x00, 0x00, 0x00,
    0x00, 0x00, 0x00, 0x00, 0x00, 0x00, 0x00, 0x00, 0x00, 0x00, 0x00, 0x00, 0x00, 0x00, 0x00, 0x00,
    0x00, 0x00, 0x00, 0x00, 0x00, 0x00, 0x00, 0x00, 0x3a, 0xee, 0xa2, 0x00, 0x03, 0xc4, 0x00, 0x5d,
    0x30, 0x0c, 0x24, 0xde, 0x62, 0xc0, 0x38, 0x0d, 0x40, 0x10, 0x93, 0x65, 0x2c, 0x00, 0x00, 0x55,
    0x65, 0x2c, 0x00, 0x00, 0x55, 0x38, 0x0d, 0x30, 0x10, 0x93, 0x0c, 0x24, 0xcd, 0x52, 0xc0, 0x03,
    0xd5, 0x00, 0x5d, 0x30, 0x00, 0x3a, 0xed, 0xa2, 0x00, 0x29, 0xa5, 0x3a, 0x9a, 0x94, 0x2b, 0x5b,
    0x8a, 0x00, 0x00, 0x00, 0x00, 0x00, 0x00, 0x00, 0x00, 0x00, 0x00, 0x00, 0x61, 0x44, 0x07, 0xa2,
    0xd2, 0x4c, 0x1d, 0x40, 0x2d, 0x3a, 0x80, 0x03, 0xc1, 0xc5, 0x00, 0x20, 0x11, 0x6e, 0xee, 0xee,
    0x30, 0x00, 0x00, 0x94, 0x00, 0x00, 0x09, 0x40, 0x00, 0x00, 0x42, 0x00, 0x00, 0x00, 0x00, 0x7e,
    0xe5, 0x00, 0x00, 0x00, 0x00, 0x00, 0x00, 0x00, 0x3a, 0xee, 0xa2, 0x00, 0x03, 0xc4, 0x00, 0x5d,
    0x30, 0x0c, 0x2a, 0xed, 0x42, 0xc0, 0x38, 0x0a, 0x44, 0xb0, 0x93, 0x65, 0x0a, 0x45, 0xa0, 0x55,
    0x65, 0x0a, 0xef, 0x20, 0x55, 0x38, 0x0a, 0x4a, 0x50, 0x93, 0x0c, 0x29, 0x42, 0xc3, 0xc0, 0x03,
    0xd5, 0x00, 0x5d, 0x30, 0x00, 0x3a, 0xed, 0xa2, 0x00, 0x0e, 0xee, 0xee, 0xe0, 0x00, 0x00, 0x00,
    0x00, 0x00, 0x00, 0x00, 0x00, 0x00, 0x00, 0x00, 0x00, 0x00, 0x00, 0x00, 0x00, 0x00, 0x00, 0x00,
    0x00, 0x00, 0x00, 0x00, 0x00, 0x00, 0x00, 0x00, 0x00, 0x00, 0x00, 0x00, 0x00, 0x00, 0x00, 0x00,
    0x00, 0x00, 0x00, 0x00, 0x00, 0x09, 0xea, 0x04, 0x90, 0x76, 0x49, 0x07, 0x60, 0x9e, 0xa0, 0x00,
    0x00, 0x00, 0x00, 0x00, 0x00, 0x00, 0x00, 0x00, 0x00, 0x00, 0x00, 0x00, 0x00, 0x0d, 0x00, 0x00,
    0x00, 0xd0, 0x00, 0x00, 0x0d, 0x00, 0x06, 0xee, 0xfe, 0xe3, 0x00, 0x0d, 0x00, 0x00, 0x00, 0xd0,
    0x00, 0x00, 0x00, 0x00, 0x06, 0xee, 0xee, 0xe3, 0x4b, 0xb3, 0x21, 0x4a, 0x00, 0x67, 0x03, 0xb0,
    0x2b, 0x10, 0x9c, 0xb8, 0x00, 0x00, 0x00, 0x00, 0x00, 0x00, 0x00, 0x00, 0x00, 0x00, 0x5b, 0xb3,
    0x31, 0x4a, 0x00, 0x59, 0x0b, 0xe3, 0x10, 0x2c, 0x8b, 0xb5, 0x00, 0x00, 0x00, 0x00, 0x00, 0x00,
    0x00, 0x00, 0x00, 0x00, 0x0a, 0x94, 0xa0, 0x00, 0x00, 0x00, 0x00, 0x00, 0x00, 0x00, 0x00, 0x00,
    0x00, 0x00, 0x00, 0x0f, 0x10, 0x09, 0x70, 0xf1, 0x00, 0x97, 0x0f, 0x10, 0x09, 0x70, 0xf1, 0x00,
    0x97, 0x0f, 0x10, 0x0b, 0x70, 0xf6, 0x03, 0xf7, 0x0f, 0xbe, 0xb8, 0x70, 0xf1, 0x00, 0x00, 0x0f,
    0x10, 0x00, 0x00, 0xf1, 0x00, 0x00, 0x05, 0xdf, 0xfe, 0x90, 0x1f, 0xff, 0xa2, 0x90, 0x4f, 0xff,
    0xa2, 0x90, 0x5f, 0xff, 0xa2, 0x90, 0x3f, 0xff, 0xa2, 0x90, 0x0c, 0xff, 0xa2, 0x90, 0x01, 0x67,
    0xa2, 0x90, 0x00, 0x00, 0xa2, 0x90, 0x00, 0x00, 0xa2, 0x90, 0x00, 0x00, 0xa2, 0x90, 0x00, 0x00,
    0xa2, 0x90, 0x00, 0x00, 0x41, 0x40, 0x1b, 0x31, 0xd3, 0x00, 0x00, 0x00, 0x00, 0x00, 0x00, 0x02,
    0x03, 0xb1, 0x07, 0x79, 0xa2, 0x1a, 0xd0, 0x43, 0xd0, 0x00, 0xd0, 0x00, 0xd0, 0x00, 0xd0, 0x00,
    0x00, 0x00, 0x00, 0x00, 0x00, 0x00, 0x00, 0x00, 0x00, 0x1a, 0xa7, 0x07, 0x40, 0xb0, 0x92, 0x0a,
    0x26, 0x50, 0xb0, 0x19, 0xa4, 0x00, 0x00, 0x00, 0x00, 0x00, 0x00, 0x00, 0x00, 0x00, 0x00, 0x00,
    0x35, 0x07, 0x00, 0x1d, 0x38, 0x80, 0x03, 0xd1, 0xb6, 0x06, 0xb2, 0xd3, 0x3c, 0x1c, 0x50, 0x12,
    0x02, 0x00, 0x2a, 0xd0, 0x00, 0x85, 0x03, 0x2d, 0x00, 0x2b, 0x00, 0x00, 0xd0, 0x0a, 0x30, 0x00,
    0x0d, 0x04, 0x92, 0xe1, 0x00, 0xd0, 0xc1, 0x9f, 0x10, 0x0d, 0x77, 0x3b, 0xc1, 0x00, 0x1c, 0x0b,
    0x2c, 0x10, 0x09, 0x42, 0xdc, 0xea, 0x03, 0xa0, 0x00, 0x0c, 0x10, 0x2b, 0xb0, 0x00, 0xc1, 0x04,
    0x4b, 0x00, 0x76, 0x00, 0x02, 0xb0, 0x2c, 0x00, 0x00, 0x2b, 0x0a, 0x6c, 0xd4, 0x02, 0xb4, 0xa2,
    0x24, 0xa0, 0x00, 0xc2, 0x00, 0x57, 0x00, 0x67, 0x00, 0x2a, 0x00, 0x1c, 0x00, 0x2b, 0x10, 0x08,
    0x50, 0x09, 0xee, 0xa0, 0x5b, 0xc4, 0x00, 0x1b, 0x00, 0x10, 0x59, 0x00, 0x85, 0x00, 0x1e, 0xf3,
    0x02, 0xb0, 0x00, 0x00, 0x4b, 0x0b, 0x39, 0x80, 0x40, 0x3b, 0x59, 0x3f, 0x80, 0x8c, 0xb3, 0xc1,
    0xb9, 0x80, 0x00, 0x07, 0x65, 0x86, 0x80, 0x00, 0x2c, 0x09, 0xcd, 0xd3, 0x00, 0xa3, 0x00, 0x06,
    0x80, 0x00, 0x89, 0x00, 0x00, 0x78, 0x00, 0x00, 0x12, 0x00, 0x00, 0x67, 0x00, 0x03, 0xd2, 0x00,
    0x3d, 0x30, 0x00, 0x96, 0x00, 0x00, 0x98, 0x01, 0x40, 0x2b, 0xed, 0x90, 0x00, 0x7c, 0x00, 0x00,
    0x00, 0x09, 0x60, 0x00, 0x00, 0x00, 0x00, 0x00, 0x00, 0x0d, 0x70, 0x00, 0x00, 0x3c, 0xd0, 0x00,
    0x00, 0x96, 0xc4, 0x00, 0x00, 0xe1, 0x69, 0x00, 0x05, 0xa0, 0x1e, 0x10, 0x0b, 0xee, 0xef, 0x50,
    0x1e, 0x21, 0x16, 0xb0, 0x79, 0x00, 0x01, 0xe2, 0xc4, 0x00, 0x00, 0x97, 0x00, 0x01, 0xe3, 0x00,
    0x00, 0x0a, 0x50, 0x00, 0x00, 0x00, 0x00, 0x00, 0x00, 0x0d, 0x70, 0x00, 0x00, 0x3c, 0xd0, 0x00,
    0x00, 0x96, 0xc4, 0x00, 0x00, 0xe1, 0x69, 0x00, 0x05, 0xa0, 0x1e, 0x10, 0x0b, 0xee, 0xef, 0x50,
    0x1e, 0x21, 0x16, 0xb0, 0x79, 0x00, 0x01, 0xe2, 0xc4, 0x00, 0x00, 0x97, 0x00, 0x2e, 0xb0, 0x00,
    0x01, 0xb3, 0x88, 0x00, 0x00, 0x00, 0x00, 0x00, 0x00, 0x0d, 0x70, 0x00, 0x00, 0x3c, 0xd0, 0x00,
    0x00, 0x96, 0xc4, 0x00, 0x00, 0xe1, 0x69, 0x00, 0x05, 0xa0, 0x1e, 0x10, 0x0b, 0xee, 0xef, 0x50,
    0x1e, 0x21, 0x16, 0xb0, 0x79, 0x00, 0x01, 0xe2, 0xc4, 0x00, 0x00, 0x97, 0x01, 0xcb, 0x3a, 0x00,
    0x04, 0x64, 0xd7, 0x00, 0x00, 0x00, 0x00, 0x00, 0x00, 0x0d, 0x70, 0x00, 0x00, 0x3c, 0xd0, 0x00,
    0x00, 0x96, 0xc4, 0x00, 0x00, 0xe1, 0x69, 0x00, 0x05, 0xa0, 0x1e, 0x10, 0x0b, 0xee, 0xef, 0x50,
    0x1e, 0x21, 0x16, 0xb0, 0x79, 0x00, 0x01, 0xe2, 0xc4, 0x00, 0x00, 0x97, 0x00, 0xa2, 0x65, 0x00,
    0x00, 0x00, 0x00, 0x00, 0x00, 0x0d, 0x70, 0x00, 0x00, 0x3c, 0xd0, 0x00, 0x00, 0x96, 0xc4, 0x00,
    0x00, 0xe1, 0x69, 0x00, 0x05, 0xa0, 0x1e, 0x10, 0x0b, 0xee, 0xef, 0x50, 0x1e, 0x21, 0x16, 0xb0,
    0x79, 0x00, 0x01, 0xe2, 0xc4, 0x00, 0x00, 0x97, 0x00, 0x3d, 0xa0, 0x00, 0x00, 0x74, 0xa1, 0x00,
    0x00, 0x3d, 0xa0, 0x00, 0x00, 0x0d, 0x70, 0x00, 0x00, 0x3c, 0xd0, 0x00, 0x00, 0x96, 0xc4, 0x00,
    0x00, 0xe1, 0x69, 0x00, 0x05, 0xa0, 0x1e, 0x10, 0x0b, 0xee, 0xef, 0x50, 0x1e, 0x21, 0x16, 0xb0,
    0x79, 0x00, 0x01, 0xe2, 0xc4, 0x00, 0x00, 0x97, 0x00, 0x00, 0x3f, 0xfe, 0xee, 0xc0, 0x00, 0x00,
    0x96, 0x97, 0x00, 0x00, 0x00, 0x01, 0xe1, 0x97, 0x00, 0x00, 0x00, 0x08, 0x80, 0x97, 0x00, 0x00,
    0x00, 0x1e, 0x10, 0x9e, 0xee, 0x90, 0x00, 0x7f, 0xee, 0xf7, 0x00, 0x00, 0x00, 0xd2, 0x00, 0x97,
    0x00, 0x00, 0x05, 0xb0, 0x00, 0x97, 0x00, 0x00, 0x0c, 0x50, 0x00, 0x9e, 0xee, 0xc0, 0x00, 0x5c,
    0xee, 0xb1, 0x05, 0xe4, 0x01, 0x50, 0x0d, 0x50, 0x00, 0x00, 0x2f, 0x00, 0x00, 0x00, 0x4e, 0x00,
    0x00, 0x00, 0x3f, 0x00, 0x00, 0x00, 0x0e, 0x50, 0x00, 0x00, 0x07, 0xd4, 0x00, 0x20, 0x00, 0x6d,
    0xfe, 0xa0, 0x00, 0x01, 0xc1, 0x00, 0x00, 0x00, 0x59, 0x00, 0x00, 0x07, 0xb3, 0x00, 0x00, 0x99,
    0x00, 0x00, 0x00, 0xa4, 0x00, 0x00, 0x00, 0x00, 0x00, 0xde, 0xee, 0xd0, 0x0d, 0x40, 0x00, 0x00,
    0xd4, 0x00, 0x00, 0x0d, 0x40, 0x00, 0x00, 0xde, 0xee, 0xa0, 0x0d, 0x40, 0x00, 0x00, 0xd4, 0x00,
    0x00, 0x0d, 0x40, 0x00, 0x00, 0xde, 0xee, 0xd0, 0x00, 0x03, 0xe2, 0x00, 0x00, 0xb3, 0x00, 0x00,
    0x00, 0x00, 0x00, 0xde, 0xee, 0xd0, 0x0d, 0x40, 0x00, 0x00, 0xd4, 0x00, 0x00, 0x0d, 0x40, 0x00,
    0x00, 0xde, 0xee, 0xa0, 0x0d, 0x40, 0x00, 0x00, 0xd4, 0x00, 0x00, 0x0d, 0x40, 0x00, 0x00, 0xde,
    0xee, 0xd0, 0x00, 0x4f, 0x80, 0x00, 0x2b, 0x29, 0x60, 0x00, 0x00, 0x00, 0x00, 0xde, 0xee, 0xd0,
    0x0d, 0x40, 0x00, 0x00, 0xd4, 0x00, 0x00, 0x0d, 0x40, 0x00, 0x00, 0xde, 0xee, 0xa0, 0x0d, 0x40,
    0x00, 0x00, 0xd4, 0x00, 0x00, 0x0d, 0x40, 0x00, 0x00, 0xde, 0xee, 0xd0, 0x00, 0xb0, 0x83, 0x00,
    0x00, 0x00, 0x00, 0x0d, 0xee, 0xed, 0x00, 0xd4, 0x00, 0x00, 0x0d, 0x40, 0x00, 0x00, 0xd4, 0x00,
    0x00, 0x0d, 0xee, 0xea, 0x00, 0xd4, 0x00, 0x00, 0x0d, 0x40, 0x00, 0x00, 0xd4, 0x00, 0x00, 0x0d,
    0xee, 0xed, 0x00, 0x4e, 0x10, 0x05, 0x90, 0x00, 0x00, 0x5e, 0xe6, 0x08, 0x80, 0x08, 0x80, 0x08,
    0x80, 0x08, 0x80, 0x08, 0x80, 0x08, 0x80, 0x08, 0x80, 0x5e, 0xe6, 0x00, 0xc6, 0x07, 0x80, 0x00,
    0x00, 0x5e, 0xe6, 0x08, 0x80, 0x08, 0x80, 0x08, 0x80, 0x08, 0x80, 0x08, 0x80, 0x08, 0x80, 0x08,
    0x80, 0x5e, 0xe6, 0x0c, 0xd1, 0x09, 0x65, 0xa0, 0x00, 0x00, 0x05, 0xee, 0x60, 0x08, 0x80, 0x00,
    0x88, 0x00, 0x08, 0x80, 0x00, 0x88, 0x00, 0x08, 0x80, 0x00, 0x88, 0x00, 0x08, 0x80, 0x05, 0xee,
    0x60, 0x75, 0x48, 0x00, 0x00, 0x5e, 0xe6, 0x08, 0x80, 0x08, 0x80, 0x08, 0x80, 0x08, 0x80, 0x08,
    0x80, 0x08, 0x80, 0x08, 0x80, 0x5e, 0xe6, 0x0b, 0xee, 0xea, 0x30, 0x00, 0xb5, 0x01, 0x7e, 0x30,
    0x0b, 0x50, 0x00, 0x8a, 0x00, 0xb5, 0x00, 0x04, 0xe0, 0x9f, 0xee, 0x60, 0x2f, 0x00, 0xb5, 0x00,
    0x04, 0xe0, 0x0b, 0x50, 0x00, 0x9a, 0x00, 0xb5, 0x01, 0x8e, 0x20, 0x0b, 0xee, 0xea, 0x20, 0x00,
    0x00, 0x3d, 0x93, 0x90, 0x00, 0x08, 0x27, 0xd4, 0x00, 0x00, 0x00, 0x00, 0x00, 0x00, 0xdb, 0x00,
    0x01, 0xe0, 0x0d, 0xe6, 0x00, 0x1e, 0x00, 0xd6, 0xe1, 0x01, 0xe0, 0x0d, 0x2a, 0xa0, 0x1e, 0x00,
    0xd2, 0x2e, 0x51, 0xe0, 0x0d, 0x20, 0x7d, 0x1e, 0x00, 0xd2, 0x00, 0xc9, 0xe0, 0x0d, 0x20, 0x03,
    0xfe, 0x00, 0xd2, 0x00, 0x09, 0xe0, 0x00, 0x09, 0xa0, 0x00, 0x00, 0x00, 0x0a, 0x40, 0x00, 0x00,
    0x00, 0x00, 0x00, 0x00, 0x06, 0xce, 0xe9, 0x10, 0x07, 0xd3, 0x01, 0x9c, 0x00, 0xe4, 0x00, 0x00,
    0xd4, 0x3f, 0x00, 0x00, 0x09, 0x84, 0xe0, 0x00, 0x00, 0x89, 0x3f, 0x00, 0x00, 0x09, 0x80, 0xe4,
    0x00, 0x00, 0xd4, 0x07, 0xd3, 0x01, 0x9c, 0x00, 0x06, 0xce, 0xe9, 0x10, 0x00, 0x00, 0x3e, 0x20,
    0x00, 0x00, 0x0b, 0x40, 0x00, 0x00, 0x00, 0x00, 0x00, 0x00, 0x06, 0xce, 0xe9, 0x10, 0x07, 0xd3,
    0x01, 0x9c, 0x00, 0xe4, 0x00, 0x00, 0xd4, 0x3f, 0x00, 0x00, 0x09, 0x84, 0xe0, 0x00, 0x00, 0x89,
    0x3f, 0x00, 0x00, 0x09, 0x80, 0xe4, 0x00, 0x00, 0xd4, 0x07, 0xd3, 0x01, 0x9c, 0x00, 0x06, 0xce,
    0xe9, 0x10, 0x00, 0x03, 0xe9, 0x00, 0x00, 0x01, 0xb2, 0x96, 0x00, 0x00, 0x00, 0x00, 0x00, 0x00,
    0x06, 0xce, 0xe9, 0x10, 0x07, 0xd3, 0x01, 0x9c, 0x00, 0xe4, 0x00, 0x00, 0xd4, 0x3f, 0x00, 0x00,
    0x09, 0x84, 0xe0, 0x00, 0x00, 0x89, 0x3f, 0x00, 0x00, 0x09, 0x80, 0xe4, 0x00, 0x00, 0xd4, 0x07,
    0xd3, 0x01, 0x9c, 0x00, 0x06, 0xce, 0xe9, 0x10, 0x00, 0x2d, 0xa2, 0xa0, 0x00, 0x06, 0x46, 0xd5,
    0x00, 0x00, 0x00, 0x00, 0x00, 0x00, 0x06, 0xce, 0xe9, 0x10, 0x07, 0xd3, 0x01, 0x9c, 0x00, 0xe4,
    0x00, 0x00, 0xd4, 0x3f, 0x00, 0x00, 0x09, 0x84, 0xe0, 0x00, 0x00, 0x89, 0x3f, 0x00, 0x00, 0x09,
    0x80, 0xe4, 0x00, 0x00, 0xd4, 0x07, 0xd3, 0x01, 0x9c, 0x00, 0x06, 0xce, 0xe9, 0x10, 0x00, 0x0b,
    0x18, 0x30, 0x00, 0x00, 0x00, 0x00, 0x00, 0x00, 0x6c, 0xee, 0x91, 0x00, 0x7d, 0x30, 0x19, 0xc0,
    0x0e, 0x40, 0x00, 0x0d, 0x43, 0xf0, 0x00, 0x00, 0x98, 0x4e, 0x00, 0x00, 0x08, 0x93, 0xf0, 0x00,
    0x00, 0x98, 0x0e, 0x40, 0x00, 0x0d, 0x40, 0x7d, 0x30, 0x19, 0xc0, 0x00, 0x6c, 0xee, 0x91, 0x00,
    0x19, 0x10, 0x19, 0x00, 0x7b, 0x2c, 0x50, 0x00, 0x8f, 0x50, 0x00, 0x1c, 0xab, 0x00, 0x1c, 0x50,
    0x7b, 0x00, 0x30, 0x00, 0x30, 0x00, 0x00, 0x00, 0x00, 0x00, 0x00, 0x00, 0x01, 0x00, 0x06, 0xce,
    0xd9, 0xd0, 0x07, 0xd3, 0x01, 0xec, 0x00, 0xe4, 0x00, 0x79, 0xe4, 0x3f, 0x00, 0x3c, 0x19, 0x84,
    0xe0, 0x0c, 0x30, 0x89, 0x3e, 0x08, 0x80, 0x09, 0x80, 0xe8, 0xc0, 0x00, 0xd4, 0x07, 0xf5, 0x01,
    0x9c, 0x00, 0x9a, 0xde, 0xe9, 0x10, 0x01, 0x00, 0x00, 0x00, 0x00, 0x00, 0x1d, 0x50, 0x00, 0x00,
    0x00, 0x2c, 0x10, 0x00, 0x00, 0x00, 0x00, 0x00, 0x00, 0xe2, 0x00, 0x06, 0xa0, 0x0e, 0x20, 0x00,
    0x6a, 0x00, 0xe2, 0x00, 0x06, 0xa0, 0x0e, 0x20, 0x00, 0x6a, 0x00, 0xe2, 0x00, 0x06, 0xa0, 0x0e,
    0x20, 0x00, 0x6a, 0x00, 0xc4, 0x00, 0x08, 0x90, 0x07, 0xc2, 0x03, 0xe3, 0x00, 0x07, 0xde, 0xc5,
    0x00, 0x00, 0x00, 0x7b, 0x00, 0x00, 0x00, 0x2c, 0x10, 0x00, 0x00, 0x00, 0x00, 0x00, 0x00, 0xe2,
    0x00, 0x06, 0xa0, 0x0e, 0x20, 0x00, 0x6a, 0x00, 0xe2, 0x00, 0x06, 0xa0, 0x0e, 0x20, 0x00, 0x6a,
    0x00, 0xe2, 0x00, 0x06, 0xa0, 0x0e, 0x20, 0x00, 0x6a, 0x00, 0xc4, 0x00, 0x08, 0x90, 0x07, 0xc2,
    0x03, 0xe3, 0x00, 0x07, 0xde, 0xc5, 0x00, 0x00, 0x07, 0xf4, 0x00, 0x00, 0x04, 0xa2, 0xb2, 0x00,
    0x00, 0x00, 0x00, 0x00, 0x00, 0xe2, 0x00, 0x06, 0xa0, 0x0e, 0x20, 0x00, 0x6a, 0x00, 0xe2, 0x00,
    0x06, 0xa0, 0x0e, 0x20, 0x00, 0x6a, 0x00, 0xe2, 0x00, 0x06, 0xa0, 0x0e, 0x20, 0x00, 0x6a, 0x00,
    0xc4, 0x00, 0x08, 0x90, 0x07, 0xc2, 0x03, 0xe3, 0x00, 0x07, 0xde, 0xc5, 0x00, 0x00, 0x29, 0x0b,
    0x00, 0x00, 0x00, 0x00, 0x00, 0x00, 0x0e, 0x20, 0x00, 0x6a, 0x00, 0xe2, 0x00, 0x06, 0xa0, 0x0e,
    0x20, 0x00, 0x6a, 0x00, 0xe2, 0x00, 0x06, 0xa0, 0x0e, 0x20, 0x00, 0x6a, 0x00, 0xe2, 0x00, 0x06,
    0xa0, 0x0c, 0x40, 0x00, 0x89, 0x00, 0x7c, 0x20, 0x3e, 0x30, 0x00, 0x7d, 0xec, 0x50, 0x00, 0x00,
    0x07, 0xc0, 0x00, 0x02, 0xc1, 0x00, 0x00, 0x00, 0x00, 0x0b, 0x70, 0x00, 0xa8, 0x3e, 0x10, 0x3e,
    0x10, 0xb7, 0x0b, 0x70, 0x03, 0xe5, 0xe1, 0x00, 0x0a, 0xf7, 0x00, 0x00, 0x3f, 0x10, 0x00, 0x02,
    0xe0, 0x00, 0x00, 0x2e, 0x00, 0x00, 0x02, 0xe0, 0x00, 0x0d, 0x40, 0x00, 0x00, 0xde, 0xec, 0x60,
    0x0d, 0x40, 0x3d, 0x50, 0xd4, 0x00, 0x89, 0x0d, 0x40, 0x08, 0x80, 0xd4, 0x04, 0xe3, 0x0d, 0xee,
    0xc5, 0x00, 0xd4, 0x00, 0x00, 0x0d, 0x40, 0x00, 0x00, 0x03, 0xce, 0xd7, 0x00, 0x0d, 0x60, 0x2e,
    0x30, 0x0f, 0x10, 0x1e, 0x20, 0x0f, 0x11, 0xc6, 0x00, 0x0f, 0x16, 0xa0, 0x00, 0x0f, 0x12, 0xe6,
    0x00, 0x0f, 0x10, 0x3d, 0x70, 0x0f, 0x10, 0x02, 0xe0, 0x0f, 0x13, 0x03, 0xe0, 0x0f, 0x1b, 0xed,
    0x50, 0x01, 0xd5, 0x00, 0x00, 0x02, 0xc1, 0x00, 0x00, 0x00, 0x00, 0x00, 0x6d, 0xec, 0x20, 0x03,
    0x20, 0x8a, 0x00, 0x00, 0x04, 0xb0, 0x07, 0xde, 0xec, 0x05, 0xd2, 0x05, 0xc0, 0x6c, 0x01, 0xac,
    0x01, 0xbe, 0xd5, 0xc0, 0x00, 0x07, 0xb0, 0x00, 0x02, 0xc1, 0x00, 0x00, 0x00, 0x00, 0x00, 0x6d,
    0xec, 0x20, 0x03, 0x20, 0x8a, 0x00, 0x00, 0x04, 0xb0, 0x07, 0xde, 0xec, 0x05, 0xd2, 0x05, 0xc0,
    0x6c, 0x01, 0xac, 0x01, 0xbe, 0xd5, 0xc0, 0x00, 0x8f, 0x40, 0x00, 0x5a, 0x2b, 0x20, 0x00, 0x00,
    0x00, 0x00, 0x6d, 0xec, 0x20, 0x03, 0x20, 0x8a, 0x00, 0x00, 0x04, 0xb0, 0x07, 0xde, 0xec, 0x05,
    0xd2, 0x05, 0xc0, 0x6c, 0x01, 0xac, 0x01, 0xbe, 0xd5, 0xc0, 0x05, 0xd7, 0x47, 0x00, 0x91, 0x9d,
    0x20, 0x00, 0x00, 0x00, 0x00, 0x6d, 0xec, 0x20, 0x03, 0x20, 0x8a, 0x00, 0x00, 0x04, 0xb0, 0x07,
    0xde, 0xec, 0x05, 0xd2, 0x05, 0xc0, 0x6c, 0x01, 0xac, 0x01, 0xbe, 0xd5, 0xc0, 0x03, 0x90, 0xb0,
    0x00, 0x00, 0x00, 0x00, 0x06, 0xde, 0xc2, 0x00, 0x32, 0x08, 0xa0, 0x00, 0x00, 0x4b, 0x00, 0x7d,
    0xee, 0xc0, 0x5d, 0x20, 0x5c, 0x06, 0xc0, 0x1a, 0xc0, 0x1b, 0xed, 0x5c, 0x00, 0x00, 0x8e, 0x50,
    0x00, 0x0b, 0x2a, 0x00, 0x00, 0x8e, 0x50, 0x00, 0x00, 0x00, 0x00, 0x06, 0xde, 0xc2, 0x00, 0x32,
    0x08, 0xa0, 0x00, 0x00, 0x4b, 0x00, 0x7d, 0xee, 0xc0, 0x5d, 0x20, 0x5c, 0x06, 0xc0, 0x1a, 0xc0,
    0x1b, 0xed, 0x5c, 0x00, 0x08, 0xde, 0xa3, 0xde, 0x90, 0x04, 0x10, 0xbf, 0x30, 0xb6, 0x00, 0x00,
    0x7b, 0x00, 0x6a, 0x08, 0xde, 0xef, 0xee, 0xeb, 0x5d, 0x20, 0x7b, 0x00, 0x00, 0x6b, 0x01, 0xce,
    0x30, 0x12, 0x1b, 0xed, 0x44, 0xde, 0xd5, 0x03, 0xbe, 0xd3, 0x0d, 0x60, 0x10, 0x4d, 0x00, 0x00,
    0x5c, 0x00, 0x00, 0x4d, 0x00, 0x00, 0x0d, 0x60, 0x11, 0x03, 0xcf, 0xd3, 0x00, 0x2c, 0x10, 0x00,
    0x07, 0x80, 0x00, 0x8b, 0x30, 0x00, 0xc6, 0x00, 0x00, 0x02, 0xc1, 0x00, 0x00, 0x00, 0x00, 0x00,
    0x2c, 0xec, 0x20, 0x0d, 0x60, 0x6c, 0x03, 0xd0, 0x00, 0xf1, 0x5f, 0xee, 0xee, 0x24, 0xd0, 0x00,
    0x00, 0x0d, 0x60, 0x02, 0x00, 0x2b, 0xee, 0xa0, 0x00, 0x07, 0xc0, 0x00, 0x02, 0xc1, 0x00, 0x00,
    0x00, 0x00, 0x00, 0x2c, 0xec, 0x20, 0x0d, 0x60, 0x6c, 0x03, 0xd0, 0x00, 0xf1, 0x5f, 0xee, 0xee,
    0x24, 0xd0, 0x00, 0x00, 0x0d, 0x60, 0x02, 0x00, 0x2b, 0xee, 0xa0, 0x00, 0x7f, 0x50, 0x00, 0x4a,
    0x2b, 0x30, 0x00, 0x00, 0x00, 0x00, 0x2c, 0xec, 0x20, 0x0d, 0x60, 0x6c, 0x03, 0xd0, 0x00, 0xf1,
    0x5f, 0xee, 0xee, 0x24, 0xd0, 0x00, 0x00, 0x0d, 0x60, 0x02, 0x00, 0x2b, 0xee, 0xa0, 0x02, 0x90,
    0xb0, 0x00, 0x00, 0x00, 0x00, 0x02, 0xce, 0xc2, 0x00, 0xd6, 0x06, 0xc0, 0x3d, 0x00, 0x0f, 0x15,
    0xfe, 0xee, 0xe2, 0x4d, 0x00, 0x00, 0x00, 0xd6, 0x00, 0x20, 0x02, 0xbe, 0xea, 0x00, 0x0b, 0x80,
    0x01, 0xb2, 0x00, 0x00, 0x00, 0xf1, 0x00, 0xf1, 0x00, 0xf1, 0x00, 0xf1, 0x00, 0xf1, 0x00, 0xf1,
    0x00, 0xf1, 0x05, 0xd1, 0x1c, 0x20, 0x00, 0x00, 0x0f, 0x10, 0x0f, 0x10, 0x0f, 0x10, 0x0f, 0x10,
    0x0f, 0x10, 0x0f, 0x10, 0x0f, 0x10, 0x05, 0xf7, 0x03, 0xb2, 0xa4, 0x00, 0x00, 0x00, 0x0f, 0x10,
    0x00, 0xf1, 0x00, 0x0f, 0x10, 0x00, 0xf1, 0x00, 0x0f, 0x10, 0x00, 0xf1, 0x00, 0x0f, 0x10, 0x1b,
    0x0a, 0x10, 0x00, 0x00, 0x00, 0xf1, 0x00, 0x0f, 0x10, 0x00, 0xf1, 0x00, 0x0f, 0x10, 0x00, 0xf1,
    0x00, 0x0f, 0x10, 0x00, 0xf1, 0x00, 0x00, 0x53, 0x16, 0x00, 0x04, 0xed, 0x50, 0x00, 0xc8, 0xd5,
    0x00, 0x01, 0x03, 0xd0, 0x03, 0xce, 0xbd, 0x51, 0xe5, 0x02, 0xd8, 0x4c, 0x00, 0x08, 0x94, 0xc0,
    0x00, 0x87, 0x1e, 0x50, 0x2d, 0x20, 0x3c, 0xed, 0x50, 0x01, 0xda, 0x2a, 0x00, 0x64, 0x5d, 0x60,
    0x00, 0x00, 0x00, 0x00, 0xe6, 0xde, 0x90, 0x0f, 0x90, 0x1d, 0x40, 0xf3, 0x00, 0x96, 0x0f, 0x10,
    0x09, 0x70, 0xf1, 0x00, 0x97, 0x0f, 0x10, 0x09, 0x70, 0xf1, 0x00, 0x97, 0x00, 0xa9, 0x00, 0x00,
    0x00, 0xb3, 0x00, 0x00, 0x00, 0x00, 0x00, 0x2b, 0xed, 0x50, 0x0d, 0x60, 0x3e, 0x23, 0xd0, 0x00,
    0x97, 0x5c, 0x00, 0x08, 0x93, 0xd0, 0x00, 0x97, 0x0d, 0x60, 0x3e, 0x20, 0x2b, 0xec, 0x40, 0x00,
    0x03, 0xe2, 0x00, 0x00, 0xb3, 0x00, 0x00, 0x00, 0x00, 0x00, 0x2b, 0xed, 0x50, 0x0d, 0x60, 0x3e,
    0x23, 0xd0, 0x00, 0x97, 0x5c, 0x00, 0x08, 0x93, 0xd0, 0x00, 0x97, 0x0d, 0x60, 0x3e, 0x20, 0x2b,
    0xec, 0x40, 0x00, 0x4f, 0x80, 0x00, 0x2b, 0x2a, 0x50, 0x00, 0x00, 0x00, 0x00, 0x2b, 0xed, 0x50,
    0x0d, 0x60, 0x3e, 0x23, 0xd0, 0x00, 0x97, 0x5c, 0x00, 0x08, 0x93, 0xd0, 0x00, 0x97, 0x0d, 0x60,
    0x3e, 0x20, 0x2b, 0xec, 0x40, 0x02, 0xda, 0x2a, 0x00, 0x73, 0x6d, 0x50, 0x00, 0x00, 0x00, 0x00,
    0x2b, 0xed, 0x50, 0x0d, 0x60, 0x3e, 0x23, 0xd0, 0x00, 0x97, 0x5c, 0x00, 0x08, 0x93, 0xd0, 0x00,
    0x97, 0x0d, 0x60, 0x3e, 0x20, 0x2b, 0xec, 0x40, 0x00, 0xb0, 0x92, 0x00, 0x00, 0x00, 0x00, 0x02,
    0xbe, 0xd5, 0x00, 0xd6, 0x03, 0xe2, 0x3d, 0x00, 0x09, 0x75, 0xc0, 0x00, 0x89, 0x3d, 0x00, 0x09,
    0x70, 0xd6, 0x03, 0xe2, 0x02, 0xbe, 0xc4, 0x00, 0x00, 0x2d, 0x00, 0x00, 0x02, 0xb0, 0x00, 0x00,
    0x00, 0x00, 0x06, 0xee, 0xee, 0xe3, 0x00, 0x2b, 0x00, 0x00, 0x02, 0xd0, 0x00, 0x00, 0x00, 0x00,
    0x00, 0x00, 0x00, 0x00, 0x00, 0x00, 0x01, 0x00, 0x2b, 0xed, 0xd3, 0x0d, 0x60, 0x8f, 0x23, 0xd0,
    0x3c, 0xa7, 0x5c, 0x0c, 0x38, 0x93, 0xd8, 0x80, 0x97, 0x0d, 0xd0, 0x3e, 0x20, 0xcc, 0xec, 0x50,
    0x01, 0x00, 0x00, 0x00, 0x00, 0x8a, 0x00, 0x00, 0x00, 0xa4, 0x00, 0x00, 0x00, 0x00, 0x01, 0xf0,
    0x00, 0xa6, 0x1f, 0x00, 0x0a, 0x61, 0xf0, 0x00, 0xa6, 0x1f, 0x00, 0x0a, 0x60, 0xf0, 0x00, 0xc6,
    0x0d, 0x50, 0x4f, 0x60, 0x5d, 0xea, 0x96, 0x00, 0x02, 0xe2, 0x00, 0x00, 0xb4, 0x00, 0x00, 0x00,
    0x00, 0x01, 0xf0, 0x00, 0xa6, 0x1f, 0x00, 0x0a, 0x61, 0xf0, 0x00, 0xa6, 0x1f, 0x00, 0x0a, 0x60,
    0xf0, 0x00, 0xc6, 0x0d, 0x50, 0x4f, 0x60, 0x5d, 0xea, 0x96, 0x00, 0x3e, 0x90, 0x00, 0x1b, 0x29,
    0x60, 0x00, 0x00, 0x00, 0x01, 0xf0, 0x00, 0xa6, 0x1f, 0x00, 0x0a, 0x61, 0xf0, 0x00, 0xa6, 0x1f,
    0x00, 0x0a, 0x60, 0xf0, 0x00, 0xc6, 0x0d, 0x50, 0x4f, 0x60, 0x5d, 0xea, 0x96, 0x00, 0xb1, 0x83,
    0x00, 0x00, 0x00, 0x00, 0x1f, 0x00, 0x0a, 0x61, 0xf0, 0x00, 0xa6, 0x1f, 0x00, 0x0a, 0x61, 0xf0,
    0x00, 0xa6, 0x0f, 0x00, 0x0c, 0x60, 0xd5, 0x04, 0xf6, 0x05, 0xde, 0xa9, 0x60, 0x00, 0x0c, 0x70,
    0x00, 0x06, 0x80, 0x00, 0x00, 0x00, 0x00, 0x0c, 0x50, 0x03, 0xe0, 0x6a, 0x00, 0x89, 0x01, 0xe1,
    0x0d, 0x40, 0x0a, 0x53, 0xd0, 0x00, 0x5b, 0x78, 0x00, 0x00, 0xdc, 0x30, 0x00, 0x09, 0xc0, 0x00,
    0x00, 0x97, 0x00, 0x00, 0x3e, 0x10, 0x00, 0xce, 0x50, 0x00, 0x00, 0x0f, 0x10, 0x00, 0x00, 0xf1,
    0x00, 0x00, 0x0f, 0x10, 0x00, 0x00, 0xf6, 0xde, 0x70, 0x0f, 0x90, 0x1d, 0x40, 0xf2, 0x00, 0x79,
    0x0f, 0x10, 0x06, 0xa0, 0xf3, 0x00, 0x79, 0x0f, 0x90, 0x1d, 0x40, 0xf7, 0xde, 0x70, 0x0f, 0x10,
    0x00, 0x00, 0xf1, 0x00, 0x00, 0x0f, 0x10, 0x00, 0x00, 0x07, 0x53, 0x80, 0x00, 0x00, 0x00, 0x00,
    0xc5, 0x00, 0x3e, 0x06, 0xa0, 0x08, 0x90, 0x1e, 0x10, 0xd4, 0x00, 0xa5, 0x3d, 0x00, 0x05, 0xb7,
    0x80, 0x00, 0x0d, 0xc3, 0x00, 0x00, 0x9c, 0x00, 0x00, 0x09, 0x70, 0x00, 0x03, 0xe1, 0x00, 0x0c,
    0xe5, 0x00, 0x00, 0x7e, 0xe5, 0x00, 0x00, 0x00, 0x00, 0x00, 0x00, 0x7e, 0xe5, 0x00, 0x00, 0x00,
    0x00, 0x00, 0x00, 0x7e, 0xee, 0xe7, 0x00, 0x00, 0x00, 0x00, 0x00, 0x00, 0x00, 0x00, 0x00, 0x7e,
    0xee, 0xee, 0xee, 0xee, 0xe7, 0x00, 0x00, 0x00, 0x00, 0x00, 0x00, 0x00, 0x00, 0x00, 0x00, 0x00,
    0x00, 0x00, 0x00, 0x00, 0x00, 0x00, 0x00, 0x1c, 0x69, 0xb7, 0x00, 0x00, 0x00, 0x00, 0x00, 0x00,
    0x5c, 0x88, 0xb2, 0x00, 0x00, 0x00, 0x00, 0x00, 0x00, 0x2f, 0x14, 0xb0, 0x85, 0x00, 0x1c, 0x0c,
    0x16, 0x93, 0xd0, 0xb7, 0x8a, 0x00, 0x00, 0x00, 0x00, 0x00, 0x00, 0x00, 0x00, 0x00, 0x00, 0x00,
    0x00, 0x00, 0x00, 0x00, 0x00, 0x5c, 0x2f, 0x18, 0x75, 0xb0, 0xb2, 0x85, 0x00, 0x00, 0x00, 0x00,
    0x00, 0x00, 0x00, 0x00, 0x00, 0x00, 0x00, 0x00, 0x00, 0x00, 0x00, 0x00, 0x2f, 0x1e, 0x44, 0xb1,
    0xe0, 0x85, 0x58, 0x00, 0x0b, 0xe4, 0x01, 0xff, 0x80, 0x0b, 0xe4, 0x00, 0x00, 0x00, 0x00, 0x00,
    0x00, 0x00, 0x00, 0x1b, 0x30, 0xa4, 0x09, 0x61, 0xd3, 0x0c, 0x50, 0xb7, 0x00, 0x4c, 0xed, 0x50,
    0x3e, 0x30, 0x22, 0x09, 0x70, 0x00, 0x09, 0xfd, 0xcc, 0x30, 0x0d, 0x30, 0x00, 0x09, 0xfd, 0xcb,
    0x00, 0x09, 0x80, 0x00, 0x00, 0x3e, 0x40, 0x12, 0x00, 0x4c, 0xed, 0x50, 0x0b, 0xcc, 0xcd, 0x10,
    0x90, 0x00, 0x81, 0x09, 0x00, 0x08, 0x10, 0x90, 0x00, 0x81, 0x09, 0x00, 0x08, 0x10, 0x90, 0x00,
    0x81, 0x09, 0x00, 0x08, 0x10, 0x90, 0x00, 0x81, 0x0b, 0xcc, 0xcd, 0x10,
};

static const lv_font_fmt_txt_glyph_dsc_t rsvp_unicode_12_glyphs[] = {
    {.bitmap_index=0,.adv_w=0,.box_w=0,.box_h=0,.ofs_x=0,.ofs_y=0},
    {.bitmap_index=0,.adv_w=48,.box_w=0,.box_h=0,.ofs_x=0,.ofs_y=0},
    {.bitmap_index=0,.adv_w=48,.box_w=3,.box_h=10,.ofs_x=0,.ofs_y=-3},
    {.bitmap_index=15,.adv_w=112,.box_w=7,.box_h=9,.ofs_x=0,.ofs_y=0},
    {.bitmap_index=47,.adv_w=112,.box_w=7,.box_h=9,.ofs_x=0,.ofs_y=0},
    {.bitmap_index=79,.adv_w=112,.box_w=7,.box_h=8,.ofs_x=0,.ofs_y=0},
    {.bitmap_index=107,.adv_w=112,.box_w=7,.box_h=9,.ofs_x=0,.ofs_y=0},
    {.bitmap_index=139,.adv_w=112,.box_w=7,.box_h=13,.ofs_x=0,.ofs_y=-3},
    {.bitmap_index=185,.adv_w=96,.box_w=6,.box_h=10,.ofs_x=0,.ofs_y=0},
    {.bitmap_index=215,.adv_w=112,.box_w=7,.box_h=9,.ofs_x=0,.ofs_y=0},
    {.bitmap_index=247,.adv_w=160,.box_w=10,.box_h=10,.ofs_x=0,.ofs_y=0},
    {.bitmap_index=297,.adv_w=64,.box_w=4,.box_h=9,.ofs_x=0,.ofs_y=0},
    {.bitmap_index=315,.adv_w=96,.box_w=6,.box_h=6,.ofs_x=0,.ofs_y=0},
    {.bitmap_index=333,.adv_w=112,.box_w=7,.box_h=5,.ofs_x=0,.ofs_y=0},
    {.bitmap_index=351,.adv_w=64,.box_w=4,.box_h=4,.ofs_x=0,.ofs_y=0},
    {.bitmap_index=359,.adv_w=160,.box_w=10,.box_h=10,.ofs_x=0,.ofs_y=0},
    {.bitmap_index=409,.adv_w=96,.box_w=8,.box_h=11,.ofs_x=-1,.ofs_y=0},
    {.bitmap_index=453,.adv_w=80,.box_w=5,.box_h=9,.ofs_x=0,.ofs_y=0},
    {.bitmap_index=476,.adv_w=112,.box_w=7,.box_h=8,.ofs_x=0,.ofs_y=0},
    {.bitmap_index=504,.adv_w=64,.box_w=4,.box_h=11,.ofs_x=0,.ofs_y=0},
    {.bitmap_index=526,.adv_w=64,.box_w=4,.box_h=11,.ofs_x=0,.ofs_y=0},
    {.bitmap_index=548,.adv_w=48,.box_w=3,.box_h=10,.ofs_x=0,.ofs_y=0},
    {.bitmap_index=563,.adv_w=112,.box_w=7,.box_h=10,.ofs_x=0,.ofs_y=-3},
    {.bitmap_index=598,.adv_w=128,.box_w=8,.box_h=12,.ofs_x=0,.ofs_y=-2},
    {.bitmap_index=646,.adv_w=48,.box_w=3,.box_h=6,.ofs_x=0,.ofs_y=0},
    {.bitmap_index=655,.adv_w=48,.box_w=3,.box_h=4,.ofs_x=0,.ofs_y=-3},
    {.bitmap_index=661,.adv_w=64,.box_w=4,.box_h=10,.ofs_x=0,.ofs_y=0},
    {.bitmap_index=681,.adv_w=80,.box_w=5,.box_h=9,.ofs_x=0,.ofs_y=0},
    {.bitmap_index=704,.adv_w=96,.box_w=6,.box_h=6,.ofs_x=0,.ofs_y=0},
    {.bitmap_index=722,.adv_w=144,.box_w=9,.box_h=9,.ofs_x=0,.ofs_y=0},
    {.bitmap_index=763,.adv_w=144,.box_w=9,.box_h=9,.ofs_x=0,.ofs_y=0},
    {.bitmap_index=804,.adv_w=144,.box_w=10,.box_h=9,.ofs_x=0,.ofs_y=0},
    {.bitmap_index=849,.adv_w=80,.box_w=6,.box_h=9,.ofs_x=0,.ofs_y=-3},
    {.bitmap_index=876,.adv_w=128,.box_w=8,.box_h=12,.ofs_x=0,.ofs_y=0},
    {.bitmap_index=924,.adv_w=128,.box_w=8,.box_h=12,.ofs_x=0,.ofs_y=0},
    {.bitmap_index=972,.adv_w=128,.box_w=8,.box_h=12,.ofs_x=0,.ofs_y=0},
    {.bitmap_index=1020,.adv_w=128,.box_w=8,.box_h=12,.ofs_x=0,.ofs_y=0},
    {.bitmap_index=1068,.adv_w=128,.box_w=8,.box_h=11,.ofs_x=0,.ofs_y=0},
    {.bitmap_index=1112,.adv_w=128,.box_w=8,.box_h=12,.ofs_x=0,.ofs_y=0},
    {.bitmap_index=1160,.adv_w=176,.box_w=12,.box_h=9,.ofs_x=-1,.ofs_y=0},
    {.bitmap_index=1214,.adv_w=128,.box_w=8,.box_h=12,.ofs_x=0,.ofs_y=-3},
    {.bitmap_index=1262,.adv_w=112,.box_w=7,.box_h=12,.ofs_x=0,.ofs_y=0},
    {.bitmap_index=1304,.adv_w=112,.box_w=7,.box_h=12,.ofs_x=0,.ofs_y=0},
    {.bitmap_index=1346,.adv_w=112,.box_w=7,.box_h=12,.ofs_x=0,.ofs_y=0},
    {.bitmap_index=1388,.adv_w=112,.box_w=7,.box_h=11,.ofs_x=0,.ofs_y=0},
    {.bitmap_index=1427,.adv_w=64,.box_w=4,.box_h=12,.ofs_x=0,.ofs_y=0},
    {.bitmap_index=1451,.adv_w=64,.box_w=4,.box_h=12,.ofs_x=0,.ofs_y=0},
    {.bitmap_index=1475,.adv_w=64,.box_w=5,.box_h=12,.ofs_x=0,.ofs_y=0},
    {.bitmap_index=1505,.adv_w=64,.box_w=4,.box_h=11,.ofs_x=0,.ofs_y=0},
    {.bitmap_index=1527,.adv_w=144,.box_w=9,.box_h=9,.ofs_x=0,.ofs_y=0},
    {.bitmap_index=1568,.adv_w=144,.box_w=9,.box_h=12,.ofs_x=0,.ofs_y=0},
    {.bitmap_index=1622,.adv_w=144,.box_w=9,.box_h=12,.ofs_x=0,.ofs_y=0},
    {.bitmap_index=1676,.adv_w=144,.box_w=9,.box_h=12,.ofs_x=0,.ofs_y=0},
    {.bitmap_index=1730,.adv_w=144,.box_w=9,.box_h=12,.ofs_x=0,.ofs_y=0},
    {.bitmap_index=1784,.adv_w=144,.box_w=9,.box_h=12,.ofs_x=0,.ofs_y=0},
    {.bitmap_index=1838,.adv_w=144,.box_w=9,.box_h=11,.ofs_x=0,.ofs_y=0},
    {.bitmap_index=1888,.adv_w=112,.box_w=7,.box_h=7,.ofs_x=0,.ofs_y=0},
    {.bitmap_index=1913,.adv_w=144,.box_w=9,.box_h=11,.ofs_x=0,.ofs_y=-1},
    {.bitmap_index=1963,.adv_w=144,.box_w=9,.box_h=12,.ofs_x=0,.ofs_y=0},
    {.bitmap_index=2017,.adv_w=144,.box_w=9,.box_h=12,.ofs_x=0,.ofs_y=0},
    {.bitmap_index=2071,.adv_w=144,.box_w=9,.box_h=12,.ofs_x=0,.ofs_y=0},
    {.bitmap_index=2125,.adv_w=144,.box_w=9,.box_h=11,.ofs_x=0,.ofs_y=0},
    {.bitmap_index=2175,.adv_w=112,.box_w=7,.box_h=12,.ofs_x=0,.ofs_y=0},
    {.bitmap_index=2217,.adv_w=112,.box_w=7,.box_h=9,.ofs_x=0,.ofs_y=0},
    {.bitmap_index=2249,.adv_w=128,.box_w=8,.box_h=10,.ofs_x=0,.ofs_y=0},
    {.bitmap_index=2289,.adv_w=112,.box_w=7,.box_h=10,.ofs_x=0,.ofs_y=0},
    {.bitmap_index=2324,.adv_w=112,.box_w=7,.box_h=10,.ofs_x=0,.ofs_y=0},
    {.bitmap_index=2359,.adv_w=112,.box_w=7,.box_h=10,.ofs_x=0,.ofs_y=0},
    {.bitmap_index=2394,.adv_w=112,.box_w=7,.box_h=10,.ofs_x=0,.ofs_y=0},
    {.bitmap_index=2429,.adv_w=112,.box_w=7,.box_h=9,.ofs_x=0,.ofs_y=0},
    {.bitmap_index=2461,.adv_w=112,.box_w=7,.box_h=11,.ofs_x=0,.ofs_y=0},
    {.bitmap_index=2500,.adv_w=160,.box_w=10,.box_h=7,.ofs_x=0,.ofs_y=0},
    {.bitmap_index=2535,.adv_w=96,.box_w=6,.box_h=10,.ofs_x=0,.ofs_y=-3},
    {.bitmap_index=2565,.adv_w=112,.box_w=7,.box_h=10,.ofs_x=0,.ofs_y=0},
    {.bitmap_index=2600,.adv_w=112,.box_w=7,.box_h=10,.ofs_x=0,.ofs_y=0},
    {.bitmap_index=2635,.adv_w=112,.box_w=7,.box_h=10,.ofs_x=0,.ofs_y=0},
    {.bitmap_index=2670,.adv_w=112,.box_w=7,.box_h=9,.ofs_x=0,.ofs_y=0},
    {.bitmap_index=2702,.adv_w=48,.box_w=4,.box_h=10,.ofs_x=-1,.ofs_y=0},
    {.bitmap_index=2722,.adv_w=48,.box_w=4,.box_h=10,.ofs_x=0,.ofs_y=0},
    {.bitmap_index=2742,.adv_w=48,.box_w=5,.box_h=10,.ofs_x=-1,.ofs_y=0},
    {.bitmap_index=2767,.adv_w=48,.box_w=5,.box_h=9,.ofs_x=-1,.ofs_y=0},
    {.bitmap_index=2790,.adv_w=112,.box_w=7,.box_h=10,.ofs_x=0,.ofs_y=0},
    {.bitmap_index=2825,.adv_w=112,.box_w=7,.box_h=10,.ofs_x=0,.ofs_y=0},
    {.bitmap_index=2860,.adv_w=112,.box_w=7,.box_h=10,.ofs_x=0,.ofs_y=0},
    {.bitmap_index=2895,.adv_w=112,.box_w=7,.box_h=10,.ofs_x=0,.ofs_y=0},
    {.bitmap_index=2930,.adv_w=112,.box_w=7,.box_h=10,.ofs_x=0,.ofs_y=0},
    {.bitmap_index=2965,.adv_w=112,.box_w=7,.box_h=10,.ofs_x=0,.ofs_y=0},
    {.bitmap_index=3000,.adv_w=112,.box_w=7,.box_h=9,.ofs_x=0,.ofs_y=0},
    {.bitmap_index=3032,.adv_w=112,.box_w=7,.box_h=8,.ofs_x=0,.ofs_y=0},
    {.bitmap_index=3060,.adv_w=112,.box_w=7,.box_h=9,.ofs_x=0,.ofs_y=-1},
    {.bitmap_index=3092,.adv_w=112,.box_w=7,.box_h=10,.ofs_x=0,.ofs_y=0},
    {.bitmap_index=3127,.adv_w=112,.box_w=7,.box_h=10,.ofs_x=0,.ofs_y=0},
    {.bitmap_index=3162,.adv_w=112,.box_w=7,.box_h=10,.ofs_x=0,.ofs_y=0},
    {.bitmap_index=3197,.adv_w=112,.box_w=7,.box_h=9,.ofs_x=0,.ofs_y=0},
    {.bitmap_index=3229,.adv_w=96,.box_w=7,.box_h=13,.ofs_x=0,.ofs_y=-3},
    {.bitmap_index=3275,.adv_w=112,.box_w=7,.box_h=13,.ofs_x=0,.ofs_y=-3},
    {.bitmap_index=3321,.adv_w=96,.box_w=7,.box_h=12,.ofs_x=0,.ofs_y=-3},
    {.bitmap_index=3363,.adv_w=112,.box_w=0,.box_h=0,.ofs_x=0,.ofs_y=0},
    {.bitmap_index=3363,.adv_w=32,.box_w=0,.box_h=0,.ofs_x=0,.ofs_y=0},
    {.bitmap_index=3363,.adv_w=16,.box_w=0,.box_h=0,.ofs_x=0,.ofs_y=0},
    {.bitmap_index=3363,.adv_w=0,.box_w=0,.box_h=0,.ofs_x=0,.ofs_y=0},
    {.bitmap_index=3363,.adv_w=64,.box_w=4,.box_h=4,.ofs_x=0,.ofs_y=0},
    {.bitmap_index=3371,.adv_w=64,.box_w=4,.box_h=4,.ofs_x=0,.ofs_y=0},
    {.bitmap_index=3379,.adv_w=96,.box_w=6,.box_h=4,.ofs_x=0,.ofs_y=0},
    {.bitmap_index=3391,.adv_w=192,.box_w=12,.box_h=4,.ofs_x=0,.ofs_y=0},
    {.bitmap_index=3415,.adv_w=32,.box_w=2,.box_h=9,.ofs_x=0,.ofs_y=0},
    {.bitmap_index=3424,.adv_w=32,.box_w=2,.box_h=9,.ofs_x=0,.ofs_y=0},
    {.bitmap_index=3433,.adv_w=48,.box_w=3,.box_h=3,.ofs_x=0,.ofs_y=-1},
    {.bitmap_index=3438,.adv_w=64,.box_w=5,.box_h=9,.ofs_x=0,.ofs_y=0},
    {.bitmap_index=3461,.adv_w=64,.box_w=5,.box_h=9,.ofs_x=0,.ofs_y=0},
    {.bitmap_index=3484,.adv_w=80,.box_w=5,.box_h=3,.ofs_x=0,.ofs_y=-1},
    {.bitmap_index=3492,.adv_w=80,.box_w=5,.box_h=6,.ofs_x=0,.ofs_y=0},
    {.bitmap_index=3507,.adv_w=144,.box_w=9,.box_h=2,.ofs_x=0,.ofs_y=0},
    {.bitmap_index=3516,.adv_w=32,.box_w=0,.box_h=0,.ofs_x=0,.ofs_y=0},
    {.bitmap_index=3516,.adv_w=112,.box_w=0,.box_h=0,.ofs_x=0,.ofs_y=0},
    {.bitmap_index=3516,.adv_w=112,.box_w=7,.box_h=9,.ofs_x=0,.ofs_y=0},
    {.bitmap_index=3548,.adv_w=112,.box_w=7,.box_h=9,.ofs_x=0,.ofs_y=0},
};

static const uint16_t rsvp_unicode_12_unicode[] = {
    0x0, 0x1, 0x2, 0x3, 0x4, 0x5, 0x6, 0x7, 0x8, 0x9, 0xa, 0xb,
    0xc, 0xd, 0xe, 0xf, 0x10, 0x11, 0x12, 0x13, 0x14, 0x15, 0x16, 0x17,
    0x18, 0x19, 0x1a, 0x1b, 0x1c, 0x1d, 0x1e, 0x1f, 0x20, 0x21, 0x22, 0x23,
    0x24, 0x25, 0x26, 0x27, 0x28, 0x29, 0x2a, 0x2b, 0x2c, 0x2d, 0x2e, 0x2f,
    0x30, 0x31, 0x32, 0x33, 0x34, 0x35, 0x36, 0x37, 0x38, 0x39, 0x3a, 0x3b,
    0x3c, 0x3d, 0x3e, 0x3f, 0x40, 0x41, 0x42, 0x43, 0x44, 0x45, 0x46, 0x47,
    0x48, 0x49, 0x4a, 0x4b, 0x4c, 0x4d, 0x4e, 0x4f, 0x50, 0x51, 0x52, 0x53,
    0x54, 0x55, 0x56, 0x57, 0x58, 0x59, 0x5a, 0x5b, 0x5c, 0x5d, 0x5e, 0x5f,
    0x1f67, 0x1f69, 0x1f6a, 0x1f6b, 0x1f70, 0x1f71, 0x1f73, 0x1f74, 0x1f78, 0x1f79, 0x1f7a, 0x1f7c,
    0x1f7d, 0x1f7e, 0x1f82, 0x1f86, 0x1f8f, 0x1fc0, 0x200c, 0x2172,
};

static const lv_font_fmt_txt_cmap_t rsvp_unicode_12_cmaps[] = {
    {
        .range_start = 160, .range_length = 8563, .glyph_id_start = 1,
        .unicode_list = rsvp_unicode_12_unicode, .glyph_id_ofs_list = NULL,
        .list_length = 116, .type = LV_FONT_FMT_TXT_CMAP_SPARSE_TINY
    }
};

static const lv_font_fmt_txt_dsc_t rsvp_unicode_12_dsc = {
    .glyph_bitmap = rsvp_unicode_12_bitmap,
    .glyph_dsc = rsvp_unicode_12_glyphs,
    .cmaps = rsvp_unicode_12_cmaps,
    .kern_dsc = NULL,
    .kern_scale = 0,
    .cmap_num = 1,
    .bpp = 4,
    .kern_classes = 0,
    .bitmap_format = 0,
};

const lv_font_t rsvp_unicode_12 = {
    .get_glyph_dsc = lv_font_get_glyph_dsc_fmt_txt,
    .get_glyph_bitmap = lv_font_get_bitmap_fmt_txt,
    .line_height = 14,
    .base_line = 3,
    .subpx = LV_FONT_SUBPX_NONE,
    .underline_position = -1,
    .underline_thickness = 1,
    .dsc = &rsvp_unicode_12_dsc,
    .fallback = &lv_font_montserrat_12,
    .user_data = NULL,
};

/* Unicode extension font 14px generated from Noto Sans Regular 2.004; ASCII falls back to LVGL Montserrat. */
static LV_ATTRIBUTE_LARGE_CONST const uint8_t rsvp_unicode_14_bitmap[] = {
    0x0c, 0x80, 0x0c, 0x80, 0x00, 0x00, 0x09, 0x40, 0x09, 0x50, 0x0a, 0x60, 0x0b, 0x70, 0x0c, 0x70,
    0x0c, 0x80, 0x0d, 0x90, 0x00, 0x3b, 0xfd, 0x70, 0x02, 0xe8, 0x34, 0x40, 0x08, 0xc0, 0x00, 0x00,
    0x0a, 0x90, 0x00, 0x00, 0x0a, 0x90, 0x00, 0x00, 0x09, 0xb0, 0x00, 0x00, 0x04, 0xf5, 0x01, 0x30,
    0x00, 0x7e, 0xff, 0x80, 0x00, 0x00, 0xe1, 0x00, 0x00, 0x00, 0xe0, 0x00, 0x00, 0x4c, 0xed, 0xa0,
    0x00, 0xe8, 0x13, 0x50, 0x02, 0xf1, 0x00, 0x00, 0x03, 0xf1, 0x00, 0x00, 0x7e, 0xfe, 0xed, 0x00,
    0x14, 0xf3, 0x22, 0x00, 0x03, 0xf1, 0x00, 0x00, 0x04, 0xf0, 0x00, 0x00, 0x1b, 0x81, 0x11, 0x10,
    0x8f, 0xff, 0xff, 0xf7, 0x02, 0x00, 0x00, 0x20, 0x0d, 0x9e, 0xd9, 0xd0, 0x06, 0xd3, 0x3d, 0x60,
    0x0a, 0x50, 0x05, 0xa0, 0x0a, 0x50, 0x04, 0xa0, 0x06, 0xc1, 0x1c, 0x60, 0x0c, 0xbf, 0xfc, 0xc0,
    0x04, 0x01, 0x10, 0x40, 0x00, 0x00, 0x00, 0x00, 0x8b, 0x00, 0x00, 0xb8, 0x1e, 0x40, 0x04, 0xe1,
    0x06, 0xc0, 0x0c, 0x60, 0x00, 0xd4, 0x5c, 0x00, 0x00, 0x5c, 0xc4, 0x00, 0x0a, 0xef, 0xfe, 0xa0,
    0x01, 0x2a, 0xa2, 0x10, 0x0a, 0xef, 0xfe, 0xa0, 0x01, 0x2a, 0xa2, 0x10, 0x00, 0x09, 0x90, 0x00,
    0x00, 0x0a, 0x60, 0x00, 0x00, 0x0a, 0x60, 0x00, 0x00, 0x0a, 0x60, 0x00, 0x00, 0x0a, 0x60, 0x00,
    0x00, 0x0a, 0x60, 0x00, 0x00, 0x0a, 0x60, 0x00, 0x00, 0x00, 0x00, 0x00, 0x00, 0x00, 0x00, 0x00,
    0x00, 0x00, 0x00, 0x00, 0x00, 0x0a, 0x60, 0x00, 0x00, 0x0a, 0x60, 0x00, 0x00, 0x0a, 0x60, 0x00,
    0x00, 0x0a, 0x60, 0x00, 0x00, 0x0a, 0x60, 0x00, 0x00, 0x0a, 0x60, 0x00, 0x04, 0xcf, 0xea, 0x00,
    0xe6, 0x13, 0x70, 0x0d, 0x80, 0x00, 0x00, 0x4f, 0xe8, 0x10, 0x0c, 0x63, 0xad, 0x10, 0xf1, 0x00,
    0xd3, 0x09, 0xd5, 0x4d, 0x10, 0x04, 0xbf, 0x80, 0x00, 0x00, 0x3f, 0x22, 0x62, 0x15, 0xf2, 0x1b,
    0xef, 0xc5, 0x00, 0x00, 0xb4, 0x2c, 0x00, 0x00, 0x10, 0x01, 0x00, 0x00, 0x00, 0x00, 0x00, 0x00,
    0x00, 0x00, 0x00, 0x00, 0x00, 0x00, 0x00, 0x00, 0x00, 0x00, 0x00, 0x00, 0x00, 0x00, 0x00, 0x00,
    0x00, 0x00, 0x00, 0x00, 0x00, 0x00, 0x00, 0x00, 0x00, 0x00, 0x00, 0x00, 0x00, 0x00, 0x00, 0x00,
    0x06, 0xbe, 0xd9, 0x20, 0x00, 0x00, 0xac, 0x53, 0x37, 0xe5, 0x00, 0x07, 0xa0, 0x6d, 0xd7, 0x2d,
    0x20, 0x0d, 0x14, 0xe5, 0x34, 0x05, 0x90, 0x39, 0x09, 0x80, 0x00, 0x00, 0xc0, 0x47, 0x0a, 0x60,
    0x00, 0x00, 0xc0, 0x49, 0x09, 0x70, 0x00, 0x00, 0xc0, 0x1d, 0x05, 0xd1, 0x02, 0x04, 0xa0, 0x09,
    0x80, 0x9f, 0xf7, 0x1c, 0x40, 0x01, 0xca, 0x21, 0x14, 0xd8, 0x00, 0x00, 0x18, 0xef, 0xfd, 0x50,
    0x00, 0x00, 0x00, 0x01, 0x10, 0x00, 0x00, 0x19, 0xbb, 0x12, 0xcb, 0xd4, 0x86, 0x0a, 0x53, 0xda,
    0xa5, 0x00, 0x00, 0x00, 0x00, 0x00, 0x00, 0x00, 0x00, 0x00, 0x00, 0x00, 0x00, 0x00, 0x00, 0x00,
    0x00, 0x34, 0x04, 0x20, 0x2d, 0x54, 0xe2, 0x1c, 0x72, 0xe4, 0x04, 0xe2, 0x8d, 0x00, 0x08, 0xc1,
    0xb9, 0x00, 0x0a, 0x81, 0xd5, 0x00, 0x10, 0x01, 0x00, 0x4e, 0xee, 0xee, 0xe4, 0x12, 0x22, 0x22,
    0xb4, 0x00, 0x00, 0x00, 0xb4, 0x00, 0x00, 0x00, 0xb4, 0x00, 0x00, 0x00, 0x10, 0x00, 0x00, 0x00,
    0x00, 0x6e, 0xed, 0x01, 0x22, 0x20, 0x00, 0x00, 0x00, 0x00, 0x00, 0x00, 0x00, 0x00, 0x00, 0x06,
    0xbe, 0xd9, 0x20, 0x00, 0x00, 0xac, 0x53, 0x37, 0xe5, 0x00, 0x07, 0xa2, 0xee, 0xc4, 0x2d, 0x20,
    0x0d, 0x11, 0xf2, 0x7c, 0x05, 0x90, 0x39, 0x01, 0xf0, 0x5c, 0x00, 0xc0, 0x47, 0x01, 0xfe, 0xe4,
    0x00, 0xc0, 0x49, 0x01, 0xf2, 0xe3, 0x00, 0xc0, 0x1d, 0x01, 0xf0, 0x6c, 0x04, 0xa0, 0x09, 0x81,
    0xa0, 0x09, 0x3c, 0x40, 0x01, 0xca, 0x20, 0x04, 0xd8, 0x00, 0x00, 0x18, 0xef, 0xfd, 0x50, 0x00,
    0x00, 0x00, 0x01, 0x10, 0x00, 0x00, 0x1e, 0xee, 0xee, 0xee, 0x10, 0x22, 0x22, 0x22, 0x20, 0x00,
    0x00, 0x00, 0x00, 0x00, 0x00, 0x00, 0x00, 0x00, 0x00, 0x00, 0x00, 0x00, 0x00, 0x00, 0x00, 0x00,
    0x00, 0x00, 0x00, 0x00, 0x00, 0x00, 0x00, 0x00, 0x00, 0x00, 0x00, 0x00, 0x00, 0x00, 0x00, 0x00,
    0x00, 0x00, 0x00, 0x00, 0x00, 0x00, 0x00, 0x00, 0x00, 0x00, 0x00, 0x00, 0x05, 0xdd, 0x40, 0x1d,
    0x44, 0xd1, 0x3b, 0x00, 0xb3, 0x1d, 0x11, 0xd1, 0x07, 0xff, 0x70, 0x00, 0x11, 0x00, 0x00, 0x00,
    0x00, 0x00, 0x00, 0x00, 0x00, 0x00, 0x00, 0x00, 0x00, 0x00, 0x00, 0x00, 0x00, 0x00, 0x08, 0x80,
    0x00, 0x00, 0x08, 0x80, 0x00, 0x00, 0x08, 0x80, 0x00, 0x4e, 0xef, 0xfe, 0xe4, 0x12, 0x29, 0x82,
    0x21, 0x00, 0x08, 0x80, 0x00, 0x00, 0x08, 0x80, 0x00, 0x01, 0x11, 0x11, 0x10, 0x4f, 0xff, 0xff,
    0xf4, 0x3b, 0xda, 0x02, 0x30, 0xc4, 0x00, 0x1d, 0x10, 0x1b, 0x40, 0x1b, 0x40, 0x09, 0xed, 0xd4,
    0x00, 0x00, 0x00, 0x00, 0x00, 0x00, 0x00, 0x00, 0x00, 0x00, 0x00, 0x00, 0x00, 0x00, 0x00, 0x4c,
    0xda, 0x11, 0x10, 0xd3, 0x0b, 0xeb, 0x00, 0x00, 0xb6, 0x30, 0x0b, 0x68, 0xdd, 0x90, 0x00, 0x00,
    0x00, 0x00, 0x00, 0x00, 0x00, 0x00, 0x00, 0x00, 0x00, 0x00, 0x00, 0x00, 0x00, 0x02, 0x82, 0x0a,
    0xb0, 0x4c, 0x10, 0x00, 0x00, 0x00, 0x00, 0x00, 0x00, 0x00, 0x00, 0x00, 0x00, 0x00, 0x00, 0x00,
    0x00, 0x00, 0x00, 0x00, 0x00, 0x0c, 0x60, 0x00, 0xb8, 0x00, 0xc6, 0x00, 0x0b, 0x80, 0x0c, 0x60,
    0x00, 0xb8, 0x00, 0xc6, 0x00, 0x0b, 0x80, 0x0c, 0x60, 0x00, 0xb8, 0x00, 0xc7, 0x00, 0x0e, 0x80,
    0x0c, 0xd3, 0x28, 0xe8, 0x00, 0xcb, 0xee, 0x88, 0x80, 0x0c, 0x60, 0x00, 0x00, 0x00, 0xc6, 0x00,
    0x00, 0x00, 0x0c, 0x60, 0x00, 0x00, 0x00, 0xc6, 0x00, 0x00, 0x00, 0x02, 0xbe, 0xff, 0xfa, 0x00,
    0xcf, 0xff, 0x73, 0xa0, 0x2f, 0xff, 0xf7, 0x2a, 0x03, 0xff, 0xff, 0x72, 0xa0, 0x3f, 0xff, 0xf7,
    0x2a, 0x00, 0xef, 0xff, 0x72, 0xa0, 0x07, 0xff, 0xf7, 0x2a, 0x00, 0x03, 0x69, 0x72, 0xa0, 0x00,
    0x00, 0x57, 0x2a, 0x00, 0x00, 0x05, 0x72, 0xa0, 0x00, 0x00, 0x57, 0x2a, 0x00, 0x00, 0x05, 0x72,
    0xa0, 0x00, 0x00, 0x57, 0x2a, 0x00, 0x00, 0x00, 0x00, 0x00, 0x0b, 0x80, 0x0c, 0x80, 0x00, 0x00,
    0x00, 0x00, 0x00, 0x00, 0x00, 0x00, 0x07, 0x02, 0xd6, 0x02, 0xea, 0xc6, 0x06, 0xe5, 0x04, 0x9a,
    0x50, 0x00, 0xa5, 0x00, 0x0a, 0x50, 0x00, 0xa5, 0x00, 0x0a, 0x50, 0x00, 0x00, 0x00, 0x00, 0x00,
    0x00, 0x00, 0x00, 0x00, 0x00, 0x00, 0x00, 0x00, 0x00, 0x00, 0x0a, 0xbb, 0x26, 0x80, 0x4a, 0x85,
    0x01, 0xc5, 0x90, 0x59, 0x08, 0xba, 0x10, 0x00, 0x00, 0x00, 0x00, 0x00, 0x00, 0x00, 0x00, 0x00,
    0x00, 0x00, 0x00, 0x15, 0x03, 0x40, 0x01, 0xd5, 0x3e, 0x20, 0x03, 0xe3, 0x6d, 0x10, 0x0b, 0x91,
    0xe6, 0x07, 0xc1, 0xaa, 0x03, 0xd2, 0x6c, 0x00, 0x01, 0x00, 0x10, 0x00, 0x06, 0xf5, 0x00, 0x07,
    0x90, 0x04, 0xaa, 0x50, 0x01, 0xd1, 0x00, 0x00, 0xa5, 0x00, 0xa6, 0x00, 0x00, 0x0a, 0x50, 0x4c,
    0x00, 0x00, 0x00, 0xa5, 0x0d, 0x31, 0xd7, 0x00, 0x0a, 0x57, 0x80, 0x8c, 0x70, 0x00, 0x02, 0xd1,
    0x49, 0x97, 0x00, 0x00, 0xb5, 0x0c, 0x19, 0x70, 0x00, 0x5b, 0x04, 0xed, 0xee, 0x40, 0x1d, 0x20,
    0x00, 0x09, 0x70, 0x08, 0xf2, 0x00, 0x0c, 0x30, 0x07, 0x8c, 0x20, 0x07, 0x90, 0x00, 0x00, 0xd2,
    0x02, 0xd1, 0x00, 0x00, 0x0d, 0x20, 0xa6, 0x00, 0x00, 0x00, 0xd2, 0x4c, 0x2b, 0xd8, 0x00, 0x0d,
    0x3c, 0x34, 0x43, 0xe2, 0x00, 0x07, 0x90, 0x00, 0x1c, 0x00, 0x02, 0xd1, 0x00, 0x1a, 0x30, 0x00,
    0xa6, 0x00, 0x2b, 0x30, 0x00, 0x4b, 0x00, 0x0b, 0xfe, 0xe2, 0x01, 0x10, 0x00, 0x12, 0x22, 0x00,
    0x4c, 0xd9, 0x00, 0x00, 0xb4, 0x04, 0x21, 0xd3, 0x00, 0x5b, 0x00, 0x00, 0x1d, 0x20, 0x0d, 0x30,
    0x00, 0xcf, 0xa0, 0x07, 0x90, 0x00, 0x02, 0x3c, 0x51, 0xd2, 0x00, 0x02, 0x00, 0xb5, 0x88, 0x06,
    0xe0, 0x8d, 0xd9, 0x2d, 0x12, 0xae, 0x00, 0x00, 0x0a, 0x60, 0xa3, 0xe0, 0x00, 0x03, 0xc0, 0x67,
    0x1e, 0x00, 0x00, 0xc4, 0x0c, 0xdd, 0xfb, 0x00, 0x5b, 0x00, 0x00, 0x1e, 0x00, 0x00, 0x3e, 0x40,
    0x00, 0x3d, 0x40, 0x00, 0x00, 0x00, 0x00, 0x0e, 0x10, 0x00, 0x6d, 0x00, 0x07, 0xd2, 0x00, 0x5d,
    0x10, 0x00, 0x98, 0x00, 0x00, 0x7d, 0x32, 0x56, 0x09, 0xee, 0xc6, 0x00, 0x28, 0x20, 0x00, 0x00,
    0x00, 0xb9, 0x00, 0x00, 0x00, 0x01, 0xc3, 0x00, 0x00, 0x00, 0x00, 0x00, 0x00, 0x00, 0x04, 0xf4,
    0x00, 0x00, 0x00, 0xad, 0x90, 0x00, 0x00, 0x1f, 0x5e, 0x10, 0x00, 0x07, 0xc0, 0xd6, 0x00, 0x00,
    0xd6, 0x07, 0xc0, 0x00, 0x4f, 0x10, 0x2f, 0x30, 0x0a, 0xff, 0xff, 0xf9, 0x01, 0xe6, 0x33, 0x38,
    0xe0, 0x6d, 0x00, 0x00, 0x1e, 0x5c, 0x70, 0x00, 0x00, 0x9b, 0x00, 0x00, 0x18, 0x30, 0x00, 0x00,
    0x09, 0xc0, 0x00, 0x00, 0x03, 0xc1, 0x00, 0x00, 0x00, 0x00, 0x00, 0x00, 0x00, 0x04, 0xf4, 0x00,
    0x00, 0x00, 0xad, 0x90, 0x00, 0x00, 0x1f, 0x5e, 0x10, 0x00, 0x07, 0xc0, 0xd6, 0x00, 0x00, 0xd6,
    0x07, 0xc0, 0x00, 0x4f, 0x10, 0x2f, 0x30, 0x0a, 0xff, 0xff, 0xf9, 0x01, 0xe6, 0x33, 0x38, 0xe0,
    0x6d, 0x00, 0x00, 0x1e, 0x5c, 0x70, 0x00, 0x00, 0x9b, 0x00, 0x03, 0x82, 0x00, 0x00, 0x00, 0xcd,
    0xb0, 0x00, 0x00, 0x98, 0x09, 0x80, 0x00, 0x00, 0x00, 0x00, 0x00, 0x00, 0x04, 0xf4, 0x00, 0x00,
    0x00, 0xad, 0x90, 0x00, 0x00, 0x1f, 0x5e, 0x10, 0x00, 0x07, 0xc0, 0xd6, 0x00, 0x00, 0xd6, 0x07,
    0xc0, 0x00, 0x4f, 0x10, 0x2f, 0x30, 0x0a, 0xff, 0xff, 0xf9, 0x01, 0xe6, 0x33, 0x38, 0xe0, 0x6d,
    0x00, 0x00, 0x1e, 0x5c, 0x70, 0x00, 0x00, 0x9b, 0x00, 0x7d, 0x71, 0xb0, 0x00, 0x0c, 0x3b, 0xf8,
    0x00, 0x00, 0x10, 0x01, 0x00, 0x00, 0x00, 0x4f, 0x40, 0x00, 0x00, 0x0a, 0xd9, 0x00, 0x00, 0x01,
    0xf5, 0xe1, 0x00, 0x00, 0x7c, 0x0d, 0x60, 0x00, 0x0d, 0x60, 0x7c, 0x00, 0x04, 0xf1, 0x02, 0xf3,
    0x00, 0xaf, 0xff, 0xff, 0x90, 0x1e, 0x63, 0x33, 0x8e, 0x06, 0xd0, 0x00, 0x01, 0xe5, 0xc7, 0x00,
    0x00, 0x09, 0xb0, 0x00, 0x59, 0x0a, 0x40, 0x00, 0x00, 0x10, 0x10, 0x00, 0x00, 0x00, 0x00, 0x00,
    0x00, 0x00, 0x4f, 0x40, 0x00, 0x00, 0x0a, 0xd9, 0x00, 0x00, 0x01, 0xf5, 0xe1, 0x00, 0x00, 0x7c,
    0x0d, 0x60, 0x00, 0x0d, 0x60, 0x7c, 0x00, 0x04, 0xf1, 0x02, 0xf3, 0x00, 0xaf, 0xff, 0xff, 0x90,
    0x1e, 0x63, 0x33, 0x8e, 0x06, 0xd0, 0x00, 0x01, 0xe5, 0xc7, 0x00, 0x00, 0x09, 0xb0, 0x00, 0x09,
    0xd7, 0x00, 0x00, 0x01, 0xc3, 0xd0, 0x00, 0x00, 0x0b, 0xfa, 0x00, 0x00, 0x00, 0x4f, 0x40, 0x00,
    0x00, 0x0a, 0xd9, 0x00, 0x00, 0x01, 0xf5, 0xe1, 0x00, 0x00, 0x7c, 0x0d, 0x60, 0x00, 0x0d, 0x60,
    0x7c, 0x00, 0x04, 0xf1, 0x02, 0xf3, 0x00, 0xaf, 0xff, 0xff, 0x90, 0x1e, 0x63, 0x33, 0x8e, 0x06,
    0xd0, 0x00, 0x01, 0xe5, 0xc7, 0x00, 0x00, 0x09, 0xb0, 0x00, 0x00, 0x08, 0xff, 0xff, 0xff, 0x80,
    0x00, 0x01, 0xe5, 0xb9, 0x11, 0x10, 0x00, 0x00, 0x7d, 0x0b, 0x80, 0x00, 0x00, 0x00, 0x0e, 0x60,
    0xb8, 0x00, 0x00, 0x00, 0x06, 0xe1, 0x0b, 0xfe, 0xee, 0x30, 0x00, 0xd8, 0x00, 0xb9, 0x22, 0x20,
    0x00, 0x5f, 0xee, 0xef, 0x80, 0x00, 0x00, 0x0c, 0x92, 0x22, 0xb8, 0x00, 0x00, 0x05, 0xe1, 0x00,
    0x0b, 0x91, 0x11, 0x00, 0xc8, 0x00, 0x00, 0xbf, 0xff, 0xf8, 0x00, 0x18, 0xdf, 0xeb, 0x20, 0x1d,
    0xb4, 0x13, 0x71, 0x09, 0xd0, 0x00, 0x00, 0x00, 0xe6, 0x00, 0x00, 0x00, 0x1f, 0x40, 0x00, 0x00,
    0x01, 0xf4, 0x00, 0x00, 0x00, 0x0e, 0x60, 0x00, 0x00, 0x00, 0xad, 0x00, 0x00, 0x00, 0x02, 0xeb,
    0x31, 0x25, 0x00, 0x02, 0xad, 0xfe, 0xc0, 0x00, 0x00, 0x26, 0x00, 0x00, 0x00, 0x06, 0xc3, 0x00,
    0x00, 0x00, 0x07, 0x90, 0x00, 0x00, 0x2c, 0xb3, 0x00, 0x00, 0x47, 0x00, 0x00, 0x00, 0x1d, 0x60,
    0x00, 0x00, 0x03, 0xd1, 0x00, 0x00, 0x00, 0x00, 0x00, 0x0a, 0xff, 0xff, 0xe0, 0x0a, 0xa1, 0x11,
    0x10, 0x0a, 0x90, 0x00, 0x00, 0x0a, 0x90, 0x00, 0x00, 0x0a, 0xfe, 0xee, 0xa0, 0x0a, 0xa2, 0x22,
    0x10, 0x0a, 0x90, 0x00, 0x00, 0x0a, 0x90, 0x00, 0x00, 0x0a, 0xa1, 0x11, 0x10, 0x0a, 0xff, 0xff,
    0xe0, 0x00, 0x00, 0x38, 0x10, 0x00, 0x00, 0xb9, 0x00, 0x00, 0x05, 0xb0, 0x00, 0x00, 0x00, 0x00,
    0x00, 0x0a, 0xff, 0xff, 0xe0, 0x0a, 0xa1, 0x11, 0x10, 0x0a, 0x90, 0x00, 0x00, 0x0a, 0x90, 0x00,
    0x00, 0x0a, 0xfe, 0xee, 0xa0, 0x0a, 0xa2, 0x22, 0x10, 0x0a, 0x90, 0x00, 0x00, 0x0a, 0x90, 0x00,
    0x00, 0x0a, 0xa1, 0x11, 0x10, 0x0a, 0xff, 0xff, 0xe0, 0x00, 0x04, 0x71, 0x00, 0x00, 0x2e, 0xd9,
    0x00, 0x00, 0xb6, 0x1b, 0x60, 0x00, 0x00, 0x00, 0x00, 0x0a, 0xff, 0xff, 0xe0, 0x0a, 0xa1, 0x11,
    0x10, 0x0a, 0x90, 0x00, 0x00, 0x0a, 0x90, 0x00, 0x00, 0x0a, 0xfe, 0xee, 0xa0, 0x0a, 0xa2, 0x22,
    0x10, 0x0a, 0x90, 0x00, 0x00, 0x0a, 0x90, 0x00, 0x00, 0x0a, 0xa1, 0x11, 0x10, 0x0a, 0xff, 0xff,
    0xe0, 0x00, 0x87, 0x0d, 0x10, 0x00, 0x00, 0x01, 0x00, 0x00, 0x00, 0x00, 0x00, 0x0a, 0xff, 0xff,
    0xe0, 0x0a, 0xa1, 0x11, 0x10, 0x0a, 0x90, 0x00, 0x00, 0x0a, 0x90, 0x00, 0x00, 0x0a, 0xfe, 0xee,
    0xa0, 0x0a, 0xa2, 0x22, 0x10, 0x0a, 0x90, 0x00, 0x00, 0x0a, 0x90, 0x00, 0x00, 0x0a, 0xa1, 0x11,
    0x10, 0x0a, 0xff, 0xff, 0xe0, 0x38, 0x10, 0x01, 0xc8, 0x00, 0x02, 0xd2, 0x00, 0x00, 0x00, 0x5e,
    0xfe, 0x20, 0x4f, 0x00, 0x04, 0xf0, 0x00, 0x4f, 0x00, 0x04, 0xf0, 0x00, 0x4f, 0x00, 0x04, 0xf0,
    0x00, 0x4f, 0x00, 0x04, 0xf0, 0x05, 0xef, 0xd2, 0x00, 0x28, 0x20, 0x0a, 0xb0, 0x04, 0xc1, 0x00,
    0x00, 0x00, 0x5e, 0xfe, 0x20, 0x4f, 0x00, 0x04, 0xf0, 0x00, 0x4f, 0x00, 0x04, 0xf0, 0x00, 0x4f,
    0x00, 0x04, 0xf0, 0x00, 0x4f, 0x00, 0x04, 0xf0, 0x05, 0xef, 0xd2, 0x03, 0x81, 0x01, 0xdd, 0xa0,
    0xa7, 0x0a, 0x70, 0x00, 0x00, 0x5e, 0xfe, 0x20, 0x4f, 0x00, 0x04, 0xf0, 0x00, 0x4f, 0x00, 0x04,
    0xf0, 0x00, 0x4f, 0x00, 0x04, 0xf0, 0x00, 0x4f, 0x00, 0x04, 0xf0, 0x05, 0xef, 0xd2, 0x68, 0x0b,
    0x30, 0x10, 0x10, 0x00, 0x00, 0x05, 0xef, 0xe2, 0x04, 0xf0, 0x00, 0x4f, 0x00, 0x04, 0xf0, 0x00,
    0x4f, 0x00, 0x04, 0xf0, 0x00, 0x4f, 0x00, 0x04, 0xf0, 0x00, 0x4f, 0x00, 0x5e, 0xfd, 0x20, 0x08,
    0xff, 0xfd, 0x92, 0x00, 0x08, 0xb1, 0x24, 0xae, 0x30, 0x08, 0xb0, 0x00, 0x09, 0xd0, 0x08, 0xb0,
    0x00, 0x02, 0xf3, 0x8f, 0xfe, 0xe3, 0x00, 0xf5, 0x19, 0xb2, 0x20, 0x00, 0xf5, 0x08, 0xb0, 0x00,
    0x03, 0xf3, 0x08, 0xb0, 0x00, 0x0a, 0xc0, 0x08, 0xb1, 0x14, 0xae, 0x30, 0x08, 0xff, 0xfd, 0x92,
    0x00, 0x00, 0x09, 0xd6, 0x1a, 0x00, 0x00, 0x02, 0xb4, 0xcf, 0x60, 0x00, 0x00, 0x01, 0x00, 0x10,
    0x00, 0x00, 0xaf, 0x20, 0x00, 0x0d, 0x40, 0x0a, 0xec, 0x00, 0x00, 0xd4, 0x00, 0xa8, 0xe6, 0x00,
    0x0d, 0x40, 0x0a, 0x76, 0xe2, 0x00, 0xd4, 0x00, 0xa8, 0x0b, 0xb0, 0x0d, 0x40, 0x0a, 0x80, 0x2e,
    0x50, 0xd4, 0x00, 0xa8, 0x00, 0x7e, 0x1d, 0x40, 0x0a, 0x80, 0x00, 0xca, 0xd4, 0x00, 0xa8, 0x00,
    0x03, 0xfe, 0x40, 0x0a, 0x80, 0x00, 0x08, 0xf4, 0x00, 0x00, 0x02, 0x82, 0x00, 0x00, 0x00, 0x00,
    0x0b, 0x90, 0x00, 0x00, 0x00, 0x00, 0x1c, 0x40, 0x00, 0x00, 0x00, 0x00, 0x00, 0x00, 0x00, 0x00,
    0x29, 0xdf, 0xd9, 0x10, 0x00, 0x2e, 0xa3, 0x13, 0xad, 0x10, 0x0a, 0xc0, 0x00, 0x00, 0xd9, 0x00,
    0xe6, 0x00, 0x00, 0x07, 0xd0, 0x1f, 0x40, 0x00, 0x00, 0x5f, 0x01, 0xf4, 0x00, 0x00, 0x05, 0xf0,
    0x0e, 0x60, 0x00, 0x00, 0x7d, 0x00, 0xac, 0x00, 0x00, 0x0d, 0x80, 0x02, 0xea, 0x31, 0x3a, 0xd1,
    0x00, 0x02, 0x9d, 0xfd, 0x91, 0x00, 0x00, 0x00, 0x01, 0x83, 0x00, 0x00, 0x00, 0x00, 0x8c, 0x00,
    0x00, 0x00, 0x00, 0x3d, 0x10, 0x00, 0x00, 0x00, 0x00, 0x00, 0x00, 0x00, 0x00, 0x29, 0xdf, 0xd9,
    0x10, 0x00, 0x2e, 0xa3, 0x13, 0xad, 0x10, 0x0a, 0xc0, 0x00, 0x00, 0xd9, 0x00, 0xe6, 0x00, 0x00,
    0x07, 0xd0, 0x1f, 0x40, 0x00, 0x00, 0x5f, 0x01, 0xf4, 0x00, 0x00, 0x05, 0xf0, 0x0e, 0x60, 0x00,
    0x00, 0x7d, 0x00, 0xac, 0x00, 0x00, 0x0d, 0x80, 0x02, 0xea, 0x31, 0x3a, 0xd1, 0x00, 0x02, 0x9d,
    0xfd, 0x91, 0x00, 0x00, 0x00, 0x28, 0x20, 0x00, 0x00, 0x00, 0x0c, 0xdc, 0x00, 0x00, 0x00, 0x09,
    0x80, 0x99, 0x00, 0x00, 0x00, 0x00, 0x00, 0x00, 0x00, 0x00, 0x29, 0xdf, 0xd9, 0x10, 0x00, 0x2e,
    0xa3, 0x13, 0xad, 0x10, 0x0a, 0xc0, 0x00, 0x00, 0xd9, 0x00, 0xe6, 0x00, 0x00, 0x07, 0xd0, 0x1f,
    0x40, 0x00, 0x00, 0x5f, 0x01, 0xf4, 0x00, 0x00, 0x05, 0xf0, 0x0e, 0x60, 0x00, 0x00, 0x7d, 0x00,
    0xac, 0x00, 0x00, 0x0d, 0x80, 0x02, 0xea, 0x31, 0x3a, 0xd1, 0x00, 0x02, 0x9d, 0xfd, 0x91, 0x00,
    0x00, 0x07, 0xd7, 0x1b, 0x00, 0x00, 0x00, 0xc3, 0xbf, 0x80, 0x00, 0x00, 0x01, 0x00, 0x10, 0x00,
    0x00, 0x02, 0x9d, 0xfd, 0x91, 0x00, 0x02, 0xea, 0x31, 0x3a, 0xd1, 0x00, 0xac, 0x00, 0x00, 0x0d,
    0x90, 0x0e, 0x60, 0x00, 0x00, 0x7d, 0x01, 0xf4, 0x00, 0x00, 0x05, 0xf0, 0x1f, 0x40, 0x00, 0x00,
    0x5f, 0x00, 0xe6, 0x00, 0x00, 0x07, 0xd0, 0x0a, 0xc0, 0x00, 0x00, 0xd8, 0x00, 0x2e, 0xa3, 0x13,
    0xad, 0x10, 0x00, 0x29, 0xdf, 0xd9, 0x10, 0x00, 0x00, 0x05, 0x90, 0xa4, 0x00, 0x00, 0x00, 0x01,
    0x01, 0x00, 0x00, 0x00, 0x00, 0x00, 0x00, 0x00, 0x00, 0x02, 0x9d, 0xfd, 0x91, 0x00, 0x02, 0xea,
    0x31, 0x3a, 0xd1, 0x00, 0xac, 0x00, 0x00, 0x0d, 0x90, 0x0e, 0x60, 0x00, 0x00, 0x7d, 0x01, 0xf4,
    0x00, 0x00, 0x05, 0xf0, 0x1f, 0x40, 0x00, 0x00, 0x5f, 0x00, 0xe6, 0x00, 0x00, 0x07, 0xd0, 0x0a,
    0xc0, 0x00, 0x00, 0xd8, 0x00, 0x2e, 0xa3, 0x13, 0xad, 0x10, 0x00, 0x29, 0xdf, 0xd9, 0x10, 0x00,
    0x00, 0x00, 0x00, 0x00, 0x0b, 0x30, 0x03, 0xb0, 0x05, 0xe3, 0x3e, 0x40, 0x00, 0x5e, 0xe4, 0x00,
    0x00, 0x3e, 0xe3, 0x00, 0x03, 0xe4, 0x5e, 0x30, 0x0c, 0x50, 0x05, 0xc0, 0x00, 0x00, 0x00, 0x00,
    0x00, 0x00, 0x00, 0x00, 0x00, 0x00, 0x00, 0x00, 0x10, 0x00, 0x02, 0x9d, 0xfd, 0x9d, 0x40, 0x02,
    0xea, 0x31, 0x4e, 0xe1, 0x00, 0xac, 0x00, 0x05, 0xdd, 0x80, 0x0e, 0x60, 0x02, 0xe3, 0x7e, 0x01,
    0xf4, 0x00, 0xc6, 0x05, 0xf1, 0x2f, 0x40, 0x8a, 0x00, 0x5f, 0x00, 0xe6, 0x4d, 0x10, 0x07, 0xd0,
    0x0a, 0xce, 0x40, 0x00, 0xd9, 0x00, 0x2f, 0xd3, 0x13, 0xad, 0x10, 0x06, 0xc9, 0xdf, 0xd9, 0x10,
    0x00, 0x01, 0x00, 0x00, 0x00, 0x00, 0x00, 0x05, 0x70, 0x00, 0x00, 0x00, 0x02, 0xe4, 0x00, 0x00,
    0x00, 0x00, 0x4c, 0x00, 0x00, 0x00, 0x00, 0x00, 0x00, 0x00, 0x0b, 0x80, 0x00, 0x04, 0xe0, 0x0b,
    0x80, 0x00, 0x04, 0xe0, 0x0b, 0x80, 0x00, 0x04, 0xe0, 0x0b, 0x80, 0x00, 0x04, 0xe0, 0x0b, 0x80,
    0x00, 0x04, 0xe0, 0x0b, 0x80, 0x00, 0x04, 0xe0, 0x0b, 0x80, 0x00, 0x05, 0xe0, 0x08, 0xb0, 0x00,
    0x08, 0xc0, 0x02, 0xe8, 0x22, 0x6e, 0x50, 0x00, 0x3b, 0xee, 0xc5, 0x00, 0x00, 0x00, 0x04, 0x70,
    0x00, 0x00, 0x00, 0x1d, 0x70, 0x00, 0x00, 0x00, 0x89, 0x00, 0x00, 0x00, 0x00, 0x00, 0x00, 0x00,
    0x0b, 0x80, 0x00, 0x04, 0xe0, 0x0b, 0x80, 0x00, 0x04, 0xe0, 0x0b, 0x80, 0x00, 0x04, 0xe0, 0x0b,
    0x80, 0x00, 0x04, 0xe0, 0x0b, 0x80, 0x00, 0x04, 0xe0, 0x0b, 0x80, 0x00, 0x04, 0xe0, 0x0b, 0x80,
    0x00, 0x05, 0xe0, 0x08, 0xb0, 0x00, 0x08, 0xc0, 0x02, 0xe8, 0x22, 0x6e, 0x50, 0x00, 0x3b, 0xee,
    0xc5, 0x00, 0x00, 0x00, 0x57, 0x00, 0x00, 0x00, 0x03, 0xed, 0x60, 0x00, 0x00, 0x1c, 0x42, 0xc4,
    0x00, 0x00, 0x00, 0x00, 0x00, 0x00, 0x0b, 0x80, 0x00, 0x04, 0xe0, 0x0b, 0x80, 0x00, 0x04, 0xe0,
    0x0b, 0x80, 0x00, 0x04, 0xe0, 0x0b, 0x80, 0x00, 0x04, 0xe0, 0x0b, 0x80, 0x00, 0x04, 0xe0, 0x0b,
    0x80, 0x00, 0x04, 0xe0, 0x0b, 0x80, 0x00, 0x05, 0xe0, 0x08, 0xb0, 0x00, 0x08, 0xc0, 0x02, 0xe8,
    0x22, 0x6e, 0x50, 0x00, 0x3b, 0xee, 0xc5, 0x00, 0x00, 0x0a, 0x52, 0xd0, 0x00, 0x00, 0x01, 0x00,
    0x10, 0x00, 0x00, 0x00, 0x00, 0x00, 0x00, 0x0b, 0x80, 0x00, 0x04, 0xe0, 0x0b, 0x80, 0x00, 0x04,
    0xe0, 0x0b, 0x80, 0x00, 0x04, 0xe0, 0x0b, 0x80, 0x00, 0x04, 0xe0, 0x0b, 0x80, 0x00, 0x04, 0xe0,
    0x0b, 0x80, 0x00, 0x04, 0xe0, 0x0b, 0x80, 0x00, 0x05, 0xe0, 0x08, 0xb0, 0x00, 0x08, 0xc0, 0x02,
    0xe8, 0x22, 0x6e, 0x50, 0x00, 0x3b, 0xee, 0xc5, 0x00, 0x00, 0x00, 0x56, 0x00, 0x00, 0x02, 0xe5,
    0x00, 0x00, 0x0a, 0x70, 0x00, 0x00, 0x00, 0x00, 0x00, 0xba, 0x00, 0x00, 0xba, 0x3f, 0x30, 0x03,
    0xf2, 0x0a, 0xa0, 0x0b, 0x80, 0x02, 0xf3, 0x4e, 0x10, 0x00, 0x9b, 0xc7, 0x00, 0x00, 0x1e, 0xe1,
    0x00, 0x00, 0x0a, 0x90, 0x00, 0x00, 0x0a, 0x90, 0x00, 0x00, 0x0a, 0x90, 0x00, 0x00, 0x0a, 0x90,
    0x00, 0x0a, 0x90, 0x00, 0x00, 0x0a, 0xfe, 0xeb, 0x40, 0x0a, 0xa2, 0x38, 0xf3, 0x0a, 0x90, 0x00,
    0xb9, 0x0a, 0x90, 0x00, 0x9b, 0x0a, 0x90, 0x00, 0xb9, 0x0a, 0x90, 0x16, 0xf3, 0x0a, 0xfe, 0xfd,
    0x50, 0x0a, 0xa2, 0x10, 0x00, 0x0a, 0x90, 0x00, 0x00, 0x01, 0x9d, 0xfc, 0x60, 0x00, 0x9c, 0x31,
    0x6f, 0x20, 0x0c, 0x70, 0x01, 0xf3, 0x00, 0xc6, 0x01, 0xba, 0x00, 0x0c, 0x60, 0xaa, 0x00, 0x00,
    0xc6, 0x0b, 0x90, 0x00, 0x0c, 0x60, 0x3d, 0xb1, 0x00, 0xc6, 0x00, 0x1a, 0xc0, 0x0c, 0x60, 0x00,
    0x1f, 0x20, 0xc6, 0x44, 0x16, 0xf1, 0x0c, 0x64, 0xdf, 0xd5, 0x00, 0x00, 0x65, 0x00, 0x00, 0x00,
    0x5e, 0x20, 0x00, 0x00, 0x06, 0xb0, 0x00, 0x00, 0x00, 0x00, 0x00, 0x03, 0xbe, 0xea, 0x10, 0x02,
    0x52, 0x2c, 0x80, 0x00, 0x00, 0x08, 0xa0, 0x03, 0xad, 0xef, 0xb0, 0x2e, 0x93, 0x28, 0xb0, 0x5f,
    0x00, 0x0a, 0xb0, 0x3f, 0x52, 0x6e, 0xb0, 0x07, 0xee, 0xa5, 0xb0, 0x00, 0x00, 0x56, 0x00, 0x00,
    0x02, 0xe4, 0x00, 0x00, 0x0a, 0x60, 0x00, 0x00, 0x00, 0x00, 0x00, 0x03, 0xbe, 0xea, 0x10, 0x02,
    0x52, 0x2c, 0x80, 0x00, 0x00, 0x08, 0xa0, 0x03, 0xad, 0xef, 0xb0, 0x2e, 0x93, 0x28, 0xb0, 0x5f,
    0x00, 0x0a, 0xb0, 0x3f, 0x52, 0x6e, 0xb0, 0x07, 0xee, 0xa5, 0xb0, 0x00, 0x06, 0x50, 0x00, 0x00,
    0x6d, 0xe4, 0x00, 0x03, 0xc2, 0x3d, 0x20, 0x00, 0x00, 0x00, 0x00, 0x03, 0xbe, 0xea, 0x10, 0x02,
    0x52, 0x2c, 0x80, 0x00, 0x00, 0x08, 0xa0, 0x03, 0xad, 0xef, 0xb0, 0x2e, 0x93, 0x28, 0xb0, 0x5f,
    0x00, 0x0a, 0xb0, 0x3f, 0x52, 0x6e, 0xb0, 0x07, 0xee, 0xa5, 0xb0, 0x02, 0xcb, 0x26, 0x60, 0x08,
    0x66, 0xed, 0x10, 0x01, 0x00, 0x00, 0x00, 0x03, 0xbe, 0xea, 0x10, 0x02, 0x52, 0x2c, 0x80, 0x00,
    0x00, 0x08, 0xa0, 0x03, 0xad, 0xef, 0xb0, 0x2e, 0x93, 0x28, 0xb0, 0x5f, 0x00, 0x0a, 0xb0, 0x3f,
    0x52, 0x6e, 0xb0, 0x07, 0xee, 0xa5, 0xb0, 0x00, 0xc2, 0x4a, 0x00, 0x00, 0x10, 0x01, 0x00, 0x00,
    0x00, 0x00, 0x00, 0x03, 0xbe, 0xea, 0x10, 0x02, 0x52, 0x2c, 0x80, 0x00, 0x00, 0x08, 0xa0, 0x03,
    0xad, 0xef, 0xb0, 0x2e, 0x93, 0x28, 0xb0, 0x5f, 0x00, 0x0a, 0xb0, 0x3f, 0x52, 0x6e, 0xb0, 0x07,
    0xee, 0xa5, 0xb0, 0x00, 0x3d, 0xc2, 0x00, 0x00, 0x86, 0x87, 0x00, 0x00, 0x4e, 0xe3, 0x00, 0x00,
    0x01, 0x10, 0x00, 0x03, 0xbe, 0xea, 0x10, 0x02, 0x52, 0x2c, 0x80, 0x00, 0x00, 0x08, 0xa0, 0x03,
    0xad, 0xef, 0xb0, 0x2e, 0x93, 0x28, 0xb0, 0x5f, 0x00, 0x0a, 0xb0, 0x3f, 0x52, 0x6e, 0xb0, 0x07,
    0xee, 0xa5, 0xb0, 0x05, 0xce, 0xe7, 0x3c, 0xfc, 0x30, 0x04, 0x42, 0x4e, 0xe5, 0x28, 0xd0, 0x00,
    0x00, 0x0b, 0xb0, 0x00, 0xf4, 0x04, 0xbd, 0xef, 0xfe, 0xee, 0xf6, 0x2e, 0x93, 0x2b, 0xa2, 0x22,
    0x21, 0x5f, 0x00, 0x0c, 0xc0, 0x00, 0x00, 0x3f, 0x42, 0x8c, 0xe8, 0x22, 0x60, 0x07, 0xee, 0xa1,
    0x3c, 0xfe, 0xb0, 0x00, 0x8d, 0xfc, 0x20, 0x9d, 0x32, 0x50, 0x1f, 0x40, 0x00, 0x03, 0xf1, 0x00,
    0x00, 0x3f, 0x10, 0x00, 0x01, 0xf4, 0x00, 0x00, 0x0a, 0xd3, 0x24, 0x10, 0x19, 0xef, 0xc1, 0x00,
    0x04, 0x30, 0x00, 0x00, 0x9a, 0x10, 0x00, 0x00, 0xb4, 0x00, 0x05, 0xca, 0x10, 0x00, 0x66, 0x00,
    0x00, 0x00, 0x4f, 0x20, 0x00, 0x00, 0x06, 0xb0, 0x00, 0x00, 0x00, 0x00, 0x00, 0x00, 0x8e, 0xea,
    0x10, 0x09, 0xc3, 0x2b, 0xb0, 0x1f, 0x30, 0x03, 0xf1, 0x3f, 0xee, 0xee, 0xf3, 0x3f, 0x32, 0x22,
    0x20, 0x1f, 0x50, 0x00, 0x00, 0x09, 0xd4, 0x13, 0x60, 0x00, 0x8d, 0xfd, 0x80, 0x00, 0x00, 0x57,
    0x00, 0x00, 0x01, 0xe5, 0x00, 0x00, 0x0a, 0x70, 0x00, 0x00, 0x00, 0x00, 0x00, 0x00, 0x8e, 0xea,
    0x10, 0x09, 0xc3, 0x2b, 0xb0, 0x1f, 0x30, 0x03, 0xf1, 0x3f, 0xee, 0xee, 0xf3, 0x3f, 0x32, 0x22,
    0x20, 0x1f, 0x50, 0x00, 0x00, 0x09, 0xd4, 0x13, 0x60, 0x00, 0x8d, 0xfd, 0x80, 0x00, 0x06, 0x60,
    0x00, 0x00, 0x5e, 0xe5, 0x00, 0x02, 0xc3, 0x3d, 0x20, 0x00, 0x00, 0x00, 0x00, 0x00, 0x8e, 0xea,
    0x10, 0x09, 0xc3, 0x2b, 0xb0, 0x1f, 0x30, 0x03, 0xf1, 0x3f, 0xee, 0xee, 0xf3, 0x3f, 0x32, 0x22,
    0x20, 0x1f, 0x50, 0x00, 0x00, 0x09, 0xd4, 0x13, 0x60, 0x00, 0x8d, 0xfd, 0x80, 0x00, 0xb3, 0x3b,
    0x00, 0x00, 0x10, 0x01, 0x00, 0x00, 0x00, 0x00, 0x00, 0x00, 0x8e, 0xea, 0x10, 0x09, 0xc3, 0x2b,
    0xb0, 0x1f, 0x30, 0x03, 0xf1, 0x3f, 0xee, 0xee, 0xf3, 0x3f, 0x32, 0x22, 0x20, 0x1f, 0x50, 0x00,
    0x00, 0x09, 0xd4, 0x13, 0x60, 0x00, 0x8d, 0xfd, 0x80, 0x07, 0x40, 0x00, 0x7e, 0x10, 0x00, 0x88,
    0x00, 0x00, 0x00, 0x00, 0xc6, 0x00, 0x0c, 0x60, 0x00, 0xc6, 0x00, 0x0c, 0x60, 0x00, 0xc6, 0x00,
    0x0c, 0x60, 0x00, 0xc6, 0x00, 0x0c, 0x60, 0x00, 0x65, 0x04, 0xe3, 0x0c, 0x40, 0x00, 0x00, 0x0c,
    0x60, 0x0c, 0x60, 0x0c, 0x60, 0x0c, 0x60, 0x0c, 0x60, 0x0c, 0x60, 0x0c, 0x60, 0x0c, 0x60, 0x00,
    0x75, 0x00, 0x07, 0xde, 0x20, 0x4c, 0x15, 0xc1, 0x00, 0x00, 0x00, 0x00, 0xc6, 0x00, 0x00, 0xc6,
    0x00, 0x00, 0xc6, 0x00, 0x00, 0xc6, 0x00, 0x00, 0xc6, 0x00, 0x00, 0xc6, 0x00, 0x00, 0xc6, 0x00,
    0x00, 0xc6, 0x00, 0x1d, 0x16, 0x90, 0x10, 0x01, 0x00, 0x00, 0x00, 0x0c, 0x60, 0x00, 0xc6, 0x00,
    0x0c, 0x60, 0x00, 0xc6, 0x00, 0x0c, 0x60, 0x00, 0xc6, 0x00, 0x0c, 0x60, 0x00, 0xc6, 0x00, 0x00,
    0x00, 0x00, 0x00, 0x00, 0x4d, 0x69, 0xa0, 0x00, 0x09, 0xfc, 0x00, 0x00, 0x8b, 0x4e, 0x60, 0x00,
    0x00, 0x05, 0xe1, 0x01, 0x8d, 0xd9, 0xe5, 0x0a, 0xc4, 0x37, 0xf9, 0x1f, 0x30, 0x00, 0xba, 0x3f,
    0x10, 0x00, 0x9a, 0x1f, 0x30, 0x00, 0xb8, 0x0a, 0xc3, 0x27, 0xe2, 0x01, 0x9e, 0xfc, 0x30, 0x00,
    0x9d, 0x61, 0xa0, 0x00, 0x2b, 0x4c, 0xf6, 0x00, 0x00, 0x10, 0x01, 0x00, 0x00, 0xc5, 0xae, 0xd7,
    0x00, 0x0c, 0xe5, 0x25, 0xf4, 0x00, 0xc9, 0x00, 0x0b, 0x70, 0x0c, 0x70, 0x00, 0xb8, 0x00, 0xc6,
    0x00, 0x0b, 0x80, 0x0c, 0x60, 0x00, 0xb8, 0x00, 0xc6, 0x00, 0x0b, 0x80, 0x0c, 0x60, 0x00, 0xb8,
    0x00, 0x00, 0x47, 0x00, 0x00, 0x00, 0x1e, 0x60, 0x00, 0x00, 0x03, 0xd1, 0x00, 0x00, 0x00, 0x00,
    0x00, 0x00, 0x8e, 0xeb, 0x30, 0x08, 0xd3, 0x28, 0xe2, 0x1f, 0x40, 0x00, 0xc7, 0x3f, 0x10, 0x00,
    0x9a, 0x3f, 0x10, 0x00, 0x9a, 0x1e, 0x50, 0x00, 0xc7, 0x08, 0xd3, 0x28, 0xe1, 0x00, 0x8e, 0xfc,
    0x30, 0x00, 0x00, 0x37, 0x10, 0x00, 0x00, 0xc9, 0x00, 0x00, 0x06, 0xa0, 0x00, 0x00, 0x00, 0x00,
    0x00, 0x00, 0x8e, 0xeb, 0x30, 0x08, 0xd3, 0x28, 0xe2, 0x1f, 0x40, 0x00, 0xc7, 0x3f, 0x10, 0x00,
    0x9a, 0x3f, 0x10, 0x00, 0x9a, 0x1e, 0x50, 0x00, 0xc7, 0x08, 0xd3, 0x28, 0xe1, 0x00, 0x8e, 0xfc,
    0x30, 0x00, 0x04, 0x70, 0x00, 0x00, 0x2e, 0xd8, 0x00, 0x00, 0xc5, 0x1b, 0x50, 0x00, 0x00, 0x00,
    0x00, 0x00, 0x8e, 0xeb, 0x30, 0x08, 0xd3, 0x28, 0xe2, 0x1f, 0x40, 0x00, 0xc7, 0x3f, 0x10, 0x00,
    0x9a, 0x3f, 0x10, 0x00, 0x9a, 0x1e, 0x50, 0x00, 0xc7, 0x08, 0xd3, 0x28, 0xe1, 0x00, 0x8e, 0xfc,
    0x30, 0x00, 0xad, 0x52, 0xa0, 0x03, 0xa4, 0xdf, 0x50, 0x01, 0x10, 0x01, 0x00, 0x00, 0x8e, 0xeb,
    0x30, 0x08, 0xd3, 0x28, 0xe2, 0x1f, 0x40, 0x00, 0xc7, 0x3f, 0x10, 0x00, 0x9a, 0x3f, 0x10, 0x00,
    0x9a, 0x1e, 0x50, 0x00, 0xc7, 0x08, 0xd3, 0x28, 0xe1, 0x00, 0x8e, 0xfc, 0x30, 0x00, 0x86, 0x0d,
    0x10, 0x00, 0x10, 0x01, 0x00, 0x00, 0x00, 0x00, 0x00, 0x00, 0x8e, 0xeb, 0x30, 0x08, 0xd3, 0x28,
    0xe2, 0x1f, 0x40, 0x00, 0xc7, 0x3f, 0x10, 0x00, 0x9a, 0x3f, 0x10, 0x00, 0x9a, 0x1e, 0x50, 0x00,
    0xc7, 0x08, 0xd3, 0x28, 0xe1, 0x00, 0x8e, 0xfc, 0x30, 0x00, 0x08, 0x70, 0x00, 0x00, 0x09, 0x90,
    0x00, 0x00, 0x00, 0x00, 0x00, 0x4e, 0xee, 0xee, 0xe4, 0x12, 0x22, 0x22, 0x21, 0x00, 0x08, 0x70,
    0x00, 0x00, 0x09, 0x90, 0x00, 0x00, 0x00, 0x00, 0x00, 0x00, 0x00, 0x00, 0x00, 0x00, 0x00, 0x00,
    0x10, 0x00, 0x8e, 0xeb, 0xd4, 0x08, 0xd3, 0x2c, 0xe1, 0x1f, 0x40, 0x4d, 0xd7, 0x3f, 0x11, 0xd4,
    0x9a, 0x2f, 0x1a, 0x80, 0x9a, 0x0e, 0xac, 0x00, 0xc7, 0x08, 0xf5, 0x28, 0xe1, 0x0b, 0xbe, 0xfc,
    0x30, 0x02, 0x00, 0x00, 0x00, 0x00, 0x37, 0x10, 0x00, 0x00, 0x01, 0xd7, 0x00, 0x00, 0x00, 0x02,
    0xd2, 0x00, 0x00, 0x00, 0x00, 0x00, 0x00, 0x0d, 0x50, 0x00, 0xc7, 0x00, 0xd5, 0x00, 0x0c, 0x70,
    0x0d, 0x50, 0x00, 0xc7, 0x00, 0xd5, 0x00, 0x0c, 0x70, 0x0d, 0x50, 0x00, 0xc7, 0x00, 0xd6, 0x00,
    0x0e, 0x70, 0x0a, 0xc2, 0x29, 0xf7, 0x00, 0x2b, 0xee, 0x89, 0x70, 0x00, 0x00, 0x28, 0x20, 0x00,
    0x00, 0x0b, 0xa0, 0x00, 0x00, 0x05, 0xb1, 0x00, 0x00, 0x00, 0x00, 0x00, 0x00, 0x0d, 0x50, 0x00,
    0xc7, 0x00, 0xd5, 0x00, 0x0c, 0x70, 0x0d, 0x50, 0x00, 0xc7, 0x00, 0xd5, 0x00, 0x0c, 0x70, 0x0d,
    0x50, 0x00, 0xc7, 0x00, 0xd6, 0x00, 0x0e, 0x70, 0x0a, 0xc2, 0x29, 0xf7, 0x00, 0x2b, 0xee, 0x89,
    0x70, 0x00, 0x03, 0x71, 0x00, 0x00, 0x01, 0xdd, 0x90, 0x00, 0x00, 0xb6, 0x1b, 0x60, 0x00, 0x00,
    0x00, 0x00, 0x00, 0x0d, 0x50, 0x00, 0xc7, 0x00, 0xd5, 0x00, 0x0c, 0x70, 0x0d, 0x50, 0x00, 0xc7,
    0x00, 0xd5, 0x00, 0x0c, 0x70, 0x0d, 0x50, 0x00, 0xc7, 0x00, 0xd6, 0x00, 0x0e, 0x70, 0x0a, 0xc2,
    0x29, 0xf7, 0x00, 0x2b, 0xee, 0x89, 0x70, 0x00, 0x77, 0x0c, 0x20, 0x00, 0x00, 0x00, 0x10, 0x00,
    0x00, 0x00, 0x00, 0x00, 0x00, 0xd5, 0x00, 0x0c, 0x70, 0x0d, 0x50, 0x00, 0xc7, 0x00, 0xd5, 0x00,
    0x0c, 0x70, 0x0d, 0x50, 0x00, 0xc7, 0x00, 0xd5, 0x00, 0x0c, 0x70, 0x0d, 0x60, 0x00, 0xe7, 0x00,
    0xac, 0x22, 0x9f, 0x70, 0x02, 0xbe, 0xe8, 0x97, 0x00, 0x00, 0x01, 0x73, 0x00, 0x00, 0x07, 0xd1,
    0x00, 0x00, 0x2d, 0x20, 0x00, 0x00, 0x00, 0x00, 0x00, 0xc7, 0x00, 0x05, 0xe0, 0x7d, 0x00, 0x0a,
    0x90, 0x1f, 0x30, 0x1e, 0x40, 0x0b, 0x80, 0x5e, 0x00, 0x06, 0xd0, 0xa9, 0x00, 0x01, 0xe3, 0xe4,
    0x00, 0x00, 0xaa, 0xe0, 0x00, 0x00, 0x4f, 0x90, 0x00, 0x00, 0x1f, 0x30, 0x00, 0x00, 0x6d, 0x00,
    0x00, 0x13, 0xe6, 0x00, 0x00, 0xce, 0x90, 0x00, 0x00, 0x0c, 0x60, 0x00, 0x00, 0x00, 0xc6, 0x00,
    0x00, 0x00, 0x0c, 0x60, 0x00, 0x00, 0x00, 0xc7, 0xae, 0xd6, 0x00, 0x0c, 0xe5, 0x25, 0xf4, 0x00,
    0xc9, 0x00, 0x0a, 0xa0, 0x0c, 0x70, 0x00, 0x7c, 0x00, 0xc7, 0x00, 0x07, 0xc0, 0x0c, 0xa0, 0x00,
    0xaa, 0x00, 0xce, 0x52, 0x5f, 0x30, 0x0c, 0x7b, 0xfd, 0x60, 0x00, 0xc6, 0x00, 0x00, 0x00, 0x0c,
    0x60, 0x00, 0x00, 0x00, 0xc6, 0x00, 0x00, 0x00, 0x0c, 0x60, 0x00, 0x00, 0x00, 0x04, 0xb0, 0x95,
    0x00, 0x00, 0x10, 0x10, 0x00, 0x00, 0x00, 0x00, 0x00, 0xc7, 0x00, 0x05, 0xe0, 0x7d, 0x00, 0x0a,
    0x90, 0x1f, 0x30, 0x1e, 0x40, 0x0b, 0x80, 0x5e, 0x00, 0x06, 0xd0, 0xa9, 0x00, 0x01, 0xe3, 0xe4,
    0x00, 0x00, 0xaa, 0xe0, 0x00, 0x00, 0x4f, 0x90, 0x00, 0x00, 0x1f, 0x30, 0x00, 0x00, 0x6d, 0x00,
    0x00, 0x13, 0xe6, 0x00, 0x00, 0xce, 0x90, 0x00, 0x00, 0x6e, 0xed, 0x01, 0x22, 0x20, 0x00, 0x00,
    0x00, 0x00, 0x00, 0x00, 0x00, 0x00, 0x6e, 0xed, 0x01, 0x22, 0x20, 0x00, 0x00, 0x00, 0x00, 0x00,
    0x00, 0x00, 0x00, 0x6e, 0xee, 0xee, 0x61, 0x22, 0x22, 0x21, 0x00, 0x00, 0x00, 0x00, 0x00, 0x00,
    0x00, 0x00, 0x00, 0x00, 0x00, 0x6e, 0xee, 0xee, 0xee, 0xee, 0xee, 0xe6, 0x12, 0x22, 0x22, 0x22,
    0x22, 0x22, 0x21, 0x00, 0x00, 0x00, 0x00, 0x00, 0x00, 0x00, 0x00, 0x00, 0x00, 0x00, 0x00, 0x00,
    0x00, 0x00, 0x00, 0x00, 0x00, 0x00, 0x00, 0x00, 0x0d, 0x25, 0xd0, 0xaa, 0x00, 0x00, 0x00, 0x00,
    0x00, 0x00, 0x00, 0x00, 0x00, 0x00, 0x00, 0x3f, 0x27, 0xb0, 0xa5, 0x00, 0x00, 0x00, 0x00, 0x00,
    0x00, 0x00, 0x00, 0x00, 0x00, 0x00, 0x0e, 0x60, 0x3e, 0x10, 0x69, 0x00, 0x0d, 0x24, 0xb5, 0xd0,
    0xb7, 0xaa, 0x2f, 0x40, 0x00, 0x00, 0x00, 0x00, 0x00, 0x00, 0x00, 0x00, 0x00, 0x00, 0x00, 0x00,
    0x00, 0x00, 0x00, 0x00, 0x00, 0x4f, 0x2a, 0xb7, 0xb0, 0xd5, 0xa5, 0x2d, 0x00, 0x00, 0x00, 0x00,
    0x00, 0x00, 0x00, 0x00, 0x00, 0x00, 0x00, 0x00, 0x00, 0x00, 0x00, 0x00, 0x00, 0x00, 0x0e, 0x66,
    0xe0, 0x3e, 0x19, 0x90, 0x69, 0x0d, 0x20, 0x06, 0xea, 0x00, 0xdf, 0xf2, 0x0d, 0xff, 0x20, 0x6e,
    0xa0, 0x00, 0x00, 0x00, 0x00, 0x00, 0x00, 0x00, 0x00, 0x00, 0x00, 0x0b, 0x80, 0x3d, 0x40, 0x7c,
    0x00, 0xc8, 0x03, 0xe4, 0x07, 0xd0, 0x00, 0x29, 0xdf, 0xd6, 0x01, 0xda, 0x31, 0x43, 0x06, 0xd0,
    0x00, 0x00, 0xaf, 0xff, 0xff, 0x10, 0x0a, 0x80, 0x00, 0x00, 0xaf, 0xff, 0xfa, 0x00, 0x06, 0xc0,
    0x00, 0x00, 0x02, 0xf3, 0x00, 0x00, 0x00, 0x8d, 0x42, 0x44, 0x00, 0x08, 0xdf, 0xd5, 0x09, 0xbb,
    0xbb, 0xc1, 0x0a, 0x00, 0x00, 0xa1, 0x0a, 0x00, 0x00, 0xa1, 0x0a, 0x00, 0x00, 0xa1, 0x0a, 0x00,
    0x00, 0xa1, 0x0a, 0x00, 0x00, 0xa1, 0x0a, 0x00, 0x00, 0xa1, 0x0a, 0x00, 0x00, 0xa1, 0x0a, 0x00,
    0x00, 0xa1, 0x09, 0xbb, 0xbb, 0xc1,
};

static const lv_font_fmt_txt_glyph_dsc_t rsvp_unicode_14_glyphs[] = {
    {.bitmap_index=0,.adv_w=0,.box_w=0,.box_h=0,.ofs_x=0,.ofs_y=0},
    {.bitmap_index=0,.adv_w=64,.box_w=0,.box_h=0,.ofs_x=0,.ofs_y=0},
    {.bitmap_index=0,.adv_w=64,.box_w=4,.box_h=10,.ofs_x=0,.ofs_y=-2},
    {.bitmap_index=20,.adv_w=128,.box_w=8,.box_h=10,.ofs_x=0,.ofs_y=0},
    {.bitmap_index=60,.adv_w=128,.box_w=8,.box_h=10,.ofs_x=0,.ofs_y=0},
    {.bitmap_index=100,.adv_w=128,.box_w=8,.box_h=9,.ofs_x=0,.ofs_y=0},
    {.bitmap_index=136,.adv_w=128,.box_w=8,.box_h=10,.ofs_x=0,.ofs_y=0},
    {.bitmap_index=176,.adv_w=128,.box_w=8,.box_h=15,.ofs_x=0,.ofs_y=-4},
    {.bitmap_index=236,.adv_w=112,.box_w=7,.box_h=11,.ofs_x=0,.ofs_y=0},
    {.bitmap_index=275,.adv_w=128,.box_w=8,.box_h=11,.ofs_x=0,.ofs_y=0},
    {.bitmap_index=319,.adv_w=192,.box_w=12,.box_h=12,.ofs_x=0,.ofs_y=-1},
    {.bitmap_index=391,.adv_w=80,.box_w=5,.box_h=10,.ofs_x=0,.ofs_y=0},
    {.bitmap_index=416,.adv_w=112,.box_w=7,.box_h=7,.ofs_x=0,.ofs_y=0},
    {.bitmap_index=441,.adv_w=128,.box_w=8,.box_h=6,.ofs_x=0,.ofs_y=0},
    {.bitmap_index=465,.adv_w=80,.box_w=5,.box_h=5,.ofs_x=0,.ofs_y=0},
    {.bitmap_index=478,.adv_w=192,.box_w=12,.box_h=12,.ofs_x=0,.ofs_y=-1},
    {.bitmap_index=550,.adv_w=112,.box_w=9,.box_h=12,.ofs_x=-1,.ofs_y=0},
    {.bitmap_index=604,.adv_w=96,.box_w=6,.box_h=11,.ofs_x=0,.ofs_y=0},
    {.bitmap_index=637,.adv_w=128,.box_w=8,.box_h=9,.ofs_x=0,.ofs_y=0},
    {.bitmap_index=673,.adv_w=80,.box_w=5,.box_h=12,.ofs_x=0,.ofs_y=0},
    {.bitmap_index=703,.adv_w=80,.box_w=5,.box_h=12,.ofs_x=0,.ofs_y=0},
    {.bitmap_index=733,.adv_w=64,.box_w=4,.box_h=12,.ofs_x=0,.ofs_y=0},
    {.bitmap_index=757,.adv_w=144,.box_w=9,.box_h=12,.ofs_x=0,.ofs_y=-4},
    {.bitmap_index=811,.adv_w=144,.box_w=9,.box_h=14,.ofs_x=0,.ofs_y=-3},
    {.bitmap_index=874,.adv_w=64,.box_w=4,.box_h=6,.ofs_x=0,.ofs_y=0},
    {.bitmap_index=886,.adv_w=48,.box_w=3,.box_h=4,.ofs_x=0,.ofs_y=-4},
    {.bitmap_index=892,.adv_w=80,.box_w=5,.box_h=12,.ofs_x=0,.ofs_y=0},
    {.bitmap_index=922,.adv_w=80,.box_w=5,.box_h=10,.ofs_x=0,.ofs_y=0},
    {.bitmap_index=947,.adv_w=112,.box_w=7,.box_h=7,.ofs_x=0,.ofs_y=0},
    {.bitmap_index=972,.adv_w=160,.box_w=11,.box_h=10,.ofs_x=0,.ofs_y=0},
    {.bitmap_index=1027,.adv_w=176,.box_w=11,.box_h=11,.ofs_x=0,.ofs_y=-1},
    {.bitmap_index=1088,.adv_w=176,.box_w=11,.box_h=11,.ofs_x=0,.ofs_y=0},
    {.bitmap_index=1149,.adv_w=96,.box_w=6,.box_h=10,.ofs_x=0,.ofs_y=-3},
    {.bitmap_index=1179,.adv_w=144,.box_w=9,.box_h=14,.ofs_x=0,.ofs_y=0},
    {.bitmap_index=1242,.adv_w=144,.box_w=9,.box_h=14,.ofs_x=0,.ofs_y=0},
    {.bitmap_index=1305,.adv_w=144,.box_w=9,.box_h=14,.ofs_x=0,.ofs_y=0},
    {.bitmap_index=1368,.adv_w=144,.box_w=9,.box_h=13,.ofs_x=0,.ofs_y=0},
    {.bitmap_index=1427,.adv_w=144,.box_w=9,.box_h=13,.ofs_x=0,.ofs_y=0},
    {.bitmap_index=1486,.adv_w=144,.box_w=9,.box_h=13,.ofs_x=0,.ofs_y=0},
    {.bitmap_index=1545,.adv_w=192,.box_w=13,.box_h=10,.ofs_x=-1,.ofs_y=0},
    {.bitmap_index=1610,.adv_w=144,.box_w=9,.box_h=14,.ofs_x=0,.ofs_y=-4},
    {.bitmap_index=1673,.adv_w=128,.box_w=8,.box_h=14,.ofs_x=0,.ofs_y=0},
    {.bitmap_index=1729,.adv_w=128,.box_w=8,.box_h=14,.ofs_x=0,.ofs_y=0},
    {.bitmap_index=1785,.adv_w=128,.box_w=8,.box_h=14,.ofs_x=0,.ofs_y=0},
    {.bitmap_index=1841,.adv_w=128,.box_w=8,.box_h=13,.ofs_x=0,.ofs_y=0},
    {.bitmap_index=1893,.adv_w=80,.box_w=5,.box_h=14,.ofs_x=0,.ofs_y=0},
    {.bitmap_index=1928,.adv_w=80,.box_w=5,.box_h=14,.ofs_x=0,.ofs_y=0},
    {.bitmap_index=1963,.adv_w=80,.box_w=5,.box_h=14,.ofs_x=0,.ofs_y=0},
    {.bitmap_index=1998,.adv_w=80,.box_w=5,.box_h=13,.ofs_x=0,.ofs_y=0},
    {.bitmap_index=2031,.adv_w=160,.box_w=10,.box_h=10,.ofs_x=0,.ofs_y=0},
    {.bitmap_index=2081,.adv_w=176,.box_w=11,.box_h=13,.ofs_x=0,.ofs_y=0},
    {.bitmap_index=2153,.adv_w=176,.box_w=11,.box_h=14,.ofs_x=0,.ofs_y=0},
    {.bitmap_index=2230,.adv_w=176,.box_w=11,.box_h=14,.ofs_x=0,.ofs_y=0},
    {.bitmap_index=2307,.adv_w=176,.box_w=11,.box_h=14,.ofs_x=0,.ofs_y=0},
    {.bitmap_index=2384,.adv_w=176,.box_w=11,.box_h=13,.ofs_x=0,.ofs_y=0},
    {.bitmap_index=2456,.adv_w=176,.box_w=11,.box_h=13,.ofs_x=0,.ofs_y=0},
    {.bitmap_index=2528,.adv_w=128,.box_w=8,.box_h=9,.ofs_x=0,.ofs_y=0},
    {.bitmap_index=2564,.adv_w=176,.box_w=11,.box_h=12,.ofs_x=0,.ofs_y=-1},
    {.bitmap_index=2630,.adv_w=160,.box_w=10,.box_h=14,.ofs_x=0,.ofs_y=0},
    {.bitmap_index=2700,.adv_w=160,.box_w=10,.box_h=14,.ofs_x=0,.ofs_y=0},
    {.bitmap_index=2770,.adv_w=160,.box_w=10,.box_h=14,.ofs_x=0,.ofs_y=0},
    {.bitmap_index=2840,.adv_w=160,.box_w=10,.box_h=13,.ofs_x=0,.ofs_y=0},
    {.bitmap_index=2905,.adv_w=128,.box_w=8,.box_h=14,.ofs_x=0,.ofs_y=0},
    {.bitmap_index=2961,.adv_w=128,.box_w=8,.box_h=10,.ofs_x=0,.ofs_y=0},
    {.bitmap_index=3001,.adv_w=144,.box_w=9,.box_h=11,.ofs_x=0,.ofs_y=0},
    {.bitmap_index=3051,.adv_w=128,.box_w=8,.box_h=12,.ofs_x=0,.ofs_y=0},
    {.bitmap_index=3099,.adv_w=128,.box_w=8,.box_h=12,.ofs_x=0,.ofs_y=0},
    {.bitmap_index=3147,.adv_w=128,.box_w=8,.box_h=12,.ofs_x=0,.ofs_y=0},
    {.bitmap_index=3195,.adv_w=128,.box_w=8,.box_h=11,.ofs_x=0,.ofs_y=0},
    {.bitmap_index=3239,.adv_w=128,.box_w=8,.box_h=11,.ofs_x=0,.ofs_y=0},
    {.bitmap_index=3283,.adv_w=128,.box_w=8,.box_h=12,.ofs_x=0,.ofs_y=0},
    {.bitmap_index=3331,.adv_w=192,.box_w=12,.box_h=8,.ofs_x=0,.ofs_y=0},
    {.bitmap_index=3379,.adv_w=112,.box_w=7,.box_h=12,.ofs_x=0,.ofs_y=-4},
    {.bitmap_index=3421,.adv_w=128,.box_w=8,.box_h=12,.ofs_x=0,.ofs_y=0},
    {.bitmap_index=3469,.adv_w=128,.box_w=8,.box_h=12,.ofs_x=0,.ofs_y=0},
    {.bitmap_index=3517,.adv_w=128,.box_w=8,.box_h=12,.ofs_x=0,.ofs_y=0},
    {.bitmap_index=3565,.adv_w=128,.box_w=8,.box_h=11,.ofs_x=0,.ofs_y=0},
    {.bitmap_index=3609,.adv_w=64,.box_w=5,.box_h=12,.ofs_x=-1,.ofs_y=0},
    {.bitmap_index=3639,.adv_w=64,.box_w=4,.box_h=12,.ofs_x=0,.ofs_y=0},
    {.bitmap_index=3663,.adv_w=64,.box_w=6,.box_h=12,.ofs_x=-1,.ofs_y=0},
    {.bitmap_index=3699,.adv_w=64,.box_w=5,.box_h=11,.ofs_x=-1,.ofs_y=0},
    {.bitmap_index=3727,.adv_w=128,.box_w=8,.box_h=12,.ofs_x=0,.ofs_y=0},
    {.bitmap_index=3775,.adv_w=144,.box_w=9,.box_h=11,.ofs_x=0,.ofs_y=0},
    {.bitmap_index=3825,.adv_w=128,.box_w=8,.box_h=12,.ofs_x=0,.ofs_y=0},
    {.bitmap_index=3873,.adv_w=128,.box_w=8,.box_h=12,.ofs_x=0,.ofs_y=0},
    {.bitmap_index=3921,.adv_w=128,.box_w=8,.box_h=12,.ofs_x=0,.ofs_y=0},
    {.bitmap_index=3969,.adv_w=128,.box_w=8,.box_h=11,.ofs_x=0,.ofs_y=0},
    {.bitmap_index=4013,.adv_w=128,.box_w=8,.box_h=11,.ofs_x=0,.ofs_y=0},
    {.bitmap_index=4057,.adv_w=128,.box_w=8,.box_h=9,.ofs_x=0,.ofs_y=0},
    {.bitmap_index=4093,.adv_w=128,.box_w=8,.box_h=10,.ofs_x=0,.ofs_y=-1},
    {.bitmap_index=4133,.adv_w=144,.box_w=9,.box_h=12,.ofs_x=0,.ofs_y=0},
    {.bitmap_index=4187,.adv_w=144,.box_w=9,.box_h=12,.ofs_x=0,.ofs_y=0},
    {.bitmap_index=4241,.adv_w=144,.box_w=9,.box_h=12,.ofs_x=0,.ofs_y=0},
    {.bitmap_index=4295,.adv_w=144,.box_w=9,.box_h=11,.ofs_x=0,.ofs_y=0},
    {.bitmap_index=4345,.adv_w=112,.box_w=8,.box_h=16,.ofs_x=0,.ofs_y=-4},
    {.bitmap_index=4409,.adv_w=144,.box_w=9,.box_h=15,.ofs_x=0,.ofs_y=-4},
    {.bitmap_index=4477,.adv_w=112,.box_w=8,.box_h=15,.ofs_x=0,.ofs_y=-4},
    {.bitmap_index=4537,.adv_w=128,.box_w=0,.box_h=0,.ofs_x=0,.ofs_y=0},
    {.bitmap_index=4537,.adv_w=32,.box_w=0,.box_h=0,.ofs_x=0,.ofs_y=0},
    {.bitmap_index=4537,.adv_w=16,.box_w=0,.box_h=0,.ofs_x=0,.ofs_y=0},
    {.bitmap_index=4537,.adv_w=0,.box_w=0,.box_h=0,.ofs_x=0,.ofs_y=0},
    {.bitmap_index=4537,.adv_w=80,.box_w=5,.box_h=5,.ofs_x=0,.ofs_y=0},
    {.bitmap_index=4550,.adv_w=80,.box_w=5,.box_h=5,.ofs_x=0,.ofs_y=0},
    {.bitmap_index=4563,.adv_w=112,.box_w=7,.box_h=5,.ofs_x=0,.ofs_y=0},
    {.bitmap_index=4581,.adv_w=224,.box_w=14,.box_h=5,.ofs_x=0,.ofs_y=0},
    {.bitmap_index=4616,.adv_w=32,.box_w=3,.box_h=10,.ofs_x=0,.ofs_y=0},
    {.bitmap_index=4631,.adv_w=32,.box_w=3,.box_h=10,.ofs_x=0,.ofs_y=0},
    {.bitmap_index=4646,.adv_w=64,.box_w=4,.box_h=3,.ofs_x=0,.ofs_y=-1},
    {.bitmap_index=4652,.adv_w=80,.box_w=5,.box_h=10,.ofs_x=0,.ofs_y=0},
    {.bitmap_index=4677,.adv_w=80,.box_w=5,.box_h=10,.ofs_x=0,.ofs_y=0},
    {.bitmap_index=4702,.adv_w=96,.box_w=6,.box_h=3,.ofs_x=0,.ofs_y=-1},
    {.bitmap_index=4711,.adv_w=80,.box_w=5,.box_h=8,.ofs_x=0,.ofs_y=0},
    {.bitmap_index=4731,.adv_w=176,.box_w=11,.box_h=2,.ofs_x=0,.ofs_y=0},
    {.bitmap_index=4742,.adv_w=32,.box_w=0,.box_h=0,.ofs_x=0,.ofs_y=0},
    {.bitmap_index=4742,.adv_w=128,.box_w=0,.box_h=0,.ofs_x=0,.ofs_y=0},
    {.bitmap_index=4742,.adv_w=128,.box_w=8,.box_h=10,.ofs_x=0,.ofs_y=0},
    {.bitmap_index=4782,.adv_w=128,.box_w=8,.box_h=10,.ofs_x=0,.ofs_y=0},
};

static const uint16_t rsvp_unicode_14_unicode[] = {
    0x0, 0x1, 0x2, 0x3, 0x4, 0x5, 0x6, 0x7, 0x8, 0x9, 0xa, 0xb,
    0xc, 0xd, 0xe, 0xf, 0x10, 0x11, 0x12, 0x13, 0x14, 0x15, 0x16, 0x17,
    0x18, 0x19, 0x1a, 0x1b, 0x1c, 0x1d, 0x1e, 0x1f, 0x20, 0x21, 0x22, 0x23,
    0x24, 0x25, 0x26, 0x27, 0x28, 0x29, 0x2a, 0x2b, 0x2c, 0x2d, 0x2e, 0x2f,
    0x30, 0x31, 0x32, 0x33, 0x34, 0x35, 0x36, 0x37, 0x38, 0x39, 0x3a, 0x3b,
    0x3c, 0x3d, 0x3e, 0x3f, 0x40, 0x41, 0x42, 0x43, 0x44, 0x45, 0x46, 0x47,
    0x48, 0x49, 0x4a, 0x4b, 0x4c, 0x4d, 0x4e, 0x4f, 0x50, 0x51, 0x52, 0x53,
    0x54, 0x55, 0x56, 0x57, 0x58, 0x59, 0x5a, 0x5b, 0x5c, 0x5d, 0x5e, 0x5f,
    0x1f67, 0x1f69, 0x1f6a, 0x1f6b, 0x1f70, 0x1f71, 0x1f73, 0x1f74, 0x1f78, 0x1f79, 0x1f7a, 0x1f7c,
    0x1f7d, 0x1f7e, 0x1f82, 0x1f86, 0x1f8f, 0x1fc0, 0x200c, 0x2172,
};

static const lv_font_fmt_txt_cmap_t rsvp_unicode_14_cmaps[] = {
    {
        .range_start = 160, .range_length = 8563, .glyph_id_start = 1,
        .unicode_list = rsvp_unicode_14_unicode, .glyph_id_ofs_list = NULL,
        .list_length = 116, .type = LV_FONT_FMT_TXT_CMAP_SPARSE_TINY
    }
};

static const lv_font_fmt_txt_dsc_t rsvp_unicode_14_dsc = {
    .glyph_bitmap = rsvp_unicode_14_bitmap,
    .glyph_dsc = rsvp_unicode_14_glyphs,
    .cmaps = rsvp_unicode_14_cmaps,
    .kern_dsc = NULL,
    .kern_scale = 0,
    .cmap_num = 1,
    .bpp = 4,
    .kern_classes = 0,
    .bitmap_format = 0,
};

const lv_font_t rsvp_unicode_14 = {
    .get_glyph_dsc = lv_font_get_glyph_dsc_fmt_txt,
    .get_glyph_bitmap = lv_font_get_bitmap_fmt_txt,
    .line_height = 16,
    .base_line = 3,
    .subpx = LV_FONT_SUBPX_NONE,
    .underline_position = -1,
    .underline_thickness = 1,
    .dsc = &rsvp_unicode_14_dsc,
    .fallback = &lv_font_montserrat_14,
    .user_data = NULL,
};

/* Unicode extension font 18px generated from Noto Sans Regular 2.004; ASCII falls back to LVGL Montserrat. */
static LV_ATTRIBUTE_LARGE_CONST const uint8_t rsvp_unicode_18_bitmap[] = {
    0x07, 0xe5, 0x00, 0x9f, 0x60, 0x00, 0x10, 0x00, 0x00, 0x00, 0x02, 0xe0, 0x00, 0x3f, 0x00, 0x04,
    0xf1, 0x00, 0x5f, 0x10, 0x05, 0xf2, 0x00, 0x6f, 0x30, 0x07, 0xf4, 0x00, 0x8f, 0x40, 0x08, 0xf5,
    0x00, 0x00, 0x00, 0x0d, 0x60, 0x00, 0x00, 0x05, 0xcf, 0xfe, 0x70, 0x00, 0x6f, 0xb6, 0x58, 0x50,
    0x00, 0xec, 0x00, 0x00, 0x00, 0x03, 0xf7, 0x00, 0x00, 0x00, 0x05, 0xf4, 0x00, 0x00, 0x00, 0x05,
    0xf4, 0x00, 0x00, 0x00, 0x04, 0xf6, 0x00, 0x00, 0x00, 0x01, 0xfa, 0x00, 0x00, 0x00, 0x00, 0x9f,
    0x93, 0x24, 0x40, 0x00, 0x09, 0xff, 0xff, 0x70, 0x00, 0x00, 0x1e, 0x71, 0x00, 0x00, 0x00, 0x0d,
    0x50, 0x00, 0x00, 0x03, 0xbe, 0xec, 0x81, 0x00, 0x2e, 0xc6, 0x69, 0xc0, 0x00, 0x7f, 0x20, 0x00,
    0x00, 0x00, 0x9e, 0x00, 0x00, 0x00, 0x00, 0xae, 0x00, 0x00, 0x00, 0x01, 0xae, 0x11, 0x11, 0x00,
    0x6f, 0xff, 0xff, 0xf9, 0x00, 0x14, 0xbe, 0x44, 0x42, 0x00, 0x00, 0xae, 0x00, 0x00, 0x00, 0x00,
    0xae, 0x00, 0x00, 0x00, 0x00, 0xda, 0x00, 0x00, 0x00, 0x2b, 0xe6, 0x55, 0x55, 0x53, 0x6f, 0xff,
    0xff, 0xff, 0xf9, 0x03, 0x20, 0x00, 0x00, 0x40, 0x0b, 0xd8, 0xde, 0x9a, 0xe1, 0x01, 0xee, 0x76,
    0xcf, 0x40, 0x02, 0xf3, 0x00, 0x1d, 0x60, 0x05, 0xd0, 0x00, 0x08, 0x90, 0x03, 0xe1, 0x00, 0x0b,
    0x80, 0x00, 0xec, 0x32, 0x9f, 0x30, 0x08, 0xec, 0xff, 0xdd, 0xc0, 0x05, 0x40, 0x23, 0x02, 0x80,
    0x00, 0x00, 0x00, 0x00, 0x00, 0x00, 0x00, 0x00, 0x00, 0x00, 0x7f, 0x30, 0x00, 0x00, 0xdb, 0x01,
    0xea, 0x00, 0x00, 0x6f, 0x30, 0x07, 0xf3, 0x00, 0x0d, 0xb0, 0x00, 0x1e, 0xb0, 0x07, 0xf3, 0x00,
    0x00, 0x6f, 0x31, 0xea, 0x00, 0x00, 0x00, 0xdb, 0x7f, 0x20, 0x00, 0x00, 0x17, 0xfe, 0xa1, 0x10,
    0x00, 0x5f, 0xff, 0xff, 0xf9, 0x00, 0x02, 0x55, 0xbe, 0x55, 0x30, 0x00, 0x5f, 0xff, 0xff, 0xf9,
    0x00, 0x01, 0x44, 0xbe, 0x44, 0x20, 0x00, 0x00, 0x0a, 0xe0, 0x00, 0x00, 0x00, 0x00, 0xae, 0x00,
    0x00, 0x00, 0x00, 0x00, 0xb9, 0x00, 0x00, 0x00, 0x00, 0xb9, 0x00, 0x00, 0x00, 0x00, 0xb9, 0x00,
    0x00, 0x00, 0x00, 0xb9, 0x00, 0x00, 0x00, 0x00, 0xb9, 0x00, 0x00, 0x00, 0x00, 0xb9, 0x00, 0x00,
    0x00, 0x00, 0xb9, 0x00, 0x00, 0x00, 0x00, 0x00, 0x00, 0x00, 0x00, 0x00, 0x00, 0x00, 0x00, 0x00,
    0x00, 0x00, 0x00, 0x00, 0x00, 0x00, 0x00, 0x00, 0x00, 0x00, 0x00, 0xb9, 0x00, 0x00, 0x00, 0x00,
    0xb9, 0x00, 0x00, 0x00, 0x00, 0xb9, 0x00, 0x00, 0x00, 0x00, 0xb9, 0x00, 0x00, 0x00, 0x00, 0xb9,
    0x00, 0x00, 0x00, 0x00, 0xb9, 0x00, 0x00, 0x00, 0x00, 0xb9, 0x00, 0x00, 0x00, 0x7d, 0xee, 0xc6,
    0x00, 0x7f, 0x85, 0x6a, 0x80, 0x0a, 0xc0, 0x00, 0x00, 0x00, 0x6f, 0xa2, 0x00, 0x00, 0x00, 0xbf,
    0xfb, 0x40, 0x00, 0x6e, 0x44, 0xbf, 0x70, 0x0b, 0x90, 0x00, 0x9e, 0x00, 0xad, 0x20, 0x06, 0xe0,
    0x02, 0xde, 0x95, 0xd8, 0x00, 0x00, 0x6c, 0xfe, 0x20, 0x00, 0x00, 0x04, 0xdc, 0x00, 0x00, 0x00,
    0x08, 0xf0, 0x0c, 0x96, 0x58, 0xeb, 0x00, 0x8d, 0xfe, 0xd8, 0x10, 0x00, 0x00, 0x00, 0x00, 0x00,
    0x00, 0x3f, 0x40, 0xc9, 0x00, 0x00, 0x03, 0x00, 0x21, 0x00, 0x00, 0x00, 0x00, 0x00, 0x00, 0x00,
    0x00, 0x00, 0x00, 0x00, 0x00, 0x00, 0x00, 0x00, 0x00, 0x00, 0x00, 0x00, 0x00, 0x00, 0x00, 0x00,
    0x00, 0x00, 0x00, 0x00, 0x00, 0x00, 0x00, 0x00, 0x00, 0x00, 0x00, 0x00, 0x00, 0x00, 0x00, 0x00,
    0x00, 0x00, 0x00, 0x00, 0x00, 0x00, 0x00, 0x00, 0x00, 0x00, 0x00, 0x00, 0x00, 0x00, 0x00, 0x00,
    0x00, 0x00, 0x00, 0x00, 0x01, 0x00, 0x00, 0x00, 0x00, 0x00, 0x06, 0xcf, 0xff, 0xb5, 0x00, 0x00,
    0x00, 0x1c, 0xe9, 0x55, 0x59, 0xfb, 0x10, 0x00, 0x0c, 0xb1, 0x4c, 0xff, 0xa2, 0xcb, 0x00, 0x06,
    0xc1, 0x2f, 0xb5, 0x67, 0x01, 0xd5, 0x00, 0xc5, 0x08, 0xe1, 0x00, 0x00, 0x06, 0xb0, 0x0f, 0x00,
    0xba, 0x00, 0x00, 0x00, 0x1f, 0x02, 0xe0, 0x0b, 0xa0, 0x00, 0x00, 0x00, 0xe1, 0x1f, 0x00, 0x9d,
    0x00, 0x00, 0x00, 0x1f, 0x00, 0xd4, 0x03, 0xf8, 0x22, 0x40, 0x05, 0xc0, 0x08, 0xc0, 0x07, 0xff,
    0xfa, 0x00, 0xc7, 0x00, 0x1d, 0xa0, 0x01, 0x32, 0x01, 0xad, 0x10, 0x00, 0x3d, 0xd6, 0x31, 0x37,
    0xdd, 0x20, 0x00, 0x00, 0x19, 0xef, 0xff, 0xe9, 0x10, 0x00, 0x00, 0x00, 0x00, 0x23, 0x20, 0x00,
    0x00, 0x00, 0x0a, 0xcd, 0xb1, 0x01, 0x00, 0xa7, 0x08, 0xdc, 0xe8, 0x5d, 0x10, 0x98, 0x5c, 0x01,
    0xd8, 0x1b, 0xdb, 0xa8, 0x00, 0x00, 0x00, 0x00, 0x00, 0x00, 0x00, 0x00, 0x00, 0x00, 0x00, 0x00,
    0x00, 0x00, 0x00, 0x00, 0x00, 0x00, 0x00, 0x00, 0x00, 0x00, 0x03, 0x10, 0x04, 0x00, 0x02, 0xe9,
    0x07, 0xf3, 0x01, 0xdc, 0x05, 0xf6, 0x00, 0xbd, 0x13, 0xe8, 0x00, 0x2f, 0x90, 0x8f, 0x30, 0x00,
    0x5f, 0x60, 0xbd, 0x10, 0x00, 0x7f, 0x31, 0xdb, 0x00, 0x00, 0x97, 0x02, 0xc2, 0x00, 0x00, 0x00,
    0x00, 0x00, 0x01, 0x11, 0x11, 0x11, 0x10, 0x1f, 0xff, 0xff, 0xff, 0xf5, 0x04, 0x44, 0x44, 0x44,
    0xe5, 0x00, 0x00, 0x00, 0x00, 0xe5, 0x00, 0x00, 0x00, 0x00, 0xe5, 0x00, 0x00, 0x00, 0x00, 0xa4,
    0x00, 0x00, 0x00, 0x00, 0x00, 0x00, 0x00, 0x00, 0x00, 0x00, 0x01, 0x11, 0x10, 0x4f, 0xff, 0xf1,
    0x14, 0x44, 0x40, 0x00, 0x00, 0x00, 0x00, 0x00, 0x00, 0x00, 0x00, 0x00, 0x00, 0x00, 0x00, 0x00,
    0x00, 0x00, 0x01, 0x00, 0x00, 0x00, 0x00, 0x00, 0x06, 0xcf, 0xff, 0xb5, 0x00, 0x00, 0x00, 0x1c,
    0xe9, 0x54, 0x59, 0xfb, 0x10, 0x00, 0x0c, 0xb1, 0x11, 0x10, 0x02, 0xcb, 0x00, 0x06, 0xc1, 0x0f,
    0xff, 0xe7, 0x01, 0xd5, 0x00, 0xc5, 0x00, 0xf8, 0x49, 0xf1, 0x06, 0xb0, 0x0f, 0x00, 0x0f, 0x72,
    0x8f, 0x10, 0x1f, 0x02, 0xe0, 0x00, 0xff, 0xfe, 0x50, 0x00, 0xe1, 0x1f, 0x00, 0x0f, 0x87, 0xf3,
    0x00, 0x1f, 0x00, 0xd4, 0x00, 0xf6, 0x0b, 0xc0, 0x05, 0xc0, 0x08, 0xc0, 0x0f, 0x60, 0x2f, 0x60,
    0xc7, 0x00, 0x1d, 0xa0, 0x42, 0x00, 0x34, 0xad, 0x10, 0x00, 0x3d, 0xd6, 0x31, 0x37, 0xdd, 0x20,
    0x00, 0x00, 0x19, 0xef, 0xff, 0xe9, 0x10, 0x00, 0x00, 0x00, 0x00, 0x23, 0x20, 0x00, 0x00, 0x00,
    0x01, 0x11, 0x11, 0x11, 0x11, 0x01, 0xff, 0xff, 0xff, 0xff, 0xf1, 0x04, 0x44, 0x44, 0x44, 0x44,
    0x00, 0x00, 0x00, 0x00, 0x00, 0x00, 0x00, 0x00, 0x00, 0x00, 0x00, 0x00, 0x00, 0x00, 0x00, 0x00,
    0x00, 0x00, 0x00, 0x00, 0x00, 0x00, 0x00, 0x00, 0x00, 0x00, 0x00, 0x00, 0x00, 0x00, 0x00, 0x00,
    0x00, 0x00, 0x00, 0x00, 0x00, 0x00, 0x00, 0x00, 0x00, 0x00, 0x00, 0x00, 0x00, 0x00, 0x00, 0x00,
    0x00, 0x00, 0x00, 0x00, 0x00, 0x00, 0x00, 0x00, 0x00, 0x00, 0x00, 0x00, 0x00, 0x00, 0x00, 0x00,
    0x00, 0x00, 0x00, 0x00, 0x00, 0x00, 0x00, 0x00, 0x00, 0x00, 0x00, 0x00, 0x02, 0xbf, 0xe9, 0x00,
    0x0b, 0xb4, 0x5d, 0x70, 0x0f, 0x30, 0x08, 0xa0, 0x0c, 0x92, 0x3c, 0x80, 0x03, 0xef, 0xfb, 0x10,
    0x00, 0x03, 0x20, 0x00, 0x00, 0x00, 0x00, 0x00, 0x00, 0x00, 0x00, 0x00, 0x00, 0x00, 0x00, 0x00,
    0x00, 0x00, 0x00, 0x00, 0x00, 0x00, 0x00, 0x00, 0x00, 0x00, 0x00, 0x00, 0x00, 0x00, 0x00, 0x00,
    0x00, 0x00, 0x8c, 0x00, 0x00, 0x00, 0x00, 0x8c, 0x00, 0x00, 0x00, 0x00, 0x8c, 0x00, 0x00, 0x01,
    0x11, 0x8c, 0x11, 0x10, 0x1f, 0xff, 0xff, 0xff, 0xf5, 0x04, 0x44, 0xad, 0x44, 0x41, 0x00, 0x00,
    0x8c, 0x00, 0x00, 0x00, 0x00, 0x8c, 0x00, 0x00, 0x00, 0x00, 0x8c, 0x00, 0x00, 0x05, 0x55, 0x55,
    0x55, 0x52, 0x1f, 0xff, 0xff, 0xff, 0xf6, 0x18, 0xee, 0x90, 0x3b, 0x44, 0xe6, 0x00, 0x00, 0xc7,
    0x00, 0x02, 0xf3, 0x00, 0x1d, 0x70, 0x01, 0xc8, 0x00, 0x1c, 0x80, 0x00, 0x8f, 0xff, 0xf7, 0x12,
    0x22, 0x21, 0x00, 0x00, 0x00, 0x00, 0x00, 0x00, 0x00, 0x00, 0x00, 0x00, 0x00, 0x00, 0x00, 0x00,
    0x00, 0x00, 0x00, 0x00, 0x00, 0x00, 0x00, 0x2a, 0xde, 0xa1, 0x37, 0x34, 0xe7, 0x00, 0x02, 0xe6,
    0x08, 0xff, 0xa0, 0x01, 0x25, 0xd7, 0x00, 0x00, 0x8b, 0x53, 0x02, 0xd8, 0x8f, 0xff, 0xb1, 0x00,
    0x21, 0x00, 0x00, 0x00, 0x00, 0x00, 0x00, 0x00, 0x00, 0x00, 0x00, 0x00, 0x00, 0x00, 0x00, 0x00,
    0x00, 0x00, 0x00, 0x00, 0x00, 0xce, 0x20, 0x6f, 0x50, 0x2e, 0x50, 0x00, 0x00, 0x00, 0x00, 0x00,
    0x00, 0x00, 0x00, 0x00, 0x00, 0x00, 0x00, 0x00, 0x00, 0x00, 0x00, 0x00, 0x00, 0x00, 0x00, 0x00,
    0x00, 0x00, 0x00, 0x00, 0x00, 0x00, 0x00, 0x07, 0xf2, 0x00, 0x00, 0xea, 0x00, 0x7f, 0x20, 0x00,
    0x0e, 0xa0, 0x07, 0xf2, 0x00, 0x00, 0xea, 0x00, 0x7f, 0x20, 0x00, 0x0e, 0xa0, 0x07, 0xf2, 0x00,
    0x00, 0xea, 0x00, 0x7f, 0x20, 0x00, 0x0e, 0xa0, 0x07, 0xf2, 0x00, 0x01, 0xfa, 0x00, 0x7f, 0x50,
    0x00, 0x6f, 0xa0, 0x07, 0xfe, 0x76, 0x9e, 0xea, 0x00, 0x7f, 0x8d, 0xeb, 0x3a, 0xa0, 0x07, 0xf1,
    0x00, 0x00, 0x00, 0x00, 0x7f, 0x20, 0x00, 0x00, 0x00, 0x07, 0xf2, 0x00, 0x00, 0x00, 0x00, 0x7f,
    0x20, 0x00, 0x00, 0x00, 0x00, 0x4c, 0xef, 0xff, 0xfd, 0x00, 0x04, 0xff, 0xff, 0xf5, 0x6d, 0x00,
    0x0b, 0xff, 0xff, 0xf0, 0x2d, 0x00, 0x0e, 0xff, 0xff, 0xf0, 0x2d, 0x00, 0x0f, 0xff, 0xff, 0xf0,
    0x2d, 0x00, 0x0e, 0xff, 0xff, 0xf0, 0x2d, 0x00, 0x0c, 0xff, 0xff, 0xf0, 0x2d, 0x00, 0x07, 0xff,
    0xff, 0xf0, 0x2d, 0x00, 0x00, 0xaf, 0xff, 0xf0, 0x2d, 0x00, 0x00, 0x02, 0x44, 0xf0, 0x2d, 0x00,
    0x00, 0x00, 0x01, 0xf0, 0x2d, 0x00, 0x00, 0x00, 0x01, 0xf0, 0x2d, 0x00, 0x00, 0x00, 0x01, 0xf0,
    0x2d, 0x00, 0x00, 0x00, 0x01, 0xf0, 0x2d, 0x00, 0x00, 0x00, 0x01, 0xf0, 0x2d, 0x00, 0x00, 0x00,
    0x01, 0xf0, 0x2d, 0x00, 0x00, 0x00, 0x00, 0x50, 0x14, 0x00, 0x00, 0x10, 0x00, 0x9f, 0x60, 0x07,
    0xe5, 0x00, 0x00, 0x00, 0x00, 0x00, 0x00, 0x00, 0x00, 0x00, 0x00, 0x00, 0x00, 0x00, 0x03, 0x50,
    0x0c, 0x80, 0x05, 0xc9, 0x00, 0x9b, 0xbe, 0xc3, 0x01, 0x9f, 0x50, 0x1c, 0xbe, 0x50, 0x06, 0x0e,
    0x50, 0x00, 0x0e, 0x50, 0x00, 0x0e, 0x50, 0x00, 0x0e, 0x50, 0x00, 0x0e, 0x50, 0x00, 0x0e, 0x50,
    0x00, 0x00, 0x00, 0x00, 0x00, 0x00, 0x00, 0x00, 0x00, 0x00, 0x00, 0x00, 0x00, 0x00, 0x00, 0x00,
    0x00, 0x00, 0x00, 0x00, 0x00, 0x05, 0xcc, 0xb3, 0x02, 0xe2, 0x05, 0xd0, 0x5b, 0x00, 0x0f, 0x25,
    0xb0, 0x00, 0xf2, 0x1e, 0x30, 0x6c, 0x00, 0x3b, 0xca, 0x20, 0x00, 0x00, 0x00, 0x00, 0x00, 0x00,
    0x00, 0x00, 0x00, 0x00, 0x00, 0x00, 0x00, 0x00, 0x00, 0x00, 0x00, 0x00, 0x00, 0x00, 0x00, 0x00,
    0x00, 0x00, 0x00, 0x04, 0x00, 0x14, 0x00, 0x01, 0xea, 0x06, 0xf3, 0x00, 0x04, 0xf7, 0x0a, 0xe2,
    0x00, 0x06, 0xf5, 0x1c, 0xd1, 0x00, 0x1e, 0xa0, 0x7f, 0x40, 0x0c, 0xd1, 0x4f, 0x70, 0x09, 0xe2,
    0x2e, 0x90, 0x01, 0xc4, 0x05, 0xb0, 0x00, 0x00, 0x00, 0x00, 0x00, 0x00, 0x01, 0xaf, 0x40, 0x00,
    0x03, 0xf3, 0x00, 0x2d, 0x9f, 0x40, 0x00, 0x0c, 0x80, 0x00, 0x04, 0x0f, 0x40, 0x00, 0x6e, 0x10,
    0x00, 0x00, 0x0f, 0x40, 0x01, 0xe5, 0x00, 0x00, 0x00, 0x0f, 0x40, 0x09, 0xb0, 0x00, 0x00, 0x00,
    0x0f, 0x40, 0x3f, 0x30, 0x8f, 0x20, 0x00, 0x0f, 0x40, 0xc8, 0x03, 0xef, 0x20, 0x00, 0x0f, 0x46,
    0xd1, 0x0d, 0x8f, 0x20, 0x00, 0x00, 0x1e, 0x50, 0x8a, 0x3f, 0x20, 0x00, 0x00, 0x9b, 0x04, 0xd1,
    0x3f, 0x20, 0x00, 0x03, 0xf2, 0x0a, 0xff, 0xff, 0xf4, 0x00, 0x0c, 0x80, 0x01, 0x22, 0x5f, 0x41,
    0x00, 0x7d, 0x10, 0x00, 0x00, 0x3f, 0x20, 0x02, 0xcf, 0x10, 0x00, 0x0b, 0x90, 0x00, 0x4e, 0xaf,
    0x10, 0x00, 0x5e, 0x10, 0x00, 0x24, 0x3f, 0x10, 0x00, 0xd7, 0x00, 0x00, 0x00, 0x4f, 0x10, 0x07,
    0xc0, 0x00, 0x00, 0x00, 0x4f, 0x10, 0x2e, 0x40, 0x00, 0x00, 0x00, 0x4f, 0x10, 0xaa, 0x3b, 0xec,
    0x40, 0x00, 0x4f, 0x14, 0xe2, 0x97, 0x38, 0xe0, 0x00, 0x4f, 0x1d, 0x70, 0x00, 0x03, 0xf1, 0x00,
    0x00, 0x7d, 0x00, 0x00, 0x09, 0xb0, 0x00, 0x01, 0xe4, 0x00, 0x00, 0x6d, 0x20, 0x00, 0x0a, 0xb0,
    0x00, 0x06, 0xd2, 0x00, 0x00, 0x3f, 0x20, 0x00, 0x6e, 0x31, 0x10, 0x00, 0xc8, 0x00, 0x00, 0xff,
    0xff, 0xf1, 0x01, 0x41, 0x00, 0x00, 0x44, 0x44, 0x40, 0x00, 0x00, 0x00, 0x00, 0x00, 0x01, 0x00,
    0x2b, 0xff, 0xb1, 0x00, 0x00, 0x7d, 0x10, 0x48, 0x56, 0xe7, 0x00, 0x01, 0xe5, 0x00, 0x01, 0x14,
    0xe5, 0x00, 0x0a, 0xb0, 0x00, 0x08, 0xff, 0xa0, 0x00, 0x4f, 0x20, 0x00, 0x02, 0x46, 0xe7, 0x00,
    0xc8, 0x00, 0x00, 0x00, 0x00, 0x9a, 0x07, 0xd1, 0x0c, 0xc0, 0x74, 0x23, 0xd8, 0x1e, 0x50, 0x8e,
    0xc0, 0x8f, 0xff, 0xc1, 0xab, 0x03, 0xd9, 0xc0, 0x01, 0x32, 0x04, 0xf2, 0x1d, 0x48, 0xc0, 0x00,
    0x00, 0x0c, 0x80, 0x99, 0x08, 0xc0, 0x00, 0x00, 0x7d, 0x11, 0xff, 0xff, 0xfd, 0x00, 0x01, 0xe5,
    0x00, 0x22, 0x29, 0xc2, 0x00, 0x0a, 0xb0, 0x00, 0x00, 0x08, 0xc0, 0x00, 0x05, 0xe7, 0x00, 0x00,
    0x06, 0xf8, 0x00, 0x00, 0x00, 0x10, 0x00, 0x00, 0x00, 0x61, 0x00, 0x00, 0x01, 0xf3, 0x00, 0x00,
    0x08, 0xe1, 0x00, 0x00, 0x8f, 0x60, 0x00, 0x09, 0xf6, 0x00, 0x00, 0x4f, 0x60, 0x00, 0x00, 0x7f,
    0x00, 0x00, 0x00, 0x7f, 0x20, 0x00, 0x00, 0x2e, 0xc6, 0x68, 0xd4, 0x03, 0xbe, 0xec, 0x82, 0x00,
    0x06, 0xf8, 0x00, 0x00, 0x00, 0x00, 0x00, 0x9e, 0x20, 0x00, 0x00, 0x00, 0x00, 0x09, 0xb0, 0x00,
    0x00, 0x00, 0x00, 0x00, 0x00, 0x00, 0x00, 0x00, 0x00, 0x3f, 0xa0, 0x00, 0x00, 0x00, 0x00, 0x8f,
    0xf1, 0x00, 0x00, 0x00, 0x00, 0xe9, 0xf7, 0x00, 0x00, 0x00, 0x05, 0xf4, 0xbc, 0x00, 0x00, 0x00,
    0x0b, 0xe0, 0x6f, 0x30, 0x00, 0x00, 0x2f, 0x80, 0x1f, 0x90, 0x00, 0x00, 0x7f, 0x30, 0x0b, 0xe1,
    0x00, 0x00, 0xdd, 0x22, 0x27, 0xf6, 0x00, 0x04, 0xff, 0xff, 0xff, 0xfb, 0x00, 0x0a, 0xf5, 0x55,
    0x55, 0xbf, 0x20, 0x1f, 0xa0, 0x00, 0x00, 0x4f, 0x80, 0x6f, 0x40, 0x00, 0x00, 0x0c, 0xd0, 0xcd,
    0x00, 0x00, 0x00, 0x06, 0xf4, 0x00, 0x00, 0x00, 0xde, 0x10, 0x00, 0x00, 0x00, 0x08, 0xf4, 0x00,
    0x00, 0x00, 0x00, 0x3e, 0x40, 0x00, 0x00, 0x00, 0x00, 0x00, 0x00, 0x00, 0x00, 0x00, 0x00, 0x3f,
    0xa0, 0x00, 0x00, 0x00, 0x00, 0x8f, 0xf1, 0x00, 0x00, 0x00, 0x00, 0xe9, 0xf7, 0x00, 0x00, 0x00,
    0x05, 0xf4, 0xbc, 0x00, 0x00, 0x00, 0x0b, 0xe0, 0x6f, 0x30, 0x00, 0x00, 0x2f, 0x80, 0x1f, 0x90,
    0x00, 0x00, 0x7f, 0x30, 0x0b, 0xe1, 0x00, 0x00, 0xdd, 0x22, 0x27, 0xf6, 0x00, 0x04, 0xff, 0xff,
    0xff, 0xfb, 0x00, 0x0a, 0xf5, 0x55, 0x55, 0xbf, 0x20, 0x1f, 0xa0, 0x00, 0x00, 0x4f, 0x80, 0x6f,
    0x40, 0x00, 0x00, 0x0c, 0xd0, 0xcd, 0x00, 0x00, 0x00, 0x06, 0xf4, 0x00, 0x00, 0x6f, 0xd0, 0x00,
    0x00, 0x00, 0x03, 0xe9, 0xea, 0x00, 0x00, 0x00, 0x1d, 0x70, 0x2c, 0x80, 0x00, 0x00, 0x00, 0x00,
    0x00, 0x00, 0x00, 0x00, 0x00, 0x3f, 0xa0, 0x00, 0x00, 0x00, 0x00, 0x8f, 0xf1, 0x00, 0x00, 0x00,
    0x00, 0xe9, 0xf7, 0x00, 0x00, 0x00, 0x05, 0xf4, 0xbc, 0x00, 0x00, 0x00, 0x0b, 0xe0, 0x6f, 0x30,
    0x00, 0x00, 0x2f, 0x80, 0x1f, 0x90, 0x00, 0x00, 0x7f, 0x30, 0x0b, 0xe1, 0x00, 0x00, 0xdd, 0x22,
    0x27, 0xf6, 0x00, 0x04, 0xff, 0xff, 0xff, 0xfb, 0x00, 0x0a, 0xf5, 0x55, 0x55, 0xbf, 0x20, 0x1f,
    0xa0, 0x00, 0x00, 0x4f, 0x80, 0x6f, 0x40, 0x00, 0x00, 0x0c, 0xd0, 0xcd, 0x00, 0x00, 0x00, 0x06,
    0xf4, 0x00, 0x00, 0x10, 0x00, 0x10, 0x00, 0x00, 0x1c, 0xfb, 0x44, 0xd0, 0x00, 0x00, 0x6b, 0x5b,
    0xff, 0x60, 0x00, 0x00, 0x21, 0x00, 0x22, 0x00, 0x00, 0x00, 0x00, 0x3f, 0xa0, 0x00, 0x00, 0x00,
    0x00, 0x8f, 0xf1, 0x00, 0x00, 0x00, 0x00, 0xe9, 0xf7, 0x00, 0x00, 0x00, 0x05, 0xf4, 0xbc, 0x00,
    0x00, 0x00, 0x0b, 0xe0, 0x6f, 0x30, 0x00, 0x00, 0x2f, 0x80, 0x1f, 0x90, 0x00, 0x00, 0x7f, 0x30,
    0x0b, 0xe1, 0x00, 0x00, 0xdd, 0x22, 0x27, 0xf6, 0x00, 0x04, 0xff, 0xff, 0xff, 0xfb, 0x00, 0x0a,
    0xf5, 0x55, 0x55, 0xbf, 0x20, 0x1f, 0xa0, 0x00, 0x00, 0x4f, 0x80, 0x6f, 0x40, 0x00, 0x00, 0x0c,
    0xd0, 0xcd, 0x00, 0x00, 0x00, 0x06, 0xf4, 0x00, 0x00, 0x00, 0x00, 0x00, 0x00, 0x00, 0x0a, 0xb0,
    0x5f, 0x20, 0x00, 0x00, 0x01, 0x20, 0x03, 0x00, 0x00, 0x00, 0x00, 0x00, 0x00, 0x00, 0x00, 0x00,
    0x00, 0x3f, 0xa0, 0x00, 0x00, 0x00, 0x00, 0x8f, 0xf1, 0x00, 0x00, 0x00, 0x00, 0xe9, 0xf7, 0x00,
    0x00, 0x00, 0x05, 0xf4, 0xbc, 0x00, 0x00, 0x00, 0x0b, 0xe0, 0x6f, 0x30, 0x00, 0x00, 0x2f, 0x80,
    0x1f, 0x90, 0x00, 0x00, 0x7f, 0x30, 0x0b, 0xe1, 0x00, 0x00, 0xdd, 0x22, 0x27, 0xf6, 0x00, 0x04,
    0xff, 0xff, 0xff, 0xfb, 0x00, 0x0a, 0xf5, 0x55, 0x55, 0xbf, 0x20, 0x1f, 0xa0, 0x00, 0x00, 0x4f,
    0x80, 0x6f, 0x40, 0x00, 0x00, 0x0c, 0xd0, 0xcd, 0x00, 0x00, 0x00, 0x06, 0xf4, 0x00, 0x00, 0x00,
    0x00, 0x00, 0x00, 0x00, 0x00, 0x9f, 0xd2, 0x00, 0x00, 0x00, 0x02, 0xe5, 0xa9, 0x00, 0x00, 0x00,
    0x03, 0xd2, 0x8a, 0x00, 0x00, 0x00, 0x00, 0xef, 0xf4, 0x00, 0x00, 0x00, 0x00, 0x9f, 0xf1, 0x00,
    0x00, 0x00, 0x00, 0xe9, 0xf7, 0x00, 0x00, 0x00, 0x05, 0xf4, 0xbc, 0x00, 0x00, 0x00, 0x0b, 0xe0,
    0x6f, 0x30, 0x00, 0x00, 0x2f, 0x80, 0x1f, 0x90, 0x00, 0x00, 0x7f, 0x30, 0x0b, 0xe1, 0x00, 0x00,
    0xdd, 0x22, 0x27, 0xf6, 0x00, 0x04, 0xff, 0xff, 0xff, 0xfb, 0x00, 0x0a, 0xf5, 0x55, 0x55, 0xbf,
    0x20, 0x1f, 0xa0, 0x00, 0x00, 0x4f, 0x80, 0x6f, 0x40, 0x00, 0x00, 0x0c, 0xd0, 0xcd, 0x00, 0x00,
    0x00, 0x06, 0xf4, 0x00, 0x00, 0x00, 0x2f, 0xff, 0xff, 0xff, 0xfc, 0x00, 0x00, 0x00, 0x09, 0xe5,
    0xec, 0x55, 0x55, 0x40, 0x00, 0x00, 0x02, 0xf8, 0x0e, 0xb0, 0x00, 0x00, 0x00, 0x00, 0x00, 0x9f,
    0x20, 0xeb, 0x00, 0x00, 0x00, 0x00, 0x00, 0x1e, 0xa0, 0x0e, 0xb0, 0x00, 0x00, 0x00, 0x00, 0x08,
    0xf4, 0x00, 0xeb, 0x11, 0x11, 0x00, 0x00, 0x01, 0xec, 0x00, 0x0e, 0xff, 0xff, 0xf7, 0x00, 0x00,
    0x7f, 0x71, 0x11, 0xec, 0x44, 0x44, 0x20, 0x00, 0x0d, 0xff, 0xff, 0xff, 0xb0, 0x00, 0x00, 0x00,
    0x06, 0xf8, 0x44, 0x44, 0xeb, 0x00, 0x00, 0x00, 0x00, 0xde, 0x10, 0x00, 0x0e, 0xb0, 0x00, 0x00,
    0x00, 0x5f, 0x60, 0x00, 0x00, 0xec, 0x55, 0x55, 0x40, 0x0c, 0xd0, 0x00, 0x00, 0x0e, 0xff, 0xff,
    0xfc, 0x00, 0x00, 0x01, 0x6c, 0xef, 0xdb, 0x50, 0x02, 0xcf, 0xa6, 0x68, 0xd7, 0x00, 0xcf, 0x40,
    0x00, 0x00, 0x00, 0x5f, 0x70, 0x00, 0x00, 0x00, 0x0a, 0xf1, 0x00, 0x00, 0x00, 0x00, 0xcd, 0x00,
    0x00, 0x00, 0x00, 0x0d, 0xc0, 0x00, 0x00, 0x00, 0x00, 0xcd, 0x00, 0x00, 0x00, 0x00, 0x0a, 0xf1,
    0x00, 0x00, 0x00, 0x00, 0x6f, 0x70, 0x00, 0x00, 0x00, 0x01, 0xde, 0x30, 0x00, 0x00, 0x00, 0x03,
    0xef, 0x96, 0x57, 0x94, 0x00, 0x01, 0x8c, 0xff, 0xeb, 0x30, 0x00, 0x00, 0x2f, 0x40, 0x00, 0x00,
    0x00, 0x01, 0x6e, 0x50, 0x00, 0x00, 0x00, 0x01, 0xd6, 0x00, 0x00, 0x00, 0x1f, 0xea, 0x10, 0x00,
    0x00, 0x0a, 0xf4, 0x00, 0x00, 0x00, 0x01, 0xcd, 0x00, 0x00, 0x00, 0x00, 0x1c, 0x80, 0x00, 0x00,
    0x00, 0x00, 0x00, 0x00, 0x04, 0xff, 0xff, 0xff, 0xe0, 0x04, 0xf9, 0x55, 0x55, 0x50, 0x04, 0xf5,
    0x00, 0x00, 0x00, 0x04, 0xf5, 0x00, 0x00, 0x00, 0x04, 0xf5, 0x00, 0x00, 0x00, 0x04, 0xf6, 0x11,
    0x11, 0x10, 0x04, 0xff, 0xff, 0xff, 0x90, 0x04, 0xf8, 0x44, 0x44, 0x20, 0x04, 0xf5, 0x00, 0x00,
    0x00, 0x04, 0xf5, 0x00, 0x00, 0x00, 0x04, 0xf5, 0x00, 0x00, 0x00, 0x04, 0xf9, 0x55, 0x55, 0x50,
    0x04, 0xff, 0xff, 0xff, 0xe0, 0x00, 0x00, 0x02, 0xfc, 0x00, 0x00, 0x00, 0x0b, 0xd1, 0x00, 0x00,
    0x00, 0x6d, 0x20, 0x00, 0x00, 0x00, 0x00, 0x00, 0x00, 0x04, 0xff, 0xff, 0xff, 0xe0, 0x04, 0xf9,
    0x55, 0x55, 0x50, 0x04, 0xf5, 0x00, 0x00, 0x00, 0x04, 0xf5, 0x00, 0x00, 0x00, 0x04, 0xf5, 0x00,
    0x00, 0x00, 0x04, 0xf6, 0x11, 0x11, 0x10, 0x04, 0xff, 0xff, 0xff, 0x90, 0x04, 0xf8, 0x44, 0x44,
    0x20, 0x04, 0xf5, 0x00, 0x00, 0x00, 0x04, 0xf5, 0x00, 0x00, 0x00, 0x04, 0xf5, 0x00, 0x00, 0x00,
    0x04, 0xf9, 0x55, 0x55, 0x50, 0x04, 0xff, 0xff, 0xff, 0xe0, 0x00, 0x00, 0xaf, 0xa0, 0x00, 0x00,
    0x06, 0xf8, 0xf6, 0x00, 0x00, 0x4e, 0x40, 0x4e, 0x40, 0x00, 0x00, 0x00, 0x00, 0x00, 0x04, 0xff,
    0xff, 0xff, 0xe0, 0x04, 0xf9, 0x55, 0x55, 0x50, 0x04, 0xf5, 0x00, 0x00, 0x00, 0x04, 0xf5, 0x00,
    0x00, 0x00, 0x04, 0xf5, 0x00, 0x00, 0x00, 0x04, 0xf6, 0x11, 0x11, 0x10, 0x04, 0xff, 0xff, 0xff,
    0x90, 0x04, 0xf8, 0x44, 0x44, 0x20, 0x04, 0xf5, 0x00, 0x00, 0x00, 0x04, 0xf5, 0x00, 0x00, 0x00,
    0x04, 0xf5, 0x00, 0x00, 0x00, 0x04, 0xf9, 0x55, 0x55, 0x50, 0x04, 0xff, 0xff, 0xff, 0xe0, 0x00,
    0x00, 0x00, 0x00, 0x00, 0x00, 0x0e, 0x80, 0x8d, 0x00, 0x00, 0x02, 0x10, 0x12, 0x00, 0x00, 0x00,
    0x00, 0x00, 0x00, 0x04, 0xff, 0xff, 0xff, 0xe0, 0x04, 0xf9, 0x55, 0x55, 0x50, 0x04, 0xf5, 0x00,
    0x00, 0x00, 0x04, 0xf5, 0x00, 0x00, 0x00, 0x04, 0xf5, 0x00, 0x00, 0x00, 0x04, 0xf6, 0x11, 0x11,
    0x10, 0x04, 0xff, 0xff, 0xff, 0x90, 0x04, 0xf8, 0x44, 0x44, 0x20, 0x04, 0xf5, 0x00, 0x00, 0x00,
    0x04, 0xf5, 0x00, 0x00, 0x00, 0x04, 0xf5, 0x00, 0x00, 0x00, 0x04, 0xf9, 0x55, 0x55, 0x50, 0x04,
    0xff, 0xff, 0xff, 0xe0, 0x2e, 0xd0, 0x00, 0x04, 0xf7, 0x00, 0x00, 0x5e, 0x20, 0x00, 0x00, 0x00,
    0x4f, 0xff, 0xf5, 0x04, 0xde, 0x41, 0x00, 0xcd, 0x00, 0x00, 0xcd, 0x00, 0x00, 0xcd, 0x00, 0x00,
    0xcd, 0x00, 0x00, 0xcd, 0x00, 0x00, 0xcd, 0x00, 0x00, 0xcd, 0x00, 0x00, 0xcd, 0x00, 0x00, 0xcd,
    0x00, 0x02, 0xcd, 0x20, 0x4f, 0xff, 0xf5, 0x00, 0x09, 0xf5, 0x00, 0x3f, 0x80, 0x00, 0xc9, 0x00,
    0x00, 0x00, 0x00, 0x4f, 0xff, 0xf5, 0x04, 0xde, 0x41, 0x00, 0xcd, 0x00, 0x00, 0xcd, 0x00, 0x00,
    0xcd, 0x00, 0x00, 0xcd, 0x00, 0x00, 0xcd, 0x00, 0x00, 0xcd, 0x00, 0x00, 0xcd, 0x00, 0x00, 0xcd,
    0x00, 0x00, 0xcd, 0x00, 0x02, 0xcd, 0x20, 0x4f, 0xff, 0xf5, 0x02, 0xef, 0x30, 0x01, 0xcc, 0xbd,
    0x10, 0xab, 0x10, 0x9c, 0x00, 0x00, 0x00, 0x00, 0x4f, 0xff, 0xf5, 0x00, 0x4d, 0xe4, 0x10, 0x00,
    0xcd, 0x00, 0x00, 0x0c, 0xd0, 0x00, 0x00, 0xcd, 0x00, 0x00, 0x0c, 0xd0, 0x00, 0x00, 0xcd, 0x00,
    0x00, 0x0c, 0xd0, 0x00, 0x00, 0xcd, 0x00, 0x00, 0x0c, 0xd0, 0x00, 0x00, 0xcd, 0x00, 0x00, 0x2c,
    0xd2, 0x00, 0x4f, 0xff, 0xf5, 0x00, 0x00, 0x00, 0x00, 0x5f, 0x10, 0xe7, 0x03, 0x00, 0x21, 0x00,
    0x00, 0x00, 0x4f, 0xff, 0xf5, 0x04, 0xde, 0x41, 0x00, 0xcd, 0x00, 0x00, 0xcd, 0x00, 0x00, 0xcd,
    0x00, 0x00, 0xcd, 0x00, 0x00, 0xcd, 0x00, 0x00, 0xcd, 0x00, 0x00, 0xcd, 0x00, 0x00, 0xcd, 0x00,
    0x00, 0xcd, 0x00, 0x02, 0xcd, 0x20, 0x4f, 0xff, 0xf5, 0x02, 0xff, 0xff, 0xec, 0x71, 0x00, 0x00,
    0x2f, 0xa5, 0x56, 0xaf, 0xd3, 0x00, 0x02, 0xf7, 0x00, 0x00, 0x3e, 0xd1, 0x00, 0x2f, 0x70, 0x00,
    0x00, 0x4f, 0x70, 0x02, 0xf7, 0x00, 0x00, 0x00, 0xec, 0x01, 0x3f, 0x81, 0x11, 0x00, 0x0b, 0xe0,
    0x7f, 0xff, 0xff, 0xb0, 0x00, 0xaf, 0x02, 0x5f, 0x94, 0x43, 0x00, 0x0b, 0xe0, 0x02, 0xf7, 0x00,
    0x00, 0x00, 0xec, 0x00, 0x2f, 0x70, 0x00, 0x00, 0x6f, 0x70, 0x02, 0xf7, 0x00, 0x00, 0x4e, 0xd1,
    0x00, 0x2f, 0xa5, 0x57, 0xbf, 0xd2, 0x00, 0x02, 0xff, 0xff, 0xeb, 0x61, 0x00, 0x00, 0x00, 0x00,
    0x01, 0x00, 0x01, 0x00, 0x00, 0x00, 0x00, 0xaf, 0xc5, 0x3e, 0x00, 0x00, 0x00, 0x04, 0xd5, 0xaf,
    0xf8, 0x00, 0x00, 0x00, 0x02, 0x20, 0x01, 0x30, 0x00, 0x00, 0x04, 0xfd, 0x10, 0x00, 0x00, 0x9e,
    0x00, 0x04, 0xff, 0x90, 0x00, 0x00, 0x9e, 0x00, 0x04, 0xfc, 0xf4, 0x00, 0x00, 0x9e, 0x00, 0x04,
    0xf4, 0xed, 0x00, 0x00, 0x9e, 0x00, 0x04, 0xf3, 0x6f, 0x80, 0x00, 0x9e, 0x00, 0x04, 0xf3, 0x0c,
    0xf3, 0x00, 0x9e, 0x00, 0x04, 0xf4, 0x02, 0xfc, 0x00, 0x9e, 0x00, 0x04, 0xf4, 0x00, 0x7f, 0x70,
    0x9e, 0x00, 0x04, 0xf4, 0x00, 0x0c, 0xe2, 0x8e, 0x00, 0x04, 0xf4, 0x00, 0x03, 0xfb, 0x8e, 0x00,
    0x04, 0xf4, 0x00, 0x00, 0x8f, 0xce, 0x00, 0x04, 0xf4, 0x00, 0x00, 0x1d, 0xfe, 0x00, 0x04, 0xf4,
    0x00, 0x00, 0x04, 0xfe, 0x00, 0x00, 0x00, 0x2e, 0xc0, 0x00, 0x00, 0x00, 0x00, 0x00, 0x05, 0xf6,
    0x00, 0x00, 0x00, 0x00, 0x00, 0x00, 0x5e, 0x20, 0x00, 0x00, 0x00, 0x00, 0x00, 0x00, 0x00, 0x00,
    0x00, 0x00, 0x01, 0x8c, 0xee, 0xc8, 0x10, 0x00, 0x00, 0x3d, 0xe9, 0x65, 0x8e, 0xe3, 0x00, 0x01,
    0xde, 0x20, 0x00, 0x02, 0xdd, 0x10, 0x06, 0xf6, 0x00, 0x00, 0x00, 0x5f, 0x60, 0x0a, 0xf1, 0x00,
    0x00, 0x00, 0x0e, 0xb0, 0x0c, 0xd0, 0x00, 0x00, 0x00, 0x0c, 0xd0, 0x0d, 0xc0, 0x00, 0x00, 0x00,
    0x0c, 0xe0, 0x0c, 0xd0, 0x00, 0x00, 0x00, 0x0c, 0xd0, 0x0a, 0xf1, 0x00, 0x00, 0x00, 0x0f, 0xb0,
    0x06, 0xf6, 0x00, 0x00, 0x00, 0x5f, 0x60, 0x00, 0xde, 0x20, 0x00, 0x02, 0xdd, 0x10, 0x00, 0x3d,
    0xe9, 0x65, 0x8e, 0xe3, 0x00, 0x00, 0x01, 0x8c, 0xee, 0xc8, 0x10, 0x00, 0x00, 0x00, 0x00, 0x09,
    0xf5, 0x00, 0x00, 0x00, 0x00, 0x00, 0x3f, 0x80, 0x00, 0x00, 0x00, 0x00, 0x00, 0xc8, 0x00, 0x00,
    0x00, 0x00, 0x00, 0x00, 0x00, 0x00, 0x00, 0x00, 0x00, 0x01, 0x8c, 0xee, 0xc8, 0x10, 0x00, 0x00,
    0x3d, 0xe9, 0x65, 0x8e, 0xe3, 0x00, 0x01, 0xde, 0x20, 0x00, 0x02, 0xdd, 0x10, 0x06, 0xf6, 0x00,
    0x00, 0x00, 0x5f, 0x60, 0x0a, 0xf1, 0x00, 0x00, 0x00, 0x0e, 0xb0, 0x0c, 0xd0, 0x00, 0x00, 0x00,
    0x0c, 0xd0, 0x0d, 0xc0, 0x00, 0x00, 0x00, 0x0c, 0xe0, 0x0c, 0xd0, 0x00, 0x00, 0x00, 0x0c, 0xd0,
    0x0a, 0xf1, 0x00, 0x00, 0x00, 0x0f, 0xb0, 0x06, 0xf6, 0x00, 0x00, 0x00, 0x5f, 0x60, 0x00, 0xde,
    0x20, 0x00, 0x02, 0xdd, 0x10, 0x00, 0x3d, 0xe9, 0x65, 0x8e, 0xe3, 0x00, 0x00, 0x01, 0x8c, 0xee,
    0xc8, 0x10, 0x00, 0x00, 0x00, 0x02, 0xef, 0x30, 0x00, 0x00, 0x00, 0x00, 0x1c, 0xcb, 0xd1, 0x00,
    0x00, 0x00, 0x00, 0xaa, 0x10, 0x9c, 0x00, 0x00, 0x00, 0x00, 0x00, 0x00, 0x00, 0x00, 0x00, 0x00,
    0x01, 0x8c, 0xee, 0xc8, 0x10, 0x00, 0x00, 0x3d, 0xe9, 0x65, 0x8e, 0xe3, 0x00, 0x01, 0xde, 0x20,
    0x00, 0x02, 0xdd, 0x10, 0x06, 0xf6, 0x00, 0x00, 0x00, 0x5f, 0x60, 0x0a, 0xf1, 0x00, 0x00, 0x00,
    0x0e, 0xb0, 0x0c, 0xd0, 0x00, 0x00, 0x00, 0x0c, 0xd0, 0x0d, 0xc0, 0x00, 0x00, 0x00, 0x0c, 0xe0,
    0x0c, 0xd0, 0x00, 0x00, 0x00, 0x0c, 0xd0, 0x0a, 0xf1, 0x00, 0x00, 0x00, 0x0f, 0xb0, 0x06, 0xf6,
    0x00, 0x00, 0x00, 0x5f, 0x60, 0x00, 0xde, 0x20, 0x00, 0x02, 0xdd, 0x10, 0x00, 0x3d, 0xe9, 0x65,
    0x8e, 0xe3, 0x00, 0x00, 0x01, 0x8c, 0xee, 0xc8, 0x10, 0x00, 0x00, 0x00, 0x00, 0x00, 0x01, 0x00,
    0x00, 0x00, 0x00, 0x8f, 0xd6, 0x3d, 0x30, 0x00, 0x00, 0x02, 0xe5, 0x8f, 0xfb, 0x00, 0x00, 0x00,
    0x01, 0x30, 0x01, 0x30, 0x00, 0x00, 0x00, 0x01, 0x8c, 0xee, 0xc8, 0x10, 0x00, 0x00, 0x3d, 0xe9,
    0x65, 0x8e, 0xe3, 0x00, 0x01, 0xde, 0x20, 0x00, 0x02, 0xdd, 0x10, 0x06, 0xf6, 0x00, 0x00, 0x00,
    0x5f, 0x60, 0x0a, 0xf1, 0x00, 0x00, 0x00, 0x0e, 0xb0, 0x0c, 0xd0, 0x00, 0x00, 0x00, 0x0c, 0xd0,
    0x0d, 0xc0, 0x00, 0x00, 0x00, 0x0c, 0xe0, 0x0c, 0xd0, 0x00, 0x00, 0x00, 0x0c, 0xd0, 0x0a, 0xf1,
    0x00, 0x00, 0x00, 0x0f, 0xb0, 0x06, 0xf6, 0x00, 0x00, 0x00, 0x5f, 0x60, 0x00, 0xde, 0x20, 0x00,
    0x02, 0xdd, 0x10, 0x00, 0x3d, 0xe9, 0x65, 0x8e, 0xe3, 0x00, 0x00, 0x01, 0x8c, 0xee, 0xc8, 0x10,
    0x00, 0x00, 0x00, 0x00, 0x00, 0x00, 0x00, 0x00, 0x00, 0x00, 0x5f, 0x10, 0xe6, 0x00, 0x00, 0x00,
    0x00, 0x03, 0x00, 0x21, 0x00, 0x00, 0x00, 0x00, 0x00, 0x00, 0x00, 0x00, 0x00, 0x00, 0x01, 0x8c,
    0xee, 0xc8, 0x10, 0x00, 0x00, 0x3d, 0xe9, 0x65, 0x8e, 0xe3, 0x00, 0x01, 0xde, 0x20, 0x00, 0x02,
    0xdd, 0x10, 0x06, 0xf6, 0x00, 0x00, 0x00, 0x5f, 0x60, 0x0a, 0xf1, 0x00, 0x00, 0x00, 0x0e, 0xb0,
    0x0c, 0xd0, 0x00, 0x00, 0x00, 0x0c, 0xd0, 0x0d, 0xc0, 0x00, 0x00, 0x00, 0x0c, 0xe0, 0x0c, 0xd0,
    0x00, 0x00, 0x00, 0x0c, 0xd0, 0x0a, 0xf1, 0x00, 0x00, 0x00, 0x0f, 0xb0, 0x06, 0xf6, 0x00, 0x00,
    0x00, 0x5f, 0x60, 0x00, 0xde, 0x20, 0x00, 0x02, 0xdd, 0x10, 0x00, 0x3d, 0xe9, 0x65, 0x8e, 0xe3,
    0x00, 0x00, 0x01, 0x8c, 0xee, 0xc8, 0x10, 0x00, 0x00, 0x10, 0x00, 0x00, 0x10, 0x09, 0xc1, 0x00,
    0x09, 0xd0, 0x01, 0xdc, 0x10, 0x9e, 0x40, 0x00, 0x1d, 0xca, 0xe4, 0x00, 0x00, 0x01, 0xef, 0x50,
    0x00, 0x00, 0x09, 0xed, 0xc1, 0x00, 0x00, 0x9e, 0x42, 0xdc, 0x10, 0x08, 0xe4, 0x00, 0x2d, 0xc0,
    0x02, 0x40, 0x00, 0x01, 0x40, 0x00, 0x00, 0x00, 0x00, 0x00, 0x00, 0x00, 0x00, 0x00, 0x00, 0x00,
    0x00, 0x00, 0x00, 0x00, 0x02, 0x00, 0x00, 0x01, 0x7c, 0xee, 0xc8, 0x9e, 0x10, 0x00, 0x3d, 0xe9,
    0x66, 0x9f, 0xf7, 0x00, 0x00, 0xde, 0x20, 0x00, 0x1d, 0xfd, 0x10, 0x06, 0xf6, 0x00, 0x00, 0xad,
    0x7f, 0x60, 0x0a, 0xf1, 0x00, 0x06, 0xf3, 0x1f, 0xb0, 0x0c, 0xd0, 0x00, 0x2e, 0x70, 0x0d, 0xd0,
    0x0d, 0xc0, 0x00, 0xcc, 0x00, 0x0c, 0xe0, 0x0d, 0xe0, 0x08, 0xe2, 0x00, 0x0c, 0xd0, 0x0a, 0xf1,
    0x4f, 0x50, 0x00, 0x0e, 0xb0, 0x06, 0xf8, 0xda, 0x00, 0x00, 0x5f, 0x60, 0x01, 0xdf, 0xd1, 0x00,
    0x02, 0xdd, 0x10, 0x00, 0x8f, 0xe9, 0x65, 0x8e, 0xe3, 0x00, 0x01, 0xe8, 0x8c, 0xee, 0xc8, 0x10,
    0x00, 0x00, 0x20, 0x00, 0x00, 0x00, 0x00, 0x00, 0x00, 0x00, 0x8f, 0x60, 0x00, 0x00, 0x00, 0x00,
    0x00, 0xbe, 0x10, 0x00, 0x00, 0x00, 0x00, 0x01, 0xba, 0x00, 0x00, 0x00, 0x00, 0x00, 0x00, 0x00,
    0x00, 0x00, 0x06, 0xf4, 0x00, 0x00, 0x01, 0xf8, 0x00, 0x6f, 0x40, 0x00, 0x00, 0x1f, 0x80, 0x06,
    0xf4, 0x00, 0x00, 0x01, 0xf8, 0x00, 0x6f, 0x40, 0x00, 0x00, 0x1f, 0x80, 0x06, 0xf4, 0x00, 0x00,
    0x01, 0xf8, 0x00, 0x6f, 0x40, 0x00, 0x00, 0x1f, 0x80, 0x06, 0xf4, 0x00, 0x00, 0x01, 0xf8, 0x00,
    0x6f, 0x40, 0x00, 0x00, 0x1f, 0x80, 0x05, 0xf4, 0x00, 0x00, 0x02, 0xf7, 0x00, 0x3f, 0x60, 0x00,
    0x00, 0x4f, 0x50, 0x00, 0xdd, 0x10, 0x00, 0x0b, 0xe1, 0x00, 0x04, 0xfd, 0x75, 0x7c, 0xf6, 0x00,
    0x00, 0x03, 0xae, 0xfe, 0xa4, 0x00, 0x00, 0x00, 0x00, 0x00, 0x1e, 0xd1, 0x00, 0x00, 0x00, 0x00,
    0x0a, 0xe2, 0x00, 0x00, 0x00, 0x00, 0x04, 0xe3, 0x00, 0x00, 0x00, 0x00, 0x00, 0x00, 0x00, 0x00,
    0x00, 0x06, 0xf4, 0x00, 0x00, 0x01, 0xf8, 0x00, 0x6f, 0x40, 0x00, 0x00, 0x1f, 0x80, 0x06, 0xf4,
    0x00, 0x00, 0x01, 0xf8, 0x00, 0x6f, 0x40, 0x00, 0x00, 0x1f, 0x80, 0x06, 0xf4, 0x00, 0x00, 0x01,
    0xf8, 0x00, 0x6f, 0x40, 0x00, 0x00, 0x1f, 0x80, 0x06, 0xf4, 0x00, 0x00, 0x01, 0xf8, 0x00, 0x6f,
    0x40, 0x00, 0x00, 0x1f, 0x80, 0x05, 0xf4, 0x00, 0x00, 0x02, 0xf7, 0x00, 0x3f, 0x60, 0x00, 0x00,
    0x4f, 0x50, 0x00, 0xdd, 0x10, 0x00, 0x0b, 0xe1, 0x00, 0x04, 0xfd, 0x75, 0x7c, 0xf6, 0x00, 0x00,
    0x03, 0xae, 0xfe, 0xa4, 0x00, 0x00, 0x00, 0x00, 0x08, 0xfb, 0x00, 0x00, 0x00, 0x00, 0x05, 0xf8,
    0xe7, 0x00, 0x00, 0x00, 0x03, 0xe5, 0x03, 0xd5, 0x00, 0x00, 0x00, 0x00, 0x00, 0x00, 0x00, 0x00,
    0x06, 0xf4, 0x00, 0x00, 0x01, 0xf8, 0x00, 0x6f, 0x40, 0x00, 0x00, 0x1f, 0x80, 0x06, 0xf4, 0x00,
    0x00, 0x01, 0xf8, 0x00, 0x6f, 0x40, 0x00, 0x00, 0x1f, 0x80, 0x06, 0xf4, 0x00, 0x00, 0x01, 0xf8,
    0x00, 0x6f, 0x40, 0x00, 0x00, 0x1f, 0x80, 0x06, 0xf4, 0x00, 0x00, 0x01, 0xf8, 0x00, 0x6f, 0x40,
    0x00, 0x00, 0x1f, 0x80, 0x05, 0xf4, 0x00, 0x00, 0x02, 0xf7, 0x00, 0x3f, 0x60, 0x00, 0x00, 0x4f,
    0x50, 0x00, 0xdd, 0x10, 0x00, 0x0b, 0xe1, 0x00, 0x04, 0xfd, 0x75, 0x7c, 0xf6, 0x00, 0x00, 0x03,
    0xae, 0xfe, 0xa4, 0x00, 0x00, 0x00, 0x00, 0x00, 0x00, 0x00, 0x00, 0x00, 0x00, 0x0c, 0x90, 0x7e,
    0x00, 0x00, 0x00, 0x00, 0x21, 0x01, 0x20, 0x00, 0x00, 0x00, 0x00, 0x00, 0x00, 0x00, 0x00, 0x06,
    0xf4, 0x00, 0x00, 0x01, 0xf8, 0x00, 0x6f, 0x40, 0x00, 0x00, 0x1f, 0x80, 0x06, 0xf4, 0x00, 0x00,
    0x01, 0xf8, 0x00, 0x6f, 0x40, 0x00, 0x00, 0x1f, 0x80, 0x06, 0xf4, 0x00, 0x00, 0x01, 0xf8, 0x00,
    0x6f, 0x40, 0x00, 0x00, 0x1f, 0x80, 0x06, 0xf4, 0x00, 0x00, 0x01, 0xf8, 0x00, 0x6f, 0x40, 0x00,
    0x00, 0x1f, 0x80, 0x05, 0xf4, 0x00, 0x00, 0x02, 0xf7, 0x00, 0x3f, 0x60, 0x00, 0x00, 0x4f, 0x50,
    0x00, 0xdd, 0x10, 0x00, 0x0b, 0xe1, 0x00, 0x04, 0xfd, 0x75, 0x7c, 0xf6, 0x00, 0x00, 0x03, 0xae,
    0xfe, 0xa4, 0x00, 0x00, 0x00, 0x00, 0x08, 0xf6, 0x00, 0x00, 0x00, 0x02, 0xf9, 0x00, 0x00, 0x00,
    0x00, 0xc9, 0x00, 0x00, 0x00, 0x00, 0x00, 0x00, 0x00, 0x00, 0xbe, 0x10, 0x00, 0x00, 0xcd, 0x03,
    0xf8, 0x00, 0x00, 0x5f, 0x60, 0x0a, 0xf2, 0x00, 0x0d, 0xd0, 0x00, 0x2f, 0x90, 0x06, 0xf5, 0x00,
    0x00, 0x9f, 0x21, 0xec, 0x00, 0x00, 0x02, 0xfa, 0x7f, 0x40, 0x00, 0x00, 0x08, 0xfe, 0xb0, 0x00,
    0x00, 0x00, 0x1e, 0xf3, 0x00, 0x00, 0x00, 0x00, 0xbe, 0x00, 0x00, 0x00, 0x00, 0x0b, 0xe0, 0x00,
    0x00, 0x00, 0x00, 0xbe, 0x00, 0x00, 0x00, 0x00, 0x0b, 0xe0, 0x00, 0x00, 0x00, 0x00, 0xbe, 0x00,
    0x00, 0x00, 0x04, 0xf5, 0x00, 0x00, 0x00, 0x00, 0x4f, 0x61, 0x10, 0x00, 0x00, 0x04, 0xff, 0xff,
    0xeb, 0x40, 0x00, 0x4f, 0x84, 0x57, 0xdf, 0x40, 0x04, 0xf5, 0x00, 0x02, 0xfb, 0x00, 0x4f, 0x50,
    0x00, 0x0c, 0xe0, 0x04, 0xf5, 0x00, 0x00, 0xce, 0x00, 0x4f, 0x50, 0x00, 0x2e, 0xa0, 0x04, 0xf6,
    0x12, 0x5c, 0xf3, 0x00, 0x4f, 0xff, 0xff, 0xc3, 0x00, 0x04, 0xf8, 0x43, 0x10, 0x00, 0x00, 0x4f,
    0x50, 0x00, 0x00, 0x00, 0x04, 0xf5, 0x00, 0x00, 0x00, 0x00, 0x00, 0x2a, 0xef, 0xda, 0x30, 0x00,
    0x1e, 0xe8, 0x57, 0xde, 0x20, 0x05, 0xf4, 0x00, 0x04, 0xf5, 0x00, 0x7f, 0x20, 0x00, 0x7f, 0x30,
    0x07, 0xf2, 0x00, 0x6f, 0x80, 0x00, 0x7f, 0x20, 0x5f, 0x70, 0x00, 0x07, 0xf2, 0x09, 0xe0, 0x00,
    0x00, 0x7f, 0x20, 0x5f, 0xb1, 0x00, 0x07, 0xf2, 0x00, 0x6e, 0xd3, 0x00, 0x7f, 0x20, 0x00, 0x2d,
    0xe2, 0x07, 0xf2, 0x00, 0x00, 0x2f, 0x70, 0x7f, 0x20, 0x00, 0x01, 0xf7, 0x07, 0xf2, 0x6a, 0x66,
    0xbf, 0x30, 0x7f, 0x23, 0xbe, 0xec, 0x50, 0x00, 0x2e, 0xd0, 0x00, 0x00, 0x00, 0x04, 0xf7, 0x00,
    0x00, 0x00, 0x00, 0x5e, 0x20, 0x00, 0x00, 0x00, 0x00, 0x00, 0x00, 0x00, 0x6b, 0xee, 0xc5, 0x00,
    0x00, 0xc9, 0x66, 0xcf, 0x30, 0x00, 0x00, 0x00, 0x1f, 0x80, 0x00, 0x00, 0x01, 0x1e, 0xa0, 0x01,
    0x8d, 0xff, 0xff, 0xa0, 0x0b, 0xf9, 0x54, 0x4e, 0xa0, 0x2f, 0xa0, 0x00, 0x0f, 0xa0, 0x1f, 0x80,
    0x00, 0x5f, 0xa0, 0x0c, 0xe7, 0x69, 0xdd, 0xa0, 0x02, 0xbe, 0xeb, 0x29, 0xa0, 0x00, 0x00, 0x09,
    0xf5, 0x00, 0x00, 0x00, 0x3f, 0x80, 0x00, 0x00, 0x00, 0xc9, 0x00, 0x00, 0x00, 0x00, 0x00, 0x00,
    0x00, 0x00, 0x6b, 0xee, 0xc5, 0x00, 0x00, 0xc9, 0x66, 0xcf, 0x30, 0x00, 0x00, 0x00, 0x1f, 0x80,
    0x00, 0x00, 0x01, 0x1e, 0xa0, 0x01, 0x8d, 0xff, 0xff, 0xa0, 0x0b, 0xf9, 0x54, 0x4e, 0xa0, 0x2f,
    0xa0, 0x00, 0x0f, 0xa0, 0x1f, 0x80, 0x00, 0x5f, 0xa0, 0x0c, 0xe7, 0x69, 0xdd, 0xa0, 0x02, 0xbe,
    0xeb, 0x29, 0xa0, 0x00, 0x02, 0xef, 0x30, 0x00, 0x00, 0x1c, 0xcb, 0xd1, 0x00, 0x00, 0xab, 0x10,
    0x9c, 0x00, 0x00, 0x00, 0x00, 0x00, 0x00, 0x00, 0x6b, 0xee, 0xc5, 0x00, 0x00, 0xc9, 0x66, 0xcf,
    0x30, 0x00, 0x00, 0x00, 0x1f, 0x80, 0x00, 0x00, 0x01, 0x1e, 0xa0, 0x01, 0x8d, 0xff, 0xff, 0xa0,
    0x0b, 0xf9, 0x54, 0x4e, 0xa0, 0x2f, 0xa0, 0x00, 0x0f, 0xa0, 0x1f, 0x80, 0x00, 0x5f, 0xa0, 0x0c,
    0xe7, 0x69, 0xdd, 0xa0, 0x02, 0xbe, 0xeb, 0x29, 0xa0, 0x00, 0x00, 0x00, 0x01, 0x00, 0x00, 0x7f,
    0xd6, 0x2c, 0x30, 0x01, 0xe5, 0x8e, 0xfb, 0x00, 0x01, 0x30, 0x01, 0x30, 0x00, 0x00, 0x6b, 0xee,
    0xc5, 0x00, 0x00, 0xc9, 0x66, 0xcf, 0x30, 0x00, 0x00, 0x00, 0x1f, 0x80, 0x00, 0x00, 0x01, 0x1e,
    0xa0, 0x01, 0x8d, 0xff, 0xff, 0xa0, 0x0b, 0xf9, 0x54, 0x4e, 0xa0, 0x2f, 0xa0, 0x00, 0x0f, 0xa0,
    0x1f, 0x80, 0x00, 0x5f, 0xa0, 0x0c, 0xe7, 0x69, 0xdd, 0xa0, 0x02, 0xbe, 0xeb, 0x29, 0xa0, 0x00,
    0x00, 0x00, 0x00, 0x00, 0x00, 0x5f, 0x10, 0xe7, 0x00, 0x00, 0x03, 0x00, 0x21, 0x00, 0x00, 0x00,
    0x00, 0x00, 0x00, 0x00, 0x6b, 0xee, 0xc5, 0x00, 0x00, 0xc9, 0x66, 0xcf, 0x30, 0x00, 0x00, 0x00,
    0x1f, 0x80, 0x00, 0x00, 0x01, 0x1e, 0xa0, 0x01, 0x8d, 0xff, 0xff, 0xa0, 0x0b, 0xf9, 0x54, 0x4e,
    0xa0, 0x2f, 0xa0, 0x00, 0x0f, 0xa0, 0x1f, 0x80, 0x00, 0x5f, 0xa0, 0x0c, 0xe7, 0x69, 0xdd, 0xa0,
    0x02, 0xbe, 0xeb, 0x29, 0xa0, 0x00, 0x00, 0x00, 0x00, 0x00, 0x00, 0x05, 0xef, 0x60, 0x00, 0x00,
    0x0c, 0x86, 0xe0, 0x00, 0x00, 0x0c, 0x53, 0xe0, 0x00, 0x00, 0x06, 0xff, 0x80, 0x00, 0x00, 0x00,
    0x22, 0x00, 0x00, 0x00, 0x6b, 0xee, 0xc5, 0x00, 0x00, 0xc9, 0x66, 0xcf, 0x30, 0x00, 0x00, 0x00,
    0x1f, 0x80, 0x00, 0x00, 0x01, 0x1e, 0xa0, 0x01, 0x8d, 0xff, 0xff, 0xa0, 0x0b, 0xf9, 0x54, 0x4e,
    0xa0, 0x2f, 0xa0, 0x00, 0x0f, 0xa0, 0x1f, 0x80, 0x00, 0x5f, 0xa0, 0x0c, 0xe7, 0x69, 0xdd, 0xa0,
    0x02, 0xbe, 0xeb, 0x29, 0xa0, 0x01, 0x8c, 0xee, 0xb2, 0x2b, 0xee, 0x91, 0x00, 0x02, 0xd8, 0x67,
    0xed, 0xec, 0x67, 0xec, 0x00, 0x00, 0x00, 0x00, 0x5f, 0xd0, 0x00, 0x5f, 0x50, 0x00, 0x00, 0x11,
    0x3f, 0x91, 0x11, 0x3f, 0x80, 0x01, 0x9e, 0xff, 0xff, 0xff, 0xff, 0xff, 0xa0, 0x0b, 0xf9, 0x54,
    0x6f, 0x94, 0x44, 0x44, 0x20, 0x2f, 0x90, 0x00, 0x4f, 0xa0, 0x00, 0x00, 0x00, 0x1f, 0x80, 0x00,
    0x9f, 0xe1, 0x00, 0x00, 0x00, 0x0c, 0xe7, 0x6a, 0xe5, 0xed, 0x75, 0x7b, 0x30, 0x02, 0xae, 0xeb,
    0x30, 0x2a, 0xef, 0xd9, 0x10, 0x00, 0x19, 0xdf, 0xda, 0x00, 0x1d, 0xe8, 0x68, 0x90, 0x08, 0xf4,
    0x00, 0x00, 0x00, 0xdc, 0x00, 0x00, 0x00, 0x0f, 0xa0, 0x00, 0x00, 0x00, 0xfa, 0x00, 0x00, 0x00,
    0x0d, 0xc0, 0x00, 0x00, 0x00, 0x9f, 0x30, 0x00, 0x00, 0x01, 0xde, 0x85, 0x7a, 0x00, 0x02, 0x9f,
    0xfe, 0x90, 0x00, 0x00, 0xb9, 0x00, 0x00, 0x00, 0x04, 0xca, 0x00, 0x00, 0x00, 0x09, 0xc0, 0x00,
    0x00, 0xaf, 0xc3, 0x00, 0x00, 0x1e, 0xd0, 0x00, 0x00, 0x00, 0x03, 0xf8, 0x00, 0x00, 0x00, 0x00,
    0x4e, 0x30, 0x00, 0x00, 0x00, 0x00, 0x00, 0x00, 0x00, 0x19, 0xee, 0xc5, 0x00, 0x01, 0xde, 0x76,
    0xaf, 0x60, 0x08, 0xf2, 0x00, 0x0c, 0xe0, 0x0d, 0xc1, 0x11, 0x18, 0xf2, 0x0e, 0xff, 0xff, 0xff,
    0xf3, 0x0f, 0xb4, 0x44, 0x44, 0x41, 0x0d, 0xc0, 0x00, 0x00, 0x00, 0x08, 0xf5, 0x00, 0x00, 0x00,
    0x01, 0xdf, 0x96, 0x69, 0xa0, 0x00, 0x18, 0xdf, 0xec, 0x60, 0x00, 0x00, 0x08, 0xf6, 0x00, 0x00,
    0x00, 0x2e, 0x90, 0x00, 0x00, 0x00, 0xb9, 0x00, 0x00, 0x00, 0x00, 0x00, 0x00, 0x00, 0x00, 0x19,
    0xee, 0xc5, 0x00, 0x01, 0xde, 0x76, 0xaf, 0x60, 0x08, 0xf2, 0x00, 0x0c, 0xe0, 0x0d, 0xc1, 0x11,
    0x18, 0xf2, 0x0e, 0xff, 0xff, 0xff, 0xf3, 0x0f, 0xb4, 0x44, 0x44, 0x41, 0x0d, 0xc0, 0x00, 0x00,
    0x00, 0x08, 0xf5, 0x00, 0x00, 0x00, 0x01, 0xdf, 0x96, 0x69, 0xa0, 0x00, 0x18, 0xdf, 0xec, 0x60,
    0x00, 0x01, 0xef, 0x40, 0x00, 0x00, 0x0b, 0xda, 0xe2, 0x00, 0x00, 0x9b, 0x10, 0x8d, 0x10, 0x00,
    0x00, 0x00, 0x00, 0x00, 0x00, 0x19, 0xee, 0xc5, 0x00, 0x01, 0xde, 0x76, 0xaf, 0x60, 0x08, 0xf2,
    0x00, 0x0c, 0xe0, 0x0d, 0xc1, 0x11, 0x18, 0xf2, 0x0e, 0xff, 0xff, 0xff, 0xf3, 0x0f, 0xb4, 0x44,
    0x44, 0x41, 0x0d, 0xc0, 0x00, 0x00, 0x00, 0x08, 0xf5, 0x00, 0x00, 0x00, 0x01, 0xdf, 0x96, 0x69,
    0xa0, 0x00, 0x18, 0xdf, 0xec, 0x60, 0x00, 0x00, 0x00, 0x00, 0x00, 0x00, 0x4f, 0x20, 0xe8, 0x00,
    0x00, 0x03, 0x00, 0x21, 0x00, 0x00, 0x00, 0x00, 0x00, 0x00, 0x00, 0x19, 0xee, 0xc5, 0x00, 0x01,
    0xde, 0x76, 0xaf, 0x60, 0x08, 0xf2, 0x00, 0x0c, 0xe0, 0x0d, 0xc1, 0x11, 0x18, 0xf2, 0x0e, 0xff,
    0xff, 0xff, 0xf3, 0x0f, 0xb4, 0x44, 0x44, 0x41, 0x0d, 0xc0, 0x00, 0x00, 0x00, 0x08, 0xf5, 0x00,
    0x00, 0x00, 0x01, 0xdf, 0x96, 0x69, 0xa0, 0x00, 0x18, 0xdf, 0xec, 0x60, 0x0c, 0xf2, 0x00, 0x02,
    0xdb, 0x00, 0x00, 0x2d, 0x60, 0x00, 0x00, 0x00, 0x00, 0x7f, 0x20, 0x00, 0x7f, 0x20, 0x00, 0x7f,
    0x20, 0x00, 0x7f, 0x20, 0x00, 0x7f, 0x20, 0x00, 0x7f, 0x20, 0x00, 0x7f, 0x20, 0x00, 0x7f, 0x20,
    0x00, 0x7f, 0x20, 0x00, 0x7f, 0x20, 0x00, 0x5f, 0x90, 0x1d, 0xb1, 0x08, 0xb1, 0x00, 0x00, 0x00,
    0x07, 0xf2, 0x00, 0x7f, 0x20, 0x07, 0xf2, 0x00, 0x7f, 0x20, 0x07, 0xf2, 0x00, 0x7f, 0x20, 0x07,
    0xf2, 0x00, 0x7f, 0x20, 0x07, 0xf2, 0x00, 0x7f, 0x20, 0x00, 0xcf, 0x70, 0x00, 0x9e, 0x9f, 0x40,
    0x6d, 0x20, 0x6e, 0x20, 0x00, 0x00, 0x00, 0x00, 0x7f, 0x20, 0x00, 0x07, 0xf2, 0x00, 0x00, 0x7f,
    0x20, 0x00, 0x07, 0xf2, 0x00, 0x00, 0x7f, 0x20, 0x00, 0x07, 0xf2, 0x00, 0x00, 0x7f, 0x20, 0x00,
    0x07, 0xf2, 0x00, 0x00, 0x7f, 0x20, 0x00, 0x07, 0xf2, 0x00, 0x00, 0x00, 0x00, 0x1f, 0x50, 0xbb,
    0x03, 0x00, 0x22, 0x00, 0x00, 0x00, 0x00, 0x7f, 0x20, 0x00, 0x7f, 0x20, 0x00, 0x7f, 0x20, 0x00,
    0x7f, 0x20, 0x00, 0x7f, 0x20, 0x00, 0x7f, 0x20, 0x00, 0x7f, 0x20, 0x00, 0x7f, 0x20, 0x00, 0x7f,
    0x20, 0x00, 0x7f, 0x20, 0x00, 0x01, 0x20, 0x01, 0x10, 0x00, 0x00, 0x8f, 0x85, 0xda, 0x00, 0x00,
    0x00, 0x9f, 0xf8, 0x00, 0x00, 0x00, 0x8f, 0xae, 0xc0, 0x00, 0x00, 0x08, 0x40, 0x4f, 0x80, 0x00,
    0x00, 0x00, 0x10, 0x8e, 0x10, 0x00, 0x3b, 0xff, 0xe8, 0xf6, 0x00, 0x3e, 0xd6, 0x47, 0xef, 0xa0,
    0x0a, 0xf2, 0x00, 0x03, 0xfc, 0x00, 0xeb, 0x00, 0x00, 0x0c, 0xd0, 0x0f, 0x90, 0x00, 0x00, 0xbd,
    0x00, 0xdb, 0x00, 0x00, 0x0d, 0xb0, 0x09, 0xf2, 0x00, 0x04, 0xf6, 0x00, 0x1d, 0xe7, 0x68, 0xec,
    0x00, 0x00, 0x19, 0xdf, 0xd8, 0x10, 0x00, 0x00, 0x00, 0x10, 0x00, 0x10, 0x00, 0x02, 0xdf, 0xa3,
    0x6b, 0x00, 0x00, 0x9a, 0x5c, 0xff, 0x40, 0x00, 0x03, 0x10, 0x02, 0x20, 0x00, 0x07, 0xd1, 0x9e,
    0xec, 0x40, 0x00, 0x7f, 0xca, 0x66, 0xdf, 0x30, 0x07, 0xfa, 0x00, 0x02, 0xf8, 0x00, 0x7f, 0x40,
    0x00, 0x0e, 0xa0, 0x07, 0xf2, 0x00, 0x00, 0xea, 0x00, 0x7f, 0x20, 0x00, 0x0e, 0xa0, 0x07, 0xf2,
    0x00, 0x00, 0xea, 0x00, 0x7f, 0x20, 0x00, 0x0e, 0xa0, 0x07, 0xf2, 0x00, 0x00, 0xea, 0x00, 0x7f,
    0x20, 0x00, 0x0e, 0xa0, 0x00, 0x0a, 0xf4, 0x00, 0x00, 0x00, 0x00, 0x1c, 0xc0, 0x00, 0x00, 0x00,
    0x00, 0x1c, 0x70, 0x00, 0x00, 0x00, 0x00, 0x00, 0x00, 0x00, 0x00, 0x19, 0xdf, 0xd8, 0x00, 0x00,
    0x1d, 0xe8, 0x68, 0xfb, 0x00, 0x08, 0xf3, 0x00, 0x05, 0xf6, 0x00, 0xdc, 0x00, 0x00, 0x0e, 0xb0,
    0x0f, 0xa0, 0x00, 0x00, 0xcd, 0x00, 0xfa, 0x00, 0x00, 0x0c, 0xd0, 0x0c, 0xd0, 0x00, 0x00, 0xeb,
    0x00, 0x7f, 0x40, 0x00, 0x6f, 0x70, 0x01, 0xce, 0x86, 0x8f, 0xc0, 0x00, 0x01, 0x8d, 0xfd, 0x81,
    0x00, 0x00, 0x00, 0x03, 0xfb, 0x00, 0x00, 0x00, 0x00, 0xcd, 0x10, 0x00, 0x00, 0x00, 0x6d, 0x20,
    0x00, 0x00, 0x00, 0x00, 0x00, 0x00, 0x00, 0x00, 0x19, 0xdf, 0xd8, 0x00, 0x00, 0x1d, 0xe8, 0x68,
    0xfb, 0x00, 0x08, 0xf3, 0x00, 0x05, 0xf6, 0x00, 0xdc, 0x00, 0x00, 0x0e, 0xb0, 0x0f, 0xa0, 0x00,
    0x00, 0xcd, 0x00, 0xfa, 0x00, 0x00, 0x0c, 0xd0, 0x0c, 0xd0, 0x00, 0x00, 0xeb, 0x00, 0x7f, 0x40,
    0x00, 0x6f, 0x70, 0x01, 0xce, 0x86, 0x8f, 0xc0, 0x00, 0x01, 0x8d, 0xfd, 0x81, 0x00, 0x00, 0x00,
    0xaf, 0x90, 0x00, 0x00, 0x00, 0x6f, 0x8f, 0x60, 0x00, 0x00, 0x4e, 0x40, 0x4e, 0x40, 0x00, 0x00,
    0x00, 0x00, 0x00, 0x00, 0x00, 0x19, 0xdf, 0xd8, 0x00, 0x00, 0x1d, 0xe8, 0x68, 0xfb, 0x00, 0x08,
    0xf3, 0x00, 0x05, 0xf6, 0x00, 0xdc, 0x00, 0x00, 0x0e, 0xb0, 0x0f, 0xa0, 0x00, 0x00, 0xcd, 0x00,
    0xfa, 0x00, 0x00, 0x0c, 0xd0, 0x0c, 0xd0, 0x00, 0x00, 0xeb, 0x00, 0x7f, 0x40, 0x00, 0x6f, 0x70,
    0x01, 0xce, 0x86, 0x8f, 0xc0, 0x00, 0x01, 0x8d, 0xfd, 0x81, 0x00, 0x00, 0x00, 0x00, 0x00, 0x10,
    0x00, 0x03, 0xef, 0x93, 0x89, 0x00, 0x00, 0xa9, 0x6d, 0xfe, 0x30, 0x00, 0x03, 0x00, 0x03, 0x10,
    0x00, 0x00, 0x19, 0xdf, 0xd8, 0x00, 0x00, 0x1d, 0xe8, 0x68, 0xfb, 0x00, 0x08, 0xf3, 0x00, 0x05,
    0xf6, 0x00, 0xdc, 0x00, 0x00, 0x0e, 0xb0, 0x0f, 0xa0, 0x00, 0x00, 0xcd, 0x00, 0xfa, 0x00, 0x00,
    0x0c, 0xd0, 0x0c, 0xd0, 0x00, 0x00, 0xeb, 0x00, 0x7f, 0x40, 0x00, 0x6f, 0x70, 0x01, 0xce, 0x86,
    0x8f, 0xc0, 0x00, 0x01, 0x8d, 0xfd, 0x81, 0x00, 0x00, 0x00, 0x00, 0x00, 0x00, 0x00, 0x00, 0xe7,
    0x09, 0xc0, 0x00, 0x00, 0x02, 0x10, 0x12, 0x00, 0x00, 0x00, 0x00, 0x00, 0x00, 0x00, 0x00, 0x19,
    0xdf, 0xd8, 0x00, 0x00, 0x1d, 0xe8, 0x68, 0xfb, 0x00, 0x08, 0xf3, 0x00, 0x05, 0xf6, 0x00, 0xdc,
    0x00, 0x00, 0x0e, 0xb0, 0x0f, 0xa0, 0x00, 0x00, 0xcd, 0x00, 0xfa, 0x00, 0x00, 0x0c, 0xd0, 0x0c,
    0xd0, 0x00, 0x00, 0xeb, 0x00, 0x7f, 0x40, 0x00, 0x6f, 0x70, 0x01, 0xce, 0x86, 0x8f, 0xc0, 0x00,
    0x01, 0x8d, 0xfd, 0x81, 0x00, 0x00, 0x00, 0x01, 0x00, 0x00, 0x00, 0x00, 0xbe, 0x10, 0x00, 0x00,
    0x00, 0xad, 0x00, 0x00, 0x01, 0x11, 0x11, 0x11, 0x10, 0x1f, 0xff, 0xff, 0xff, 0xf6, 0x04, 0x44,
    0x44, 0x44, 0x41, 0x00, 0x00, 0x01, 0x00, 0x00, 0x00, 0x00, 0xbe, 0x10, 0x00, 0x00, 0x00, 0xad,
    0x00, 0x00, 0x00, 0x00, 0x00, 0x00, 0x00, 0x00, 0x00, 0x00, 0x00, 0x00, 0x00, 0x00, 0x00, 0x00,
    0x20, 0x00, 0x01, 0x9d, 0xfd, 0x8e, 0x50, 0x01, 0xde, 0x86, 0x9f, 0xe0, 0x00, 0x8f, 0x40, 0x07,
    0xff, 0x50, 0x0d, 0xc0, 0x03, 0xf6, 0xeb, 0x00, 0xfa, 0x01, 0xda, 0x0c, 0xd0, 0x0f, 0xa0, 0x9d,
    0x10, 0xcd, 0x00, 0xdc, 0x5f, 0x30, 0x0e, 0xb0, 0x08, 0xfe, 0x70, 0x05, 0xf7, 0x00, 0x1f, 0xf7,
    0x68, 0xfc, 0x00, 0x06, 0xe9, 0xdf, 0xd8, 0x10, 0x00, 0x03, 0x00, 0x00, 0x00, 0x00, 0x00, 0x08,
    0xf5, 0x00, 0x00, 0x00, 0x00, 0x0b, 0xd1, 0x00, 0x00, 0x00, 0x00, 0x1b, 0x90, 0x00, 0x00, 0x00,
    0x00, 0x00, 0x00, 0x00, 0x09, 0xf0, 0x00, 0x00, 0xf9, 0x00, 0x9f, 0x00, 0x00, 0x0f, 0x90, 0x09,
    0xf0, 0x00, 0x00, 0xf9, 0x00, 0x9f, 0x00, 0x00, 0x0f, 0x90, 0x09, 0xf0, 0x00, 0x00, 0xf9, 0x00,
    0x9f, 0x00, 0x00, 0x0f, 0x90, 0x09, 0xf1, 0x00, 0x02, 0xf9, 0x00, 0x7f, 0x40, 0x00, 0x8f, 0x90,
    0x02, 0xfd, 0x76, 0x9e, 0xe9, 0x00, 0x04, 0xce, 0xeb, 0x2c, 0x90, 0x00, 0x00, 0x02, 0xed, 0x00,
    0x00, 0x00, 0x00, 0xae, 0x20, 0x00, 0x00, 0x00, 0x5e, 0x30, 0x00, 0x00, 0x00, 0x00, 0x00, 0x00,
    0x00, 0x09, 0xf0, 0x00, 0x00, 0xf9, 0x00, 0x9f, 0x00, 0x00, 0x0f, 0x90, 0x09, 0xf0, 0x00, 0x00,
    0xf9, 0x00, 0x9f, 0x00, 0x00, 0x0f, 0x90, 0x09, 0xf0, 0x00, 0x00, 0xf9, 0x00, 0x9f, 0x00, 0x00,
    0x0f, 0x90, 0x09, 0xf1, 0x00, 0x02, 0xf9, 0x00, 0x7f, 0x40, 0x00, 0x8f, 0x90, 0x02, 0xfd, 0x76,
    0x9e, 0xe9, 0x00, 0x04, 0xce, 0xeb, 0x2c, 0x90, 0x00, 0x00, 0x8f, 0xb0, 0x00, 0x00, 0x00, 0x5f,
    0x8e, 0x70, 0x00, 0x00, 0x3e, 0x50, 0x3d, 0x50, 0x00, 0x00, 0x00, 0x00, 0x00, 0x00, 0x09, 0xf0,
    0x00, 0x00, 0xf9, 0x00, 0x9f, 0x00, 0x00, 0x0f, 0x90, 0x09, 0xf0, 0x00, 0x00, 0xf9, 0x00, 0x9f,
    0x00, 0x00, 0x0f, 0x90, 0x09, 0xf0, 0x00, 0x00, 0xf9, 0x00, 0x9f, 0x00, 0x00, 0x0f, 0x90, 0x09,
    0xf1, 0x00, 0x02, 0xf9, 0x00, 0x7f, 0x40, 0x00, 0x8f, 0x90, 0x02, 0xfd, 0x76, 0x9e, 0xe9, 0x00,
    0x04, 0xce, 0xeb, 0x2c, 0x90, 0x00, 0x00, 0x00, 0x00, 0x00, 0x00, 0x00, 0xd9, 0x07, 0xe0, 0x00,
    0x00, 0x02, 0x10, 0x12, 0x00, 0x00, 0x00, 0x00, 0x00, 0x00, 0x00, 0x09, 0xf0, 0x00, 0x00, 0xf9,
    0x00, 0x9f, 0x00, 0x00, 0x0f, 0x90, 0x09, 0xf0, 0x00, 0x00, 0xf9, 0x00, 0x9f, 0x00, 0x00, 0x0f,
    0x90, 0x09, 0xf0, 0x00, 0x00, 0xf9, 0x00, 0x9f, 0x00, 0x00, 0x0f, 0x90, 0x09, 0xf1, 0x00, 0x02,
    0xf9, 0x00, 0x7f, 0x40, 0x00, 0x8f, 0x90, 0x02, 0xfd, 0x76, 0x9e, 0xe9, 0x00, 0x04, 0xce, 0xeb,
    0x2c, 0x90, 0x00, 0x00, 0x1e, 0xd1, 0x00, 0x00, 0x00, 0xae, 0x20, 0x00, 0x00, 0x04, 0xe3, 0x00,
    0x00, 0x00, 0x00, 0x00, 0x00, 0x00, 0xcd, 0x00, 0x00, 0x0b, 0xe1, 0x6f, 0x40, 0x00, 0x1f, 0x90,
    0x1e, 0xa0, 0x00, 0x6f, 0x40, 0x09, 0xf1, 0x00, 0xcd, 0x00, 0x03, 0xf6, 0x02, 0xf7, 0x00, 0x00,
    0xcc, 0x07, 0xf2, 0x00, 0x00, 0x6f, 0x2c, 0xb0, 0x00, 0x00, 0x1e, 0x9f, 0x50, 0x00, 0x00, 0x09,
    0xfe, 0x00, 0x00, 0x00, 0x03, 0xf9, 0x00, 0x00, 0x00, 0x06, 0xf3, 0x00, 0x00, 0x00, 0x0d, 0xc0,
    0x00, 0x00, 0x46, 0xbf, 0x40, 0x00, 0x00, 0xbf, 0xc5, 0x00, 0x00, 0x00, 0x07, 0xf2, 0x00, 0x00,
    0x00, 0x00, 0x7f, 0x20, 0x00, 0x00, 0x00, 0x07, 0xf2, 0x00, 0x00, 0x00, 0x00, 0x7f, 0x20, 0x00,
    0x00, 0x00, 0x07, 0xf2, 0x9e, 0xeb, 0x30, 0x00, 0x7f, 0xda, 0x67, 0xde, 0x30, 0x07, 0xf9, 0x00,
    0x02, 0xfa, 0x00, 0x7f, 0x40, 0x00, 0x0b, 0xe0, 0x07, 0xf2, 0x00, 0x00, 0x9f, 0x10, 0x7f, 0x20,
    0x00, 0x09, 0xf1, 0x07, 0xf4, 0x00, 0x00, 0xbe, 0x00, 0x7f, 0xa0, 0x00, 0x2f, 0xa0, 0x07, 0xfd,
    0xa6, 0x7d, 0xe3, 0x00, 0x7f, 0x3a, 0xee, 0xb3, 0x00, 0x07, 0xf2, 0x00, 0x00, 0x00, 0x00, 0x7f,
    0x20, 0x00, 0x00, 0x00, 0x07, 0xf2, 0x00, 0x00, 0x00, 0x00, 0x7f, 0x20, 0x00, 0x00, 0x00, 0x00,
    0x00, 0x00, 0x00, 0x00, 0x00, 0xc9, 0x07, 0xe0, 0x00, 0x00, 0x21, 0x01, 0x20, 0x00, 0x00, 0x00,
    0x00, 0x00, 0x00, 0xcd, 0x00, 0x00, 0x0b, 0xe1, 0x6f, 0x40, 0x00, 0x1f, 0x90, 0x1e, 0xa0, 0x00,
    0x6f, 0x40, 0x09, 0xf1, 0x00, 0xcd, 0x00, 0x03, 0xf6, 0x02, 0xf7, 0x00, 0x00, 0xcc, 0x07, 0xf2,
    0x00, 0x00, 0x6f, 0x2c, 0xb0, 0x00, 0x00, 0x1e, 0x9f, 0x50, 0x00, 0x00, 0x09, 0xfe, 0x00, 0x00,
    0x00, 0x03, 0xf9, 0x00, 0x00, 0x00, 0x06, 0xf3, 0x00, 0x00, 0x00, 0x0d, 0xc0, 0x00, 0x00, 0x46,
    0xbf, 0x40, 0x00, 0x00, 0xbf, 0xc5, 0x00, 0x00, 0x00, 0x01, 0x11, 0x10, 0x4f, 0xff, 0xf1, 0x14,
    0x44, 0x40, 0x00, 0x00, 0x00, 0x00, 0x00, 0x00, 0x00, 0x00, 0x00, 0x00, 0x00, 0x00, 0x01, 0x11,
    0x10, 0x4f, 0xff, 0xf1, 0x14, 0x44, 0x40, 0x00, 0x00, 0x00, 0x00, 0x00, 0x00, 0x00, 0x00, 0x00,
    0x00, 0x00, 0x00, 0x01, 0x11, 0x11, 0x11, 0x04, 0xff, 0xff, 0xff, 0xf4, 0x14, 0x44, 0x44, 0x44,
    0x10, 0x00, 0x00, 0x00, 0x00, 0x00, 0x00, 0x00, 0x00, 0x00, 0x00, 0x00, 0x00, 0x00, 0x00, 0x00,
    0x00, 0x00, 0x00, 0x01, 0x11, 0x11, 0x11, 0x11, 0x11, 0x11, 0x11, 0x10, 0x4f, 0xff, 0xff, 0xff,
    0xff, 0xff, 0xff, 0xff, 0xf4, 0x14, 0x44, 0x44, 0x44, 0x44, 0x44, 0x44, 0x44, 0x41, 0x00, 0x00,
    0x00, 0x00, 0x00, 0x00, 0x00, 0x00, 0x00, 0x00, 0x00, 0x00, 0x00, 0x00, 0x00, 0x00, 0x00, 0x00,
    0x00, 0x00, 0x00, 0x00, 0x00, 0x00, 0x00, 0x00, 0x00, 0x00, 0x00, 0x00, 0x00, 0x00, 0x00, 0x00,
    0x00, 0x00, 0x07, 0xc0, 0xd8, 0x5f, 0x5a, 0xf2, 0x00, 0x00, 0x00, 0x00, 0x00, 0x00, 0x00, 0x00,
    0x00, 0x00, 0x00, 0x00, 0x00, 0x00, 0x0f, 0xc3, 0xf7, 0x6f, 0x1a, 0x90, 0x00, 0x00, 0x00, 0x00,
    0x00, 0x00, 0x00, 0x00, 0x00, 0x00, 0x00, 0x00, 0x00, 0x00, 0x0a, 0xf2, 0x00, 0xdc, 0x00, 0x1f,
    0x60, 0x05, 0xe1, 0x00, 0x07, 0xc0, 0x2f, 0x20, 0xd8, 0x09, 0xd0, 0x5f, 0x51, 0xea, 0x0a, 0xf2,
    0x5f, 0x70, 0x00, 0x00, 0x00, 0x00, 0x00, 0x00, 0x00, 0x00, 0x00, 0x00, 0x00, 0x00, 0x00, 0x00,
    0x00, 0x00, 0x00, 0x00, 0x00, 0x00, 0x00, 0x00, 0x00, 0x00, 0x00, 0x00, 0x00, 0x00, 0x00, 0x00,
    0x00, 0x00, 0x0f, 0xc0, 0xaf, 0x23, 0xf7, 0x0d, 0xc0, 0x6f, 0x12, 0xf6, 0x0a, 0x90, 0x5e, 0x00,
    0x00, 0x00, 0x00, 0x00, 0x00, 0x00, 0x00, 0x00, 0x00, 0x00, 0x00, 0x00, 0x00, 0x00, 0x00, 0x00,
    0x00, 0x00, 0x00, 0x00, 0x00, 0x00, 0x00, 0x00, 0x00, 0x00, 0x00, 0x00, 0x00, 0x00, 0x00, 0x00,
    0x0a, 0xf2, 0x5f, 0x70, 0xdc, 0x08, 0xf2, 0x1f, 0x60, 0xbb, 0x05, 0xe0, 0x1f, 0x40, 0x01, 0xbe,
    0x90, 0x00, 0x7f, 0xff, 0x30, 0x09, 0xff, 0xf5, 0x00, 0x7f, 0xff, 0x30, 0x01, 0xbe, 0x90, 0x00,
    0x00, 0x00, 0x00, 0x00, 0x00, 0x00, 0x00, 0x00, 0x00, 0x00, 0x00, 0x00, 0x00, 0x00, 0x00, 0x10,
    0x00, 0x01, 0x00, 0x01, 0x00, 0x09, 0xf6, 0x00, 0xdf, 0x20, 0x3f, 0xc0, 0x07, 0xe5, 0x00, 0xbd,
    0x10, 0x2d, 0xa0, 0x00, 0x00, 0x6c, 0xfe, 0xc6, 0x00, 0x00, 0x9f, 0xa6, 0x6b, 0xb0, 0x00, 0x5f,
    0x70, 0x00, 0x00, 0x00, 0x0b, 0xd0, 0x00, 0x00, 0x00, 0x01, 0xf9, 0x00, 0x00, 0x00, 0x09, 0xff,
    0xff, 0xff, 0xc0, 0x00, 0x27, 0xf7, 0x33, 0x32, 0x00, 0x09, 0xff, 0xff, 0xff, 0x40, 0x00, 0x23,
    0xfa, 0x33, 0x31, 0x00, 0x00, 0x0b, 0xd0, 0x00, 0x00, 0x00, 0x00, 0x5f, 0x70, 0x00, 0x00, 0x00,
    0x00, 0x9f, 0xa6, 0x69, 0x80, 0x00, 0x00, 0x7c, 0xfe, 0xc6, 0x00, 0x05, 0xee, 0xee, 0xee, 0xe1,
    0x00, 0x59, 0x00, 0x00, 0x0c, 0x10, 0x05, 0x90, 0x00, 0x00, 0xc1, 0x00, 0x59, 0x00, 0x00, 0x0c,
    0x10, 0x05, 0x90, 0x00, 0x00, 0xc1, 0x00, 0x59, 0x00, 0x00, 0x0c, 0x10, 0x05, 0x90, 0x00, 0x00,
    0xc1, 0x00, 0x59, 0x00, 0x00, 0x0c, 0x10, 0x05, 0x90, 0x00, 0x00, 0xc1, 0x00, 0x59, 0x00, 0x00,
    0x0c, 0x10, 0x05, 0x90, 0x00, 0x00, 0xc1, 0x00, 0x59, 0x00, 0x00, 0x0c, 0x10, 0x04, 0xee, 0xee,
    0xee, 0xe1, 0x00,
};

static const lv_font_fmt_txt_glyph_dsc_t rsvp_unicode_18_glyphs[] = {
    {.bitmap_index=0,.adv_w=0,.box_w=0,.box_h=0,.ofs_x=0,.ofs_y=0},
    {.bitmap_index=0,.adv_w=80,.box_w=0,.box_h=0,.ofs_x=0,.ofs_y=0},
    {.bitmap_index=0,.adv_w=80,.box_w=5,.box_h=13,.ofs_x=0,.ofs_y=-3},
    {.bitmap_index=33,.adv_w=160,.box_w=10,.box_h=13,.ofs_x=0,.ofs_y=0},
    {.bitmap_index=98,.adv_w=160,.box_w=10,.box_h=13,.ofs_x=0,.ofs_y=0},
    {.bitmap_index=163,.adv_w=160,.box_w=10,.box_h=11,.ofs_x=0,.ofs_y=0},
    {.bitmap_index=218,.adv_w=160,.box_w=11,.box_h=13,.ofs_x=0,.ofs_y=0},
    {.bitmap_index=290,.adv_w=160,.box_w=10,.box_h=18,.ofs_x=0,.ofs_y=-4},
    {.bitmap_index=380,.adv_w=144,.box_w=9,.box_h=14,.ofs_x=0,.ofs_y=0},
    {.bitmap_index=443,.adv_w=160,.box_w=10,.box_h=14,.ofs_x=0,.ofs_y=0},
    {.bitmap_index=513,.adv_w=240,.box_w=15,.box_h=15,.ofs_x=0,.ofs_y=-1},
    {.bitmap_index=626,.adv_w=96,.box_w=6,.box_h=13,.ofs_x=0,.ofs_y=0},
    {.bitmap_index=665,.adv_w=144,.box_w=9,.box_h=9,.ofs_x=0,.ofs_y=0},
    {.bitmap_index=706,.adv_w=160,.box_w=10,.box_h=8,.ofs_x=0,.ofs_y=0},
    {.bitmap_index=746,.adv_w=96,.box_w=6,.box_h=7,.ofs_x=0,.ofs_y=0},
    {.bitmap_index=767,.adv_w=240,.box_w=15,.box_h=15,.ofs_x=0,.ofs_y=-1},
    {.bitmap_index=880,.adv_w=144,.box_w=11,.box_h=16,.ofs_x=-1,.ofs_y=0},
    {.bitmap_index=968,.adv_w=128,.box_w=8,.box_h=14,.ofs_x=0,.ofs_y=0},
    {.bitmap_index=1024,.adv_w=160,.box_w=10,.box_h=11,.ofs_x=0,.ofs_y=0},
    {.bitmap_index=1079,.adv_w=96,.box_w=6,.box_h=16,.ofs_x=0,.ofs_y=0},
    {.bitmap_index=1127,.adv_w=96,.box_w=6,.box_h=15,.ofs_x=0,.ofs_y=0},
    {.bitmap_index=1172,.adv_w=80,.box_w=5,.box_h=14,.ofs_x=0,.ofs_y=0},
    {.bitmap_index=1207,.adv_w=176,.box_w=11,.box_h=14,.ofs_x=0,.ofs_y=-4},
    {.bitmap_index=1284,.adv_w=192,.box_w=12,.box_h=17,.ofs_x=0,.ofs_y=-3},
    {.bitmap_index=1386,.adv_w=80,.box_w=5,.box_h=8,.ofs_x=0,.ofs_y=0},
    {.bitmap_index=1406,.adv_w=64,.box_w=4,.box_h=5,.ofs_x=0,.ofs_y=-4},
    {.bitmap_index=1416,.adv_w=96,.box_w=6,.box_h=15,.ofs_x=0,.ofs_y=0},
    {.bitmap_index=1461,.adv_w=112,.box_w=7,.box_h=13,.ofs_x=0,.ofs_y=0},
    {.bitmap_index=1507,.adv_w=144,.box_w=9,.box_h=9,.ofs_x=0,.ofs_y=0},
    {.bitmap_index=1548,.adv_w=208,.box_w=14,.box_h=13,.ofs_x=0,.ofs_y=0},
    {.bitmap_index=1639,.adv_w=224,.box_w=14,.box_h=14,.ofs_x=0,.ofs_y=-1},
    {.bitmap_index=1737,.adv_w=224,.box_w=14,.box_h=14,.ofs_x=0,.ofs_y=0},
    {.bitmap_index=1835,.adv_w=128,.box_w=8,.box_h=13,.ofs_x=0,.ofs_y=-3},
    {.bitmap_index=1887,.adv_w=192,.box_w=12,.box_h=17,.ofs_x=0,.ofs_y=0},
    {.bitmap_index=1989,.adv_w=192,.box_w=12,.box_h=17,.ofs_x=0,.ofs_y=0},
    {.bitmap_index=2091,.adv_w=192,.box_w=12,.box_h=17,.ofs_x=0,.ofs_y=0},
    {.bitmap_index=2193,.adv_w=192,.box_w=12,.box_h=17,.ofs_x=0,.ofs_y=0},
    {.bitmap_index=2295,.adv_w=192,.box_w=12,.box_h=17,.ofs_x=0,.ofs_y=0},
    {.bitmap_index=2397,.adv_w=192,.box_w=12,.box_h=17,.ofs_x=0,.ofs_y=0},
    {.bitmap_index=2499,.adv_w=256,.box_w=17,.box_h=13,.ofs_x=-1,.ofs_y=0},
    {.bitmap_index=2610,.adv_w=176,.box_w=11,.box_h=17,.ofs_x=0,.ofs_y=-4},
    {.bitmap_index=2704,.adv_w=160,.box_w=10,.box_h=17,.ofs_x=0,.ofs_y=0},
    {.bitmap_index=2789,.adv_w=160,.box_w=10,.box_h=17,.ofs_x=0,.ofs_y=0},
    {.bitmap_index=2874,.adv_w=160,.box_w=10,.box_h=17,.ofs_x=0,.ofs_y=0},
    {.bitmap_index=2959,.adv_w=160,.box_w=10,.box_h=17,.ofs_x=0,.ofs_y=0},
    {.bitmap_index=3044,.adv_w=96,.box_w=6,.box_h=17,.ofs_x=0,.ofs_y=0},
    {.bitmap_index=3095,.adv_w=96,.box_w=6,.box_h=17,.ofs_x=0,.ofs_y=0},
    {.bitmap_index=3146,.adv_w=96,.box_w=7,.box_h=17,.ofs_x=0,.ofs_y=0},
    {.bitmap_index=3206,.adv_w=96,.box_w=6,.box_h=17,.ofs_x=0,.ofs_y=0},
    {.bitmap_index=3257,.adv_w=208,.box_w=13,.box_h=13,.ofs_x=0,.ofs_y=0},
    {.bitmap_index=3342,.adv_w=224,.box_w=14,.box_h=17,.ofs_x=0,.ofs_y=0},
    {.bitmap_index=3461,.adv_w=224,.box_w=14,.box_h=17,.ofs_x=0,.ofs_y=0},
    {.bitmap_index=3580,.adv_w=224,.box_w=14,.box_h=17,.ofs_x=0,.ofs_y=0},
    {.bitmap_index=3699,.adv_w=224,.box_w=14,.box_h=17,.ofs_x=0,.ofs_y=0},
    {.bitmap_index=3818,.adv_w=224,.box_w=14,.box_h=17,.ofs_x=0,.ofs_y=0},
    {.bitmap_index=3937,.adv_w=224,.box_w=14,.box_h=17,.ofs_x=0,.ofs_y=0},
    {.bitmap_index=4056,.adv_w=160,.box_w=10,.box_h=11,.ofs_x=0,.ofs_y=0},
    {.bitmap_index=4111,.adv_w=224,.box_w=14,.box_h=15,.ofs_x=0,.ofs_y=-1},
    {.bitmap_index=4216,.adv_w=208,.box_w=13,.box_h=17,.ofs_x=0,.ofs_y=0},
    {.bitmap_index=4327,.adv_w=208,.box_w=13,.box_h=17,.ofs_x=0,.ofs_y=0},
    {.bitmap_index=4438,.adv_w=208,.box_w=13,.box_h=17,.ofs_x=0,.ofs_y=0},
    {.bitmap_index=4549,.adv_w=208,.box_w=13,.box_h=17,.ofs_x=0,.ofs_y=0},
    {.bitmap_index=4660,.adv_w=160,.box_w=11,.box_h=17,.ofs_x=0,.ofs_y=0},
    {.bitmap_index=4754,.adv_w=176,.box_w=11,.box_h=13,.ofs_x=0,.ofs_y=0},
    {.bitmap_index=4826,.adv_w=176,.box_w=11,.box_h=14,.ofs_x=0,.ofs_y=0},
    {.bitmap_index=4903,.adv_w=160,.box_w=10,.box_h=14,.ofs_x=0,.ofs_y=0},
    {.bitmap_index=4973,.adv_w=160,.box_w=10,.box_h=14,.ofs_x=0,.ofs_y=0},
    {.bitmap_index=5043,.adv_w=160,.box_w=10,.box_h=14,.ofs_x=0,.ofs_y=0},
    {.bitmap_index=5113,.adv_w=160,.box_w=10,.box_h=14,.ofs_x=0,.ofs_y=0},
    {.bitmap_index=5183,.adv_w=160,.box_w=10,.box_h=14,.ofs_x=0,.ofs_y=0},
    {.bitmap_index=5253,.adv_w=160,.box_w=10,.box_h=16,.ofs_x=0,.ofs_y=0},
    {.bitmap_index=5333,.adv_w=256,.box_w=16,.box_h=10,.ofs_x=0,.ofs_y=0},
    {.bitmap_index=5413,.adv_w=144,.box_w=9,.box_h=14,.ofs_x=0,.ofs_y=-4},
    {.bitmap_index=5476,.adv_w=160,.box_w=10,.box_h=14,.ofs_x=0,.ofs_y=0},
    {.bitmap_index=5546,.adv_w=160,.box_w=10,.box_h=14,.ofs_x=0,.ofs_y=0},
    {.bitmap_index=5616,.adv_w=160,.box_w=10,.box_h=14,.ofs_x=0,.ofs_y=0},
    {.bitmap_index=5686,.adv_w=160,.box_w=10,.box_h=14,.ofs_x=0,.ofs_y=0},
    {.bitmap_index=5756,.adv_w=80,.box_w=6,.box_h=14,.ofs_x=-1,.ofs_y=0},
    {.bitmap_index=5798,.adv_w=80,.box_w=5,.box_h=14,.ofs_x=0,.ofs_y=0},
    {.bitmap_index=5833,.adv_w=80,.box_w=7,.box_h=14,.ofs_x=-1,.ofs_y=0},
    {.bitmap_index=5882,.adv_w=80,.box_w=6,.box_h=14,.ofs_x=-1,.ofs_y=0},
    {.bitmap_index=5924,.adv_w=176,.box_w=11,.box_h=15,.ofs_x=0,.ofs_y=0},
    {.bitmap_index=6007,.adv_w=176,.box_w=11,.box_h=14,.ofs_x=0,.ofs_y=0},
    {.bitmap_index=6084,.adv_w=176,.box_w=11,.box_h=14,.ofs_x=0,.ofs_y=0},
    {.bitmap_index=6161,.adv_w=176,.box_w=11,.box_h=14,.ofs_x=0,.ofs_y=0},
    {.bitmap_index=6238,.adv_w=176,.box_w=11,.box_h=14,.ofs_x=0,.ofs_y=0},
    {.bitmap_index=6315,.adv_w=176,.box_w=11,.box_h=14,.ofs_x=0,.ofs_y=0},
    {.bitmap_index=6392,.adv_w=176,.box_w=11,.box_h=14,.ofs_x=0,.ofs_y=0},
    {.bitmap_index=6469,.adv_w=160,.box_w=10,.box_h=11,.ofs_x=0,.ofs_y=0},
    {.bitmap_index=6524,.adv_w=176,.box_w=11,.box_h=12,.ofs_x=0,.ofs_y=-1},
    {.bitmap_index=6590,.adv_w=176,.box_w=11,.box_h=14,.ofs_x=0,.ofs_y=0},
    {.bitmap_index=6667,.adv_w=176,.box_w=11,.box_h=14,.ofs_x=0,.ofs_y=0},
    {.bitmap_index=6744,.adv_w=176,.box_w=11,.box_h=14,.ofs_x=0,.ofs_y=0},
    {.bitmap_index=6821,.adv_w=176,.box_w=11,.box_h=14,.ofs_x=0,.ofs_y=0},
    {.bitmap_index=6898,.adv_w=144,.box_w=10,.box_h=18,.ofs_x=0,.ofs_y=-4},
    {.bitmap_index=6988,.adv_w=176,.box_w=11,.box_h=18,.ofs_x=0,.ofs_y=-4},
    {.bitmap_index=7087,.adv_w=144,.box_w=10,.box_h=18,.ofs_x=0,.ofs_y=-4},
    {.bitmap_index=7177,.adv_w=160,.box_w=0,.box_h=0,.ofs_x=0,.ofs_y=0},
    {.bitmap_index=7177,.adv_w=48,.box_w=0,.box_h=0,.ofs_x=0,.ofs_y=0},
    {.bitmap_index=7177,.adv_w=32,.box_w=0,.box_h=0,.ofs_x=0,.ofs_y=0},
    {.bitmap_index=7177,.adv_w=0,.box_w=0,.box_h=0,.ofs_x=0,.ofs_y=0},
    {.bitmap_index=7177,.adv_w=96,.box_w=6,.box_h=7,.ofs_x=0,.ofs_y=0},
    {.bitmap_index=7198,.adv_w=96,.box_w=6,.box_h=7,.ofs_x=0,.ofs_y=0},
    {.bitmap_index=7219,.adv_w=144,.box_w=9,.box_h=7,.ofs_x=0,.ofs_y=0},
    {.bitmap_index=7251,.adv_w=288,.box_w=18,.box_h=7,.ofs_x=0,.ofs_y=0},
    {.bitmap_index=7314,.adv_w=48,.box_w=3,.box_h=13,.ofs_x=0,.ofs_y=0},
    {.bitmap_index=7334,.adv_w=48,.box_w=3,.box_h=13,.ofs_x=0,.ofs_y=0},
    {.bitmap_index=7354,.adv_w=80,.box_w=5,.box_h=4,.ofs_x=0,.ofs_y=-2},
    {.bitmap_index=7364,.adv_w=96,.box_w=7,.box_h=13,.ofs_x=0,.ofs_y=0},
    {.bitmap_index=7410,.adv_w=96,.box_w=7,.box_h=13,.ofs_x=0,.ofs_y=0},
    {.bitmap_index=7456,.adv_w=112,.box_w=7,.box_h=4,.ofs_x=0,.ofs_y=-2},
    {.bitmap_index=7470,.adv_w=112,.box_w=7,.box_h=9,.ofs_x=0,.ofs_y=0},
    {.bitmap_index=7502,.adv_w=224,.box_w=14,.box_h=3,.ofs_x=0,.ofs_y=0},
    {.bitmap_index=7523,.adv_w=48,.box_w=0,.box_h=0,.ofs_x=0,.ofs_y=0},
    {.bitmap_index=7523,.adv_w=176,.box_w=0,.box_h=0,.ofs_x=0,.ofs_y=0},
    {.bitmap_index=7523,.adv_w=160,.box_w=11,.box_h=13,.ofs_x=0,.ofs_y=0},
    {.bitmap_index=7595,.adv_w=176,.box_w=11,.box_h=13,.ofs_x=0,.ofs_y=0},
};

static const uint16_t rsvp_unicode_18_unicode[] = {
    0x0, 0x1, 0x2, 0x3, 0x4, 0x5, 0x6, 0x7, 0x8, 0x9, 0xa, 0xb,
    0xc, 0xd, 0xe, 0xf, 0x10, 0x11, 0x12, 0x13, 0x14, 0x15, 0x16, 0x17,
    0x18, 0x19, 0x1a, 0x1b, 0x1c, 0x1d, 0x1e, 0x1f, 0x20, 0x21, 0x22, 0x23,
    0x24, 0x25, 0x26, 0x27, 0x28, 0x29, 0x2a, 0x2b, 0x2c, 0x2d, 0x2e, 0x2f,
    0x30, 0x31, 0x32, 0x33, 0x34, 0x35, 0x36, 0x37, 0x38, 0x39, 0x3a, 0x3b,
    0x3c, 0x3d, 0x3e, 0x3f, 0x40, 0x41, 0x42, 0x43, 0x44, 0x45, 0x46, 0x47,
    0x48, 0x49, 0x4a, 0x4b, 0x4c, 0x4d, 0x4e, 0x4f, 0x50, 0x51, 0x52, 0x53,
    0x54, 0x55, 0x56, 0x57, 0x58, 0x59, 0x5a, 0x5b, 0x5c, 0x5d, 0x5e, 0x5f,
    0x1f67, 0x1f69, 0x1f6a, 0x1f6b, 0x1f70, 0x1f71, 0x1f73, 0x1f74, 0x1f78, 0x1f79, 0x1f7a, 0x1f7c,
    0x1f7d, 0x1f7e, 0x1f82, 0x1f86, 0x1f8f, 0x1fc0, 0x200c, 0x2172,
};

static const lv_font_fmt_txt_cmap_t rsvp_unicode_18_cmaps[] = {
    {
        .range_start = 160, .range_length = 8563, .glyph_id_start = 1,
        .unicode_list = rsvp_unicode_18_unicode, .glyph_id_ofs_list = NULL,
        .list_length = 116, .type = LV_FONT_FMT_TXT_CMAP_SPARSE_TINY
    }
};

static const lv_font_fmt_txt_dsc_t rsvp_unicode_18_dsc = {
    .glyph_bitmap = rsvp_unicode_18_bitmap,
    .glyph_dsc = rsvp_unicode_18_glyphs,
    .cmaps = rsvp_unicode_18_cmaps,
    .kern_dsc = NULL,
    .kern_scale = 0,
    .cmap_num = 1,
    .bpp = 4,
    .kern_classes = 0,
    .bitmap_format = 0,
};

const lv_font_t rsvp_unicode_18 = {
    .get_glyph_dsc = lv_font_get_glyph_dsc_fmt_txt,
    .get_glyph_bitmap = lv_font_get_bitmap_fmt_txt,
    .line_height = 21,
    .base_line = 4,
    .subpx = LV_FONT_SUBPX_NONE,
    .underline_position = -1,
    .underline_thickness = 1,
    .dsc = &rsvp_unicode_18_dsc,
    .fallback = &lv_font_montserrat_18,
    .user_data = NULL,
};

/* Unicode extension font 24px generated from Noto Sans Regular 2.004; ASCII falls back to LVGL Montserrat. */
static LV_ATTRIBUTE_LARGE_CONST const uint8_t rsvp_unicode_24_bitmap[] = {
    0x01, 0xce, 0x50, 0x03, 0xff, 0xa0, 0x01, 0xce, 0x50, 0x00, 0x00, 0x00, 0x00, 0x00, 0x00, 0x00,
    0x8e, 0x00, 0x00, 0x9e, 0x00, 0x00, 0x9f, 0x00, 0x00, 0xaf, 0x10, 0x00, 0xbf, 0x20, 0x00, 0xcf,
    0x20, 0x00, 0xdf, 0x30, 0x00, 0xdf, 0x40, 0x00, 0xef, 0x50, 0x00, 0xff, 0x50, 0x01, 0xff, 0x60,
    0x01, 0xff, 0x70, 0x00, 0x00, 0x00, 0x2f, 0x70, 0x00, 0x00, 0x00, 0x00, 0x04, 0x9f, 0xd9, 0x72,
    0x00, 0x00, 0x01, 0xbf, 0xff, 0xff, 0xf6, 0x00, 0x00, 0x0a, 0xfd, 0x51, 0x13, 0x81, 0x00, 0x00,
    0x3f, 0xf2, 0x00, 0x00, 0x00, 0x00, 0x00, 0x8f, 0xa0, 0x00, 0x00, 0x00, 0x00, 0x00, 0xaf, 0x70,
    0x00, 0x00, 0x00, 0x00, 0x00, 0xcf, 0x60, 0x00, 0x00, 0x00, 0x00, 0x00, 0xcf, 0x50, 0x00, 0x00,
    0x00, 0x00, 0x00, 0xbf, 0x70, 0x00, 0x00, 0x00, 0x00, 0x00, 0x8f, 0xa0, 0x00, 0x00, 0x00, 0x00,
    0x00, 0x4f, 0xe2, 0x00, 0x00, 0x00, 0x00, 0x00, 0x0b, 0xfd, 0x51, 0x02, 0x64, 0x00, 0x00, 0x01,
    0xcf, 0xff, 0xff, 0xf6, 0x00, 0x00, 0x00, 0x05, 0xaf, 0xda, 0x61, 0x00, 0x00, 0x00, 0x00, 0x2f,
    0x70, 0x00, 0x00, 0x00, 0x00, 0x00, 0x2f, 0x70, 0x00, 0x00, 0x00, 0x00, 0x07, 0xce, 0xfd, 0xa5,
    0x00, 0x00, 0x00, 0xbf, 0xfd, 0xce, 0xfe, 0x10, 0x00, 0x07, 0xfd, 0x20, 0x00, 0x46, 0x00, 0x00,
    0x0b, 0xf7, 0x00, 0x00, 0x00, 0x00, 0x00, 0x0d, 0xf4, 0x00, 0x00, 0x00, 0x00, 0x00, 0x0d, 0xf4,
    0x00, 0x00, 0x00, 0x00, 0x00, 0x0d, 0xf4, 0x00, 0x00, 0x00, 0x00, 0x00, 0x0d, 0xf4, 0x00, 0x00,
    0x00, 0x00, 0x2f, 0xff, 0xff, 0xff, 0xff, 0x20, 0x00, 0x2b, 0xbf, 0xfc, 0xbb, 0xbb, 0x20, 0x00,
    0x00, 0x0d, 0xf4, 0x00, 0x00, 0x00, 0x00, 0x00, 0x0d, 0xf4, 0x00, 0x00, 0x00, 0x00, 0x00, 0x0e,
    0xf3, 0x00, 0x00, 0x00, 0x00, 0x00, 0x1f, 0xf1, 0x00, 0x00, 0x00, 0x00, 0x00, 0xaf, 0x70, 0x00,
    0x00, 0x00, 0x00, 0x2d, 0xfe, 0xbb, 0xbb, 0xbb, 0xbb, 0xa0, 0x4f, 0xff, 0xff, 0xff, 0xff, 0xff,
    0xd0, 0x00, 0x71, 0x00, 0x00, 0x00, 0x35, 0x00, 0x05, 0xfb, 0x4b, 0xed, 0x94, 0xee, 0x10, 0x00,
    0xaf, 0xff, 0xcd, 0xff, 0xf6, 0x00, 0x00, 0x2f, 0xc2, 0x00, 0x4e, 0xd0, 0x00, 0x00, 0x9f, 0x20,
    0x00, 0x06, 0xf4, 0x00, 0x00, 0xcc, 0x00, 0x00, 0x01, 0xf7, 0x00, 0x00, 0xbd, 0x00, 0x00, 0x02,
    0xf7, 0x00, 0x00, 0x8f, 0x40, 0x00, 0x08, 0xf4, 0x00, 0x00, 0x3f, 0xe5, 0x11, 0x8f, 0xd0, 0x00,
    0x01, 0xcf, 0xff, 0xff, 0xff, 0xf8, 0x00, 0x04, 0xf8, 0x18, 0xaa, 0x61, 0xce, 0x10, 0x00, 0x30,
    0x00, 0x00, 0x00, 0x12, 0x00, 0x00, 0x00, 0x00, 0x00, 0x00, 0x00, 0x00, 0x00, 0x00, 0x00, 0x00,
    0x00, 0x00, 0x00, 0x6f, 0xc0, 0x00, 0x00, 0x00, 0x2f, 0xf2, 0x0d, 0xf5, 0x00, 0x00, 0x00, 0x9f,
    0x80, 0x05, 0xfc, 0x00, 0x00, 0x02, 0xfe, 0x10, 0x00, 0xcf, 0x50, 0x00, 0x0a, 0xf7, 0x00, 0x00,
    0x4f, 0xd0, 0x00, 0x3f, 0xd1, 0x00, 0x00, 0x0b, 0xf6, 0x00, 0xaf, 0x60, 0x00, 0x00, 0x03, 0xfd,
    0x03, 0xfd, 0x00, 0x00, 0x00, 0x00, 0xaf, 0x6b, 0xf5, 0x00, 0x00, 0x00, 0x00, 0x3f, 0xef, 0xc0,
    0x00, 0x00, 0x00, 0xcf, 0xff, 0xff, 0xff, 0xf8, 0x00, 0x00, 0x9b, 0xbc, 0xff, 0xbb, 0xb6, 0x00,
    0x00, 0x00, 0x03, 0xfd, 0x00, 0x00, 0x00, 0x00, 0x9b, 0xbc, 0xff, 0xbb, 0xb6, 0x00, 0x00, 0xcf,
    0xff, 0xff, 0xff, 0xf8, 0x00, 0x00, 0x00, 0x03, 0xfd, 0x00, 0x00, 0x00, 0x00, 0x00, 0x03, 0xfd,
    0x00, 0x00, 0x00, 0x00, 0x00, 0x03, 0xfd, 0x00, 0x00, 0x00, 0x00, 0x00, 0x04, 0xf7, 0x00, 0x00,
    0x00, 0x00, 0x00, 0x4f, 0x70, 0x00, 0x00, 0x00, 0x00, 0x04, 0xf7, 0x00, 0x00, 0x00, 0x00, 0x00,
    0x4f, 0x70, 0x00, 0x00, 0x00, 0x00, 0x04, 0xf7, 0x00, 0x00, 0x00, 0x00, 0x00, 0x4f, 0x70, 0x00,
    0x00, 0x00, 0x00, 0x04, 0xf7, 0x00, 0x00, 0x00, 0x00, 0x00, 0x4f, 0x70, 0x00, 0x00, 0x00, 0x00,
    0x04, 0xf7, 0x00, 0x00, 0x00, 0x00, 0x00, 0x00, 0x00, 0x00, 0x00, 0x00, 0x00, 0x00, 0x00, 0x00,
    0x00, 0x00, 0x00, 0x00, 0x00, 0x00, 0x00, 0x00, 0x00, 0x00, 0x00, 0x00, 0x00, 0x00, 0x00, 0x00,
    0x00, 0x00, 0x00, 0x00, 0x00, 0x00, 0x00, 0x00, 0x00, 0x00, 0x00, 0x00, 0x00, 0x00, 0x4f, 0x70,
    0x00, 0x00, 0x00, 0x00, 0x04, 0xf7, 0x00, 0x00, 0x00, 0x00, 0x00, 0x4f, 0x70, 0x00, 0x00, 0x00,
    0x00, 0x04, 0xf7, 0x00, 0x00, 0x00, 0x00, 0x00, 0x4f, 0x70, 0x00, 0x00, 0x00, 0x00, 0x04, 0xf7,
    0x00, 0x00, 0x00, 0x00, 0x00, 0x4f, 0x70, 0x00, 0x00, 0x00, 0x00, 0x04, 0xf7, 0x00, 0x00, 0x00,
    0x00, 0x00, 0x4f, 0x70, 0x00, 0x00, 0x00, 0x17, 0xce, 0xfe, 0xc7, 0x10, 0x00, 0xbf, 0xfc, 0xcd,
    0xff, 0x40, 0x03, 0xfd, 0x10, 0x00, 0x27, 0x00, 0x04, 0xfc, 0x00, 0x00, 0x00, 0x00, 0x00, 0xdf,
    0xb3, 0x00, 0x00, 0x00, 0x00, 0x2d, 0xff, 0xc6, 0x10, 0x00, 0x00, 0x6f, 0xca, 0xef, 0xe5, 0x00,
    0x02, 0xfb, 0x00, 0x17, 0xef, 0x50, 0x05, 0xf7, 0x00, 0x00, 0x5f, 0xa0, 0x04, 0xfc, 0x10, 0x00,
    0x2f, 0xa0, 0x00, 0xbf, 0xd6, 0x10, 0x9f, 0x50, 0x00, 0x08, 0xef, 0xec, 0xf8, 0x00, 0x00, 0x00,
    0x16, 0xbf, 0xf9, 0x00, 0x00, 0x00, 0x00, 0x03, 0xdf, 0x70, 0x00, 0x00, 0x00, 0x00, 0x6f, 0xa0,
    0x05, 0x40, 0x00, 0x01, 0xbf, 0x80, 0x09, 0xff, 0xcb, 0xce, 0xfd, 0x10, 0x02, 0x8c, 0xef, 0xec,
    0x71, 0x00, 0x00, 0x02, 0xa6, 0x00, 0x7a, 0x10, 0x00, 0x00, 0x04, 0xe9, 0x00, 0xae, 0x20, 0x00,
    0x00, 0x00, 0x00, 0x00, 0x00, 0x00, 0x00, 0x00, 0x00, 0x00, 0x00, 0x00, 0x00, 0x00, 0x00, 0x00,
    0x00, 0x00, 0x00, 0x00, 0x00, 0x00, 0x00, 0x00, 0x00, 0x00, 0x00, 0x00, 0x00, 0x00, 0x00, 0x00,
    0x00, 0x00, 0x00, 0x00, 0x00, 0x00, 0x00, 0x00, 0x00, 0x00, 0x00, 0x00, 0x00, 0x00, 0x00, 0x00,
    0x00, 0x00, 0x00, 0x00, 0x00, 0x00, 0x00, 0x00, 0x00, 0x00, 0x00, 0x00, 0x00, 0x00, 0x00, 0x00,
    0x00, 0x00, 0x00, 0x00, 0x00, 0x00, 0x00, 0x00, 0x00, 0x00, 0x00, 0x00, 0x00, 0x00, 0x00, 0x00,
    0x00, 0x00, 0x00, 0x00, 0x00, 0x00, 0x00, 0x00, 0x00, 0x00, 0x00, 0x00, 0x00, 0x00, 0x00, 0x00,
    0x00, 0x00, 0x00, 0x00, 0x00, 0x00, 0x00, 0x00, 0x00, 0x00, 0x00, 0x00, 0x26, 0x9b, 0xb9, 0x51,
    0x00, 0x00, 0x00, 0x00, 0x00, 0x19, 0xff, 0xff, 0xff, 0xfe, 0x80, 0x00, 0x00, 0x00, 0x02, 0xdf,
    0xc6, 0x31, 0x12, 0x6c, 0xfc, 0x10, 0x00, 0x00, 0x1d, 0xe6, 0x00, 0x00, 0x00, 0x00, 0x7f, 0xc0,
    0x00, 0x00, 0x9f, 0x40, 0x02, 0x9d, 0xfd, 0x81, 0x05, 0xf8, 0x00, 0x02, 0xf7, 0x00, 0x2e, 0xfe,
    0xce, 0xf2, 0x00, 0x9e, 0x10, 0x07, 0xe1, 0x00, 0xbf, 0x80, 0x00, 0x30, 0x00, 0x2f, 0x60, 0x0a,
    0xb0, 0x02, 0xfd, 0x00, 0x00, 0x00, 0x00, 0x0c, 0xa0, 0x0c, 0x90, 0x05, 0xf9, 0x00, 0x00, 0x00,
    0x00, 0x0a, 0xb0, 0x0c, 0x80, 0x06, 0xf8, 0x00, 0x00, 0x00, 0x00, 0x09, 0xb0, 0x0b, 0xa0, 0x05,
    0xf9, 0x00, 0x00, 0x00, 0x00, 0x0b, 0xa0, 0x08, 0xe0, 0x01, 0xfd, 0x00, 0x00, 0x00, 0x00, 0x1e,
    0x70, 0x03, 0xf6, 0x00, 0xaf, 0xa2, 0x02, 0x50, 0x00, 0x7f, 0x30, 0x00, 0xbe, 0x20, 0x2d, 0xff,
    0xff, 0xe0, 0x03, 0xeb, 0x00, 0x00, 0x3e, 0xd3, 0x01, 0x7a, 0xb9, 0x40, 0x3d, 0xe2, 0x00, 0x00,
    0x05, 0xfe, 0x82, 0x00, 0x00, 0x29, 0xfe, 0x40, 0x00, 0x00, 0x00, 0x3d, 0xff, 0xdc, 0xce, 0xff,
    0xc3, 0x00, 0x00, 0x00, 0x00, 0x00, 0x5a, 0xde, 0xed, 0xa5, 0x00, 0x00, 0x00, 0x05, 0xce, 0xfd,
    0x60, 0x00, 0x24, 0x22, 0x6f, 0x30, 0x02, 0xad, 0xee, 0xf6, 0x00, 0xec, 0x42, 0x3f, 0x60, 0x3f,
    0x50, 0x04, 0xf6, 0x01, 0xf9, 0x23, 0xcf, 0x60, 0x05, 0xdf, 0xc4, 0xd6, 0x00, 0x00, 0x00, 0x00,
    0x00, 0x00, 0x00, 0x00, 0x00, 0x00, 0x00, 0x00, 0x00, 0x00, 0x00, 0x00, 0x00, 0x00, 0x00, 0x00,
    0x00, 0x00, 0x00, 0x00, 0x00, 0x00, 0x00, 0x00, 0x00, 0x00, 0x00, 0x00, 0x00, 0x00, 0x00, 0x00,
    0x00, 0x00, 0x00, 0x00, 0x00, 0x00, 0x00, 0x00, 0x00, 0x00, 0x00, 0x00, 0x11, 0x00, 0x01, 0x00,
    0x00, 0x00, 0xae, 0x30, 0x1c, 0xd1, 0x00, 0x08, 0xfb, 0x00, 0xbf, 0x80, 0x00, 0x5f, 0xd1, 0x09,
    0xfa, 0x00, 0x03, 0xfe, 0x20, 0x6f, 0xc1, 0x00, 0x0e, 0xf5, 0x03, 0xff, 0x20, 0x00, 0x07, 0xfc,
    0x00, 0xbf, 0x90, 0x00, 0x00, 0xaf, 0xa0, 0x1c, 0xf6, 0x00, 0x00, 0x0c, 0xf7, 0x02, 0xef, 0x40,
    0x00, 0x01, 0xdf, 0x30, 0x3f, 0xe1, 0x00, 0x00, 0x35, 0x00, 0x05, 0x40, 0x00, 0x00, 0x00, 0x00,
    0x00, 0x00, 0x09, 0xbb, 0xbb, 0xbb, 0xbb, 0xbb, 0x50, 0x0c, 0xff, 0xff, 0xff, 0xff, 0xff, 0x70,
    0x00, 0x00, 0x00, 0x00, 0x00, 0x3f, 0x70, 0x00, 0x00, 0x00, 0x00, 0x00, 0x3f, 0x70, 0x00, 0x00,
    0x00, 0x00, 0x00, 0x3f, 0x70, 0x00, 0x00, 0x00, 0x00, 0x00, 0x3f, 0x70, 0x00, 0x00, 0x00, 0x00,
    0x00, 0x27, 0x40, 0x00, 0x00, 0x00, 0x00, 0x00, 0x00, 0x00, 0x00, 0x00, 0x00, 0x00, 0x00, 0x00,
    0x00, 0x00, 0x00, 0x00, 0x00, 0x00, 0x00, 0x00, 0x1b, 0xbb, 0xbb, 0x90, 0x1f, 0xff, 0xff, 0xc0,
    0x00, 0x00, 0x00, 0x00, 0x00, 0x00, 0x00, 0x00, 0x00, 0x00, 0x00, 0x00, 0x00, 0x00, 0x00, 0x00,
    0x00, 0x00, 0x00, 0x00, 0x00, 0x00, 0x00, 0x26, 0x9b, 0xb9, 0x51, 0x00, 0x00, 0x00, 0x00, 0x00,
    0x19, 0xff, 0xff, 0xff, 0xfe, 0x80, 0x00, 0x00, 0x00, 0x02, 0xdf, 0xc6, 0x31, 0x12, 0x6c, 0xfc,
    0x10, 0x00, 0x00, 0x1d, 0xe6, 0x00, 0x00, 0x00, 0x00, 0x7f, 0xc0, 0x00, 0x00, 0x9f, 0x40, 0x4f,
    0xff, 0xeb, 0x40, 0x05, 0xf8, 0x00, 0x02, 0xf7, 0x00, 0x4f, 0xdb, 0xdf, 0xe2, 0x00, 0x9e, 0x10,
    0x07, 0xe1, 0x00, 0x4f, 0x80, 0x08, 0xf7, 0x00, 0x2f, 0x60, 0x0a, 0xb0, 0x00, 0x4f, 0x80, 0x05,
    0xf8, 0x00, 0x0c, 0xa0, 0x0c, 0x90, 0x00, 0x4f, 0x80, 0x2c, 0xf5, 0x00, 0x0a, 0xb0, 0x0c, 0x80,
    0x00, 0x4f, 0xff, 0xff, 0x90, 0x00, 0x09, 0xb0, 0x0b, 0xa0, 0x00, 0x4f, 0xdb, 0xfe, 0x10, 0x00,
    0x0b, 0xa0, 0x08, 0xe0, 0x00, 0x4f, 0x80, 0x7f, 0x90, 0x00, 0x1e, 0x70, 0x03, 0xf6, 0x00, 0x4f,
    0x80, 0x0c, 0xf4, 0x00, 0x7f, 0x30, 0x00, 0xbe, 0x20, 0x4f, 0x80, 0x02, 0xfd, 0x13, 0xeb, 0x00,
    0x00, 0x3e, 0xd3, 0x14, 0x20, 0x00, 0x34, 0x5d, 0xe2, 0x00, 0x00, 0x05, 0xfe, 0x82, 0x00, 0x00,
    0x29, 0xfe, 0x40, 0x00, 0x00, 0x00, 0x3d, 0xff, 0xdc, 0xce, 0xff, 0xc3, 0x00, 0x00, 0x00, 0x00,
    0x00, 0x5a, 0xde, 0xed, 0xa5, 0x00, 0x00, 0x00, 0x1b, 0xbb, 0xbb, 0xbb, 0xbb, 0xbb, 0xb1, 0x1f,
    0xff, 0xff, 0xff, 0xff, 0xff, 0xf1, 0x00, 0x00, 0x00, 0x00, 0x00, 0x00, 0x00, 0x00, 0x00, 0x00,
    0x00, 0x00, 0x00, 0x00, 0x00, 0x00, 0x00, 0x00, 0x00, 0x00, 0x00, 0x00, 0x00, 0x00, 0x00, 0x00,
    0x00, 0x00, 0x00, 0x00, 0x00, 0x00, 0x00, 0x00, 0x00, 0x00, 0x00, 0x00, 0x00, 0x00, 0x00, 0x00,
    0x00, 0x00, 0x00, 0x00, 0x00, 0x00, 0x00, 0x00, 0x00, 0x00, 0x00, 0x00, 0x00, 0x00, 0x00, 0x00,
    0x00, 0x00, 0x00, 0x00, 0x00, 0x00, 0x00, 0x00, 0x00, 0x00, 0x00, 0x00, 0x00, 0x00, 0x00, 0x00,
    0x00, 0x00, 0x00, 0x00, 0x00, 0x00, 0x00, 0x00, 0x00, 0x00, 0x00, 0x00, 0x00, 0x00, 0x00, 0x00,
    0x00, 0x00, 0x00, 0x00, 0x00, 0x00, 0x00, 0x00, 0x00, 0x00, 0x00, 0x00, 0x00, 0x00, 0x00, 0x00,
    0x00, 0x00, 0x00, 0x00, 0x00, 0x00, 0x00, 0x00, 0x00, 0x00, 0x00, 0x00, 0x00, 0x00, 0x00, 0x00,
    0x00, 0x00, 0x00, 0x00, 0x00, 0x06, 0xab, 0x81, 0x00, 0x00, 0xbf, 0xff, 0xfd, 0x20, 0x06, 0xf9,
    0x11, 0x6f, 0x90, 0x09, 0xf0, 0x00, 0x0b, 0xd0, 0x0a, 0xe0, 0x00, 0x0a, 0xe0, 0x07, 0xf6, 0x00,
    0x2e, 0xb0, 0x01, 0xdf, 0xdc, 0xff, 0x40, 0x00, 0x2a, 0xef, 0xc4, 0x00, 0x00, 0x00, 0x00, 0x00,
    0x00, 0x00, 0x00, 0x00, 0x00, 0x00, 0x00, 0x00, 0x00, 0x00, 0x00, 0x00, 0x00, 0x00, 0x00, 0x00,
    0x00, 0x00, 0x00, 0x00, 0x00, 0x00, 0x00, 0x00, 0x00, 0x00, 0x00, 0x00, 0x00, 0x00, 0x00, 0x00,
    0x00, 0x00, 0x00, 0x00, 0x00, 0x00, 0x00, 0x00, 0x00, 0x00, 0x00, 0x00, 0x00, 0x00, 0x00, 0x00,
    0x00, 0xfb, 0x00, 0x00, 0x00, 0x00, 0x00, 0x00, 0xfb, 0x00, 0x00, 0x00, 0x00, 0x00, 0x00, 0xfb,
    0x00, 0x00, 0x00, 0x00, 0x00, 0x00, 0xfb, 0x00, 0x00, 0x00, 0x00, 0x00, 0x00, 0xfb, 0x00, 0x00,
    0x00, 0x0c, 0xff, 0xff, 0xff, 0xff, 0xff, 0x70, 0x09, 0xbb, 0xbb, 0xfe, 0xbb, 0xbb, 0x50, 0x00,
    0x00, 0x00, 0xfb, 0x00, 0x00, 0x00, 0x00, 0x00, 0x00, 0xfb, 0x00, 0x00, 0x00, 0x00, 0x00, 0x00,
    0xfb, 0x00, 0x00, 0x00, 0x00, 0x00, 0x00, 0xfb, 0x00, 0x00, 0x00, 0x00, 0x00, 0x00, 0xfb, 0x00,
    0x00, 0x00, 0x09, 0xbb, 0xbb, 0xbb, 0xbb, 0xbb, 0x60, 0x0c, 0xff, 0xff, 0xff, 0xff, 0xff, 0x80,
    0x00, 0x01, 0x10, 0x00, 0x05, 0xdf, 0xfd, 0x50, 0x1e, 0xc6, 0x6d, 0xf2, 0x02, 0x00, 0x06, 0xf5,
    0x00, 0x00, 0x07, 0xf3, 0x00, 0x00, 0x1d, 0xc0, 0x00, 0x01, 0xbe, 0x20, 0x00, 0x1b, 0xe3, 0x00,
    0x01, 0xce, 0x30, 0x00, 0x1c, 0xe4, 0x22, 0x21, 0x6f, 0xff, 0xff, 0xf5, 0x25, 0x55, 0x55, 0x52,
    0x00, 0x00, 0x00, 0x00, 0x00, 0x00, 0x00, 0x00, 0x00, 0x00, 0x00, 0x00, 0x00, 0x00, 0x00, 0x00,
    0x00, 0x00, 0x00, 0x00, 0x00, 0x00, 0x00, 0x00, 0x00, 0x00, 0x00, 0x00, 0x00, 0x00, 0x00, 0x00,
    0x00, 0x00, 0x00, 0x00, 0x00, 0x02, 0x10, 0x00, 0x07, 0xef, 0xfe, 0x60, 0x3e, 0x96, 0x6d, 0xf3,
    0x00, 0x00, 0x06, 0xf5, 0x00, 0x23, 0x5d, 0xd1, 0x00, 0xff, 0xfe, 0x30, 0x00, 0x55, 0x7d, 0xe3,
    0x00, 0x00, 0x03, 0xf9, 0x00, 0x00, 0x02, 0xfa, 0x88, 0x43, 0x4c, 0xf5, 0x6e, 0xff, 0xff, 0x80,
    0x01, 0x35, 0x41, 0x00, 0x00, 0x00, 0x00, 0x00, 0x00, 0x00, 0x00, 0x00, 0x00, 0x00, 0x00, 0x00,
    0x00, 0x00, 0x00, 0x00, 0x00, 0x00, 0x00, 0x00, 0x00, 0x00, 0x00, 0x00, 0x00, 0x00, 0x00, 0x00,
    0x00, 0x00, 0x00, 0x00, 0x00, 0x00, 0x00, 0x00, 0x00, 0x1e, 0xf9, 0x00, 0x09, 0xfc, 0x00, 0x03,
    0xfd, 0x10, 0x00, 0xdc, 0x10, 0x00, 0x00, 0x00, 0x00, 0x00, 0x00, 0x00, 0x00, 0x00, 0x00, 0x00,
    0x00, 0x00, 0x00, 0x00, 0x00, 0x00, 0x00, 0x00, 0x00, 0x00, 0x00, 0x00, 0x00, 0x00, 0x00, 0x00,
    0x00, 0x00, 0x00, 0x00, 0x00, 0x00, 0x00, 0x00, 0x00, 0x00, 0x00, 0x00, 0x00, 0x00, 0x00, 0x00,
    0x00, 0x00, 0x00, 0x00, 0x00, 0x00, 0x00, 0x00, 0xef, 0x20, 0x00, 0x00, 0x3f, 0xe0, 0x00, 0x0e,
    0xf2, 0x00, 0x00, 0x03, 0xfe, 0x00, 0x00, 0xef, 0x20, 0x00, 0x00, 0x3f, 0xe0, 0x00, 0x0e, 0xf2,
    0x00, 0x00, 0x03, 0xfe, 0x00, 0x00, 0xef, 0x20, 0x00, 0x00, 0x3f, 0xe0, 0x00, 0x0e, 0xf2, 0x00,
    0x00, 0x03, 0xfe, 0x00, 0x00, 0xef, 0x20, 0x00, 0x00, 0x3f, 0xe0, 0x00, 0x0e, 0xf2, 0x00, 0x00,
    0x04, 0xfe, 0x00, 0x00, 0xef, 0x30, 0x00, 0x00, 0x6f, 0xe0, 0x00, 0x0e, 0xf6, 0x00, 0x00, 0x0b,
    0xfe, 0x00, 0x00, 0xef, 0xd2, 0x00, 0x07, 0xff, 0xe0, 0x00, 0x0e, 0xff, 0xfc, 0xce, 0xf6, 0xfe,
    0x00, 0x00, 0xef, 0x5c, 0xfe, 0xb4, 0x0d, 0xe0, 0x00, 0x0e, 0xf2, 0x00, 0x00, 0x00, 0x00, 0x00,
    0x00, 0xef, 0x20, 0x00, 0x00, 0x00, 0x00, 0x00, 0x0e, 0xf2, 0x00, 0x00, 0x00, 0x00, 0x00, 0x00,
    0xef, 0x20, 0x00, 0x00, 0x00, 0x00, 0x00, 0x0e, 0xf2, 0x00, 0x00, 0x00, 0x00, 0x00, 0x00, 0xef,
    0x20, 0x00, 0x00, 0x00, 0x00, 0x00, 0x00, 0x03, 0xad, 0xff, 0xff, 0xff, 0xf3, 0x00, 0x00, 0x5f,
    0xff, 0xff, 0xfd, 0xbc, 0xf3, 0x00, 0x01, 0xef, 0xff, 0xff, 0xf5, 0x03, 0xf3, 0x00, 0x06, 0xff,
    0xff, 0xff, 0xf5, 0x03, 0xf3, 0x00, 0x09, 0xff, 0xff, 0xff, 0xf5, 0x03, 0xf3, 0x00, 0x0a, 0xff,
    0xff, 0xff, 0xf5, 0x03, 0xf3, 0x00, 0x0a, 0xff, 0xff, 0xff, 0xf5, 0x03, 0xf3, 0x00, 0x09, 0xff,
    0xff, 0xff, 0xf5, 0x03, 0xf3, 0x00, 0x07, 0xff, 0xff, 0xff, 0xf5, 0x03, 0xf3, 0x00, 0x03, 0xff,
    0xff, 0xff, 0xf5, 0x03, 0xf3, 0x00, 0x00, 0xaf, 0xff, 0xff, 0xf5, 0x03, 0xf3, 0x00, 0x00, 0x19,
    0xff, 0xff, 0xf5, 0x03, 0xf3, 0x00, 0x00, 0x00, 0x14, 0x54, 0xf5, 0x03, 0xf3, 0x00, 0x00, 0x00,
    0x00, 0x01, 0xf5, 0x03, 0xf3, 0x00, 0x00, 0x00, 0x00, 0x01, 0xf5, 0x03, 0xf3, 0x00, 0x00, 0x00,
    0x00, 0x01, 0xf5, 0x03, 0xf3, 0x00, 0x00, 0x00, 0x00, 0x01, 0xf5, 0x03, 0xf3, 0x00, 0x00, 0x00,
    0x00, 0x01, 0xf5, 0x03, 0xf3, 0x00, 0x00, 0x00, 0x00, 0x01, 0xf5, 0x03, 0xf3, 0x00, 0x00, 0x00,
    0x00, 0x01, 0xf5, 0x03, 0xf3, 0x00, 0x00, 0x00, 0x00, 0x01, 0xf5, 0x03, 0xf3, 0x00, 0x00, 0x00,
    0x00, 0x01, 0xb4, 0x02, 0xb2, 0x00, 0x01, 0xce, 0x50, 0x03, 0xff, 0xa0, 0x01, 0xce, 0x50, 0x00,
    0x00, 0x00, 0x00, 0x00, 0x00, 0x00, 0x00, 0x00, 0x00, 0x00, 0x00, 0x00, 0x00, 0x00, 0x00, 0x00,
    0x00, 0x00, 0x00, 0x00, 0x00, 0x32, 0x00, 0x03, 0xf4, 0x00, 0x07, 0xed, 0x50, 0x00, 0x1c, 0xf0,
    0x11, 0x2c, 0xe0, 0xaf, 0xfe, 0x50, 0x24, 0x20, 0x00, 0x00, 0x1a, 0xfc, 0x00, 0x04, 0xde, 0xec,
    0x00, 0x0c, 0xc2, 0xec, 0x00, 0x02, 0x00, 0xec, 0x00, 0x00, 0x00, 0xec, 0x00, 0x00, 0x00, 0xec,
    0x00, 0x00, 0x00, 0xec, 0x00, 0x00, 0x00, 0xec, 0x00, 0x00, 0x00, 0xec, 0x00, 0x00, 0x00, 0xec,
    0x00, 0x00, 0x00, 0x00, 0x00, 0x00, 0x00, 0x00, 0x00, 0x00, 0x00, 0x00, 0x00, 0x00, 0x00, 0x00,
    0x00, 0x00, 0x00, 0x00, 0x00, 0x00, 0x00, 0x00, 0x00, 0x00, 0x00, 0x00, 0x00, 0x00, 0x00, 0x00,
    0x00, 0x00, 0x00, 0x00, 0x00, 0x00, 0x00, 0x00, 0x00, 0x00, 0x7d, 0xfd, 0x80, 0x00, 0x8e, 0x52,
    0x5e, 0x90, 0x0f, 0x80, 0x00, 0x7f, 0x12, 0xf5, 0x00, 0x05, 0xf4, 0x3f, 0x50, 0x00, 0x4f, 0x41,
    0xf7, 0x00, 0x07, 0xf1, 0x09, 0xe3, 0x03, 0xda, 0x00, 0x19, 0xff, 0xf9, 0x10, 0x00, 0x00, 0x20,
    0x00, 0x00, 0x00, 0x00, 0x00, 0x00, 0x00, 0x00, 0x00, 0x00, 0x00, 0x00, 0x00, 0x00, 0x00, 0x00,
    0x00, 0x00, 0x00, 0x00, 0x00, 0x00, 0x00, 0x00, 0x00, 0x00, 0x00, 0x00, 0x00, 0x00, 0x00, 0x00,
    0x00, 0x00, 0x00, 0x00, 0x00, 0x00, 0x00, 0x20, 0x00, 0x01, 0x00, 0x00, 0x0b, 0xe2, 0x01, 0xdc,
    0x10, 0x00, 0x05, 0xfd, 0x10, 0x8f, 0xa0, 0x00, 0x00, 0x7f, 0xb0, 0x0b, 0xf8, 0x00, 0x00, 0x0a,
    0xf9, 0x01, 0xdf, 0x60, 0x00, 0x01, 0xdf, 0x50, 0x3f, 0xf2, 0x00, 0x06, 0xfd, 0x10, 0xaf, 0xa0,
    0x00, 0x3f, 0xe2, 0x07, 0xfc, 0x10, 0x02, 0xef, 0x40, 0x4f, 0xd2, 0x00, 0x0c, 0xf6, 0x01, 0xee,
    0x30, 0x00, 0x02, 0x60, 0x00, 0x44, 0x00, 0x00, 0x00, 0x00, 0x00, 0x00, 0x00, 0x00, 0x00, 0x1a,
    0xfa, 0x00, 0x00, 0x00, 0x0c, 0xe1, 0x00, 0x03, 0xde, 0xfa, 0x00, 0x00, 0x00, 0x7f, 0x50, 0x00,
    0x1e, 0xd3, 0xfa, 0x00, 0x00, 0x02, 0xeb, 0x00, 0x00, 0x03, 0x10, 0xfa, 0x00, 0x00, 0x0a, 0xf2,
    0x00, 0x00, 0x00, 0x00, 0xfa, 0x00, 0x00, 0x4f, 0x80, 0x00, 0x00, 0x00, 0x00, 0xfa, 0x00, 0x00,
    0xdd, 0x00, 0x00, 0x00, 0x00, 0x00, 0xfa, 0x00, 0x08, 0xf4, 0x00, 0x00, 0x00, 0x00, 0x00, 0xfa,
    0x00, 0x2f, 0xa0, 0x01, 0xdf, 0x30, 0x00, 0x00, 0xfa, 0x00, 0xbe, 0x20, 0x0b, 0xff, 0x30, 0x00,
    0x00, 0xfa, 0x05, 0xf7, 0x00, 0x8d, 0x9f, 0x30, 0x00, 0x00, 0x00, 0x1e, 0xc0, 0x04, 0xf3, 0x9f,
    0x30, 0x00, 0x00, 0x00, 0x9f, 0x30, 0x2e, 0x70, 0x9f, 0x30, 0x00, 0x00, 0x03, 0xf9, 0x00, 0xcc,
    0x22, 0xaf, 0x51, 0x00, 0x00, 0x0c, 0xe1, 0x04, 0xff, 0xff, 0xff, 0xfa, 0x00, 0x00, 0x7f, 0x50,
    0x01, 0x55, 0x55, 0xbf, 0x73, 0x00, 0x02, 0xeb, 0x00, 0x00, 0x00, 0x00, 0x9f, 0x30, 0x00, 0x0a,
    0xf2, 0x00, 0x00, 0x00, 0x00, 0x9f, 0x30, 0x00, 0x3d, 0xf6, 0x00, 0x00, 0x00, 0x8f, 0x40, 0x00,
    0x00, 0x6f, 0xef, 0x60, 0x00, 0x00, 0x3f, 0xa0, 0x00, 0x00, 0x4f, 0xa5, 0xf6, 0x00, 0x00, 0x0c,
    0xe1, 0x00, 0x00, 0x00, 0x40, 0x4f, 0x60, 0x00, 0x06, 0xf6, 0x00, 0x00, 0x00, 0x00, 0x04, 0xf6,
    0x00, 0x01, 0xec, 0x00, 0x00, 0x00, 0x00, 0x00, 0x4f, 0x60, 0x00, 0x9f, 0x30, 0x00, 0x00, 0x00,
    0x00, 0x04, 0xf6, 0x00, 0x4f, 0x80, 0x00, 0x10, 0x00, 0x00, 0x00, 0x4f, 0x60, 0x0c, 0xd1, 0x3c,
    0xff, 0xd6, 0x00, 0x00, 0x04, 0xf6, 0x07, 0xf5, 0x0c, 0xa6, 0x5c, 0xf3, 0x00, 0x00, 0x4f, 0x62,
    0xeb, 0x00, 0x00, 0x00, 0x4f, 0x60, 0x00, 0x00, 0x00, 0xbf, 0x20, 0x00, 0x00, 0x06, 0xf4, 0x00,
    0x00, 0x00, 0x5f, 0x70, 0x00, 0x00, 0x02, 0xeb, 0x00, 0x00, 0x00, 0x1d, 0xd0, 0x00, 0x00, 0x02,
    0xdc, 0x10, 0x00, 0x00, 0x08, 0xf4, 0x00, 0x00, 0x03, 0xeb, 0x10, 0x00, 0x00, 0x03, 0xfa, 0x00,
    0x00, 0x04, 0xe9, 0x00, 0x00, 0x00, 0x00, 0xce, 0x10, 0x00, 0x03, 0xff, 0xbb, 0xbb, 0x50, 0x00,
    0x6f, 0x60, 0x00, 0x00, 0x5f, 0xff, 0xff, 0xf7, 0x00, 0x02, 0x8b, 0xa7, 0x10, 0x00, 0x00, 0x00,
    0x8b, 0x10, 0x04, 0xef, 0xff, 0xfc, 0x00, 0x00, 0x00, 0x3f, 0x90, 0x00, 0x2b, 0x51, 0x2b, 0xf3,
    0x00, 0x00, 0x0c, 0xe1, 0x00, 0x00, 0x00, 0x00, 0x7f, 0x40, 0x00, 0x06, 0xf6, 0x00, 0x00, 0x00,
    0x00, 0x3d, 0xe1, 0x00, 0x01, 0xec, 0x00, 0x00, 0x00, 0x1f, 0xff, 0xd3, 0x00, 0x00, 0x8f, 0x40,
    0x00, 0x00, 0x01, 0xbc, 0xdf, 0xc1, 0x00, 0x2f, 0xa0, 0x00, 0x00, 0x00, 0x00, 0x00, 0x7f, 0x70,
    0x0b, 0xe2, 0x00, 0x00, 0x00, 0x00, 0x00, 0x02, 0xf9, 0x05, 0xf7, 0x00, 0x2e, 0xf1, 0x06, 0x52,
    0x02, 0xaf, 0x71, 0xdd, 0x00, 0x1c, 0xff, 0x10, 0x9f, 0xff, 0xff, 0xd1, 0x8f, 0x40, 0x0a, 0xcb,
    0xf1, 0x00, 0x69, 0xba, 0x71, 0x2e, 0xb0, 0x06, 0xe2, 0xbf, 0x10, 0x00, 0x00, 0x00, 0x0a, 0xf2,
    0x03, 0xf5, 0x0b, 0xf1, 0x00, 0x00, 0x00, 0x04, 0xf8, 0x01, 0xda, 0x22, 0xcf, 0x31, 0x00, 0x00,
    0x00, 0xdd, 0x10, 0x6f, 0xff, 0xff, 0xff, 0x80, 0x00, 0x00, 0x7f, 0x50, 0x02, 0x55, 0x55, 0xcf,
    0x52, 0x00, 0x00, 0x1e, 0xb0, 0x00, 0x00, 0x00, 0x0b, 0xf1, 0x00, 0x00, 0x09, 0xf3, 0x00, 0x00,
    0x00, 0x00, 0xbf, 0x10, 0x00, 0x00, 0x2d, 0xe3, 0x00, 0x00, 0x00, 0x05, 0xff, 0x80, 0x00, 0x00,
    0x00, 0x2d, 0xe4, 0x00, 0x00, 0x00, 0x00, 0x00, 0x00, 0x00, 0x00, 0x00, 0x01, 0x20, 0x00, 0x00,
    0x00, 0x00, 0xbf, 0x00, 0x00, 0x00, 0x00, 0x0d, 0xd0, 0x00, 0x00, 0x00, 0x08, 0xf9, 0x00, 0x00,
    0x00, 0x08, 0xfd, 0x10, 0x00, 0x00, 0x0a, 0xfc, 0x20, 0x00, 0x00, 0x0a, 0xfb, 0x10, 0x00, 0x00,
    0x03, 0xfe, 0x10, 0x00, 0x00, 0x00, 0x6f, 0xa0, 0x00, 0x00, 0x00, 0x06, 0xfb, 0x00, 0x00, 0x00,
    0x00, 0x2f, 0xf5, 0x00, 0x01, 0x76, 0x00, 0x8f, 0xfd, 0xcd, 0xff, 0xd0, 0x00, 0x5b, 0xef, 0xec,
    0x72, 0x00, 0x00, 0x00, 0x5f, 0xf4, 0x00, 0x00, 0x00, 0x00, 0x00, 0x00, 0x08, 0xfc, 0x00, 0x00,
    0x00, 0x00, 0x00, 0x00, 0x00, 0xaf, 0x70, 0x00, 0x00, 0x00, 0x00, 0x00, 0x00, 0x09, 0xf2, 0x00,
    0x00, 0x00, 0x00, 0x00, 0x00, 0x00, 0x00, 0x00, 0x00, 0x00, 0x00, 0x00, 0x00, 0x7f, 0xd0, 0x00,
    0x00, 0x00, 0x00, 0x00, 0x00, 0xdf, 0xf3, 0x00, 0x00, 0x00, 0x00, 0x00, 0x04, 0xfd, 0xf9, 0x00,
    0x00, 0x00, 0x00, 0x00, 0x0a, 0xf5, 0xee, 0x10, 0x00, 0x00, 0x00, 0x00, 0x1f, 0xe1, 0xaf, 0x60,
    0x00, 0x00, 0x00, 0x00, 0x7f, 0xa0, 0x5f, 0xc0, 0x00, 0x00, 0x00, 0x00, 0xdf, 0x40, 0x0e, 0xf3,
    0x00, 0x00, 0x00, 0x04, 0xfd, 0x00, 0x08, 0xf9, 0x00, 0x00, 0x00, 0x0a, 0xf8, 0x00, 0x03, 0xfe,
    0x10, 0x00, 0x00, 0x1f, 0xf2, 0x00, 0x00, 0xcf, 0x60, 0x00, 0x00, 0x7f, 0xff, 0xff, 0xff, 0xff,
    0xb0, 0x00, 0x00, 0xcf, 0xee, 0xee, 0xee, 0xef, 0xf2, 0x00, 0x03, 0xfe, 0x10, 0x00, 0x00, 0x0b,
    0xf8, 0x00, 0x09, 0xf9, 0x00, 0x00, 0x00, 0x05, 0xfe, 0x00, 0x1e, 0xf3, 0x00, 0x00, 0x00, 0x00,
    0xef, 0x50, 0x6f, 0xc0, 0x00, 0x00, 0x00, 0x00, 0x8f, 0xb0, 0xcf, 0x60, 0x00, 0x00, 0x00, 0x00,
    0x2f, 0xf2, 0x00, 0x00, 0x00, 0x00, 0xcf, 0xc0, 0x00, 0x00, 0x00, 0x00, 0x00, 0x06, 0xfe, 0x20,
    0x00, 0x00, 0x00, 0x00, 0x00, 0x1e, 0xe3, 0x00, 0x00, 0x00, 0x00, 0x00, 0x00, 0xae, 0x30, 0x00,
    0x00, 0x00, 0x00, 0x00, 0x00, 0x00, 0x00, 0x00, 0x00, 0x00, 0x00, 0x00, 0x00, 0x7f, 0xd0, 0x00,
    0x00, 0x00, 0x00, 0x00, 0x00, 0xdf, 0xf3, 0x00, 0x00, 0x00, 0x00, 0x00, 0x04, 0xfd, 0xf9, 0x00,
    0x00, 0x00, 0x00, 0x00, 0x0a, 0xf5, 0xee, 0x10, 0x00, 0x00, 0x00, 0x00, 0x1f, 0xe1, 0xaf, 0x60,
    0x00, 0x00, 0x00, 0x00, 0x7f, 0xa0, 0x5f, 0xc0, 0x00, 0x00, 0x00, 0x00, 0xdf, 0x40, 0x0e, 0xf3,
    0x00, 0x00, 0x00, 0x04, 0xfd, 0x00, 0x08, 0xf9, 0x00, 0x00, 0x00, 0x0a, 0xf8, 0x00, 0x03, 0xfe,
    0x10, 0x00, 0x00, 0x1f, 0xf2, 0x00, 0x00, 0xcf, 0x60, 0x00, 0x00, 0x7f, 0xff, 0xff, 0xff, 0xff,
    0xb0, 0x00, 0x00, 0xcf, 0xee, 0xee, 0xee, 0xef, 0xf2, 0x00, 0x03, 0xfe, 0x10, 0x00, 0x00, 0x0b,
    0xf8, 0x00, 0x09, 0xf9, 0x00, 0x00, 0x00, 0x05, 0xfe, 0x00, 0x1e, 0xf3, 0x00, 0x00, 0x00, 0x00,
    0xef, 0x50, 0x6f, 0xc0, 0x00, 0x00, 0x00, 0x00, 0x8f, 0xb0, 0xcf, 0x60, 0x00, 0x00, 0x00, 0x00,
    0x2f, 0xf2, 0x00, 0x00, 0x00, 0xcf, 0xe2, 0x00, 0x00, 0x00, 0x00, 0x00, 0x07, 0xfe, 0xfb, 0x00,
    0x00, 0x00, 0x00, 0x00, 0x5f, 0xc1, 0x9f, 0x90, 0x00, 0x00, 0x00, 0x03, 0xea, 0x10, 0x07, 0xf7,
    0x00, 0x00, 0x00, 0x00, 0x00, 0x00, 0x00, 0x00, 0x00, 0x00, 0x00, 0x00, 0x00, 0x7f, 0xd0, 0x00,
    0x00, 0x00, 0x00, 0x00, 0x00, 0xdf, 0xf3, 0x00, 0x00, 0x00, 0x00, 0x00, 0x04, 0xfd, 0xf9, 0x00,
    0x00, 0x00, 0x00, 0x00, 0x0a, 0xf5, 0xee, 0x10, 0x00, 0x00, 0x00, 0x00, 0x1f, 0xe1, 0xaf, 0x60,
    0x00, 0x00, 0x00, 0x00, 0x7f, 0xa0, 0x5f, 0xc0, 0x00, 0x00, 0x00, 0x00, 0xdf, 0x40, 0x0e, 0xf3,
    0x00, 0x00, 0x00, 0x04, 0xfd, 0x00, 0x08, 0xf9, 0x00, 0x00, 0x00, 0x0a, 0xf8, 0x00, 0x03, 0xfe,
    0x10, 0x00, 0x00, 0x1f, 0xf2, 0x00, 0x00, 0xcf, 0x60, 0x00, 0x00, 0x7f, 0xff, 0xff, 0xff, 0xff,
    0xb0, 0x00, 0x00, 0xcf, 0xee, 0xee, 0xee, 0xef, 0xf2, 0x00, 0x03, 0xfe, 0x10, 0x00, 0x00, 0x0b,
    0xf8, 0x00, 0x09, 0xf9, 0x00, 0x00, 0x00, 0x05, 0xfe, 0x00, 0x1e, 0xf3, 0x00, 0x00, 0x00, 0x00,
    0xef, 0x50, 0x6f, 0xc0, 0x00, 0x00, 0x00, 0x00, 0x8f, 0xb0, 0xcf, 0x60, 0x00, 0x00, 0x00, 0x00,
    0x2f, 0xf2, 0x00, 0x00, 0x8e, 0xd8, 0x10, 0x6e, 0x00, 0x00, 0x00, 0x05, 0xfc, 0xef, 0xec, 0xf9,
    0x00, 0x00, 0x00, 0x0a, 0xa0, 0x06, 0xde, 0xa1, 0x00, 0x00, 0x00, 0x00, 0x00, 0x00, 0x00, 0x00,
    0x00, 0x00, 0x00, 0x00, 0x00, 0x7f, 0xd0, 0x00, 0x00, 0x00, 0x00, 0x00, 0x00, 0xdf, 0xf3, 0x00,
    0x00, 0x00, 0x00, 0x00, 0x04, 0xfd, 0xf9, 0x00, 0x00, 0x00, 0x00, 0x00, 0x0a, 0xf5, 0xee, 0x10,
    0x00, 0x00, 0x00, 0x00, 0x1f, 0xe1, 0xaf, 0x60, 0x00, 0x00, 0x00, 0x00, 0x7f, 0xa0, 0x5f, 0xc0,
    0x00, 0x00, 0x00, 0x00, 0xdf, 0x40, 0x0e, 0xf3, 0x00, 0x00, 0x00, 0x04, 0xfd, 0x00, 0x08, 0xf9,
    0x00, 0x00, 0x00, 0x0a, 0xf8, 0x00, 0x03, 0xfe, 0x10, 0x00, 0x00, 0x1f, 0xf2, 0x00, 0x00, 0xcf,
    0x60, 0x00, 0x00, 0x7f, 0xff, 0xff, 0xff, 0xff, 0xb0, 0x00, 0x00, 0xcf, 0xee, 0xee, 0xee, 0xef,
    0xf2, 0x00, 0x03, 0xfe, 0x10, 0x00, 0x00, 0x0b, 0xf8, 0x00, 0x09, 0xf9, 0x00, 0x00, 0x00, 0x05,
    0xfe, 0x00, 0x1e, 0xf3, 0x00, 0x00, 0x00, 0x00, 0xef, 0x50, 0x6f, 0xc0, 0x00, 0x00, 0x00, 0x00,
    0x8f, 0xb0, 0xcf, 0x60, 0x00, 0x00, 0x00, 0x00, 0x2f, 0xf2, 0x00, 0x00, 0x5a, 0x30, 0x1a, 0x80,
    0x00, 0x00, 0x00, 0x00, 0x8e, 0x50, 0x2d, 0xb0, 0x00, 0x00, 0x00, 0x00, 0x00, 0x00, 0x00, 0x00,
    0x00, 0x00, 0x00, 0x00, 0x00, 0x00, 0x00, 0x00, 0x00, 0x00, 0x00, 0x00, 0x00, 0x7f, 0xd0, 0x00,
    0x00, 0x00, 0x00, 0x00, 0x00, 0xdf, 0xf3, 0x00, 0x00, 0x00, 0x00, 0x00, 0x04, 0xfd, 0xf9, 0x00,
    0x00, 0x00, 0x00, 0x00, 0x0a, 0xf5, 0xee, 0x10, 0x00, 0x00, 0x00, 0x00, 0x1f, 0xe1, 0xaf, 0x60,
    0x00, 0x00, 0x00, 0x00, 0x7f, 0xa0, 0x5f, 0xc0, 0x00, 0x00, 0x00, 0x00, 0xdf, 0x40, 0x0e, 0xf3,
    0x00, 0x00, 0x00, 0x04, 0xfd, 0x00, 0x08, 0xf9, 0x00, 0x00, 0x00, 0x0a, 0xf8, 0x00, 0x03, 0xfe,
    0x10, 0x00, 0x00, 0x1f, 0xf2, 0x00, 0x00, 0xcf, 0x60, 0x00, 0x00, 0x7f, 0xff, 0xff, 0xff, 0xff,
    0xb0, 0x00, 0x00, 0xcf, 0xee, 0xee, 0xee, 0xef, 0xf2, 0x00, 0x03, 0xfe, 0x10, 0x00, 0x00, 0x0b,
    0xf8, 0x00, 0x09, 0xf9, 0x00, 0x00, 0x00, 0x05, 0xfe, 0x00, 0x1e, 0xf3, 0x00, 0x00, 0x00, 0x00,
    0xef, 0x50, 0x6f, 0xc0, 0x00, 0x00, 0x00, 0x00, 0x8f, 0xb0, 0xcf, 0x60, 0x00, 0x00, 0x00, 0x00,
    0x2f, 0xf2, 0x00, 0x00, 0x03, 0xbe, 0xc4, 0x00, 0x00, 0x00, 0x00, 0x00, 0x0c, 0xa1, 0x7e, 0x10,
    0x00, 0x00, 0x00, 0x00, 0x0f, 0x50, 0x1f, 0x30, 0x00, 0x00, 0x00, 0x00, 0x0c, 0x91, 0x7e, 0x10,
    0x00, 0x00, 0x00, 0x00, 0x03, 0xff, 0xf4, 0x00, 0x00, 0x00, 0x00, 0x00, 0x00, 0xdf, 0xf3, 0x00,
    0x00, 0x00, 0x00, 0x00, 0x04, 0xfd, 0xf9, 0x00, 0x00, 0x00, 0x00, 0x00, 0x0a, 0xf5, 0xee, 0x10,
    0x00, 0x00, 0x00, 0x00, 0x1f, 0xe1, 0xaf, 0x60, 0x00, 0x00, 0x00, 0x00, 0x7f, 0xa0, 0x5f, 0xc0,
    0x00, 0x00, 0x00, 0x00, 0xdf, 0x40, 0x0e, 0xf3, 0x00, 0x00, 0x00, 0x04, 0xfd, 0x00, 0x08, 0xf9,
    0x00, 0x00, 0x00, 0x0a, 0xf8, 0x00, 0x03, 0xfe, 0x10, 0x00, 0x00, 0x1f, 0xf2, 0x00, 0x00, 0xcf,
    0x60, 0x00, 0x00, 0x7f, 0xff, 0xff, 0xff, 0xff, 0xb0, 0x00, 0x00, 0xcf, 0xee, 0xee, 0xee, 0xef,
    0xf2, 0x00, 0x03, 0xfe, 0x10, 0x00, 0x00, 0x0b, 0xf8, 0x00, 0x09, 0xf9, 0x00, 0x00, 0x00, 0x05,
    0xfe, 0x00, 0x1e, 0xf3, 0x00, 0x00, 0x00, 0x00, 0xef, 0x50, 0x6f, 0xc0, 0x00, 0x00, 0x00, 0x00,
    0x8f, 0xb0, 0xcf, 0x60, 0x00, 0x00, 0x00, 0x00, 0x2f, 0xf2, 0x00, 0x00, 0x00, 0x00, 0x2f, 0xff,
    0xff, 0xff, 0xff, 0xff, 0xb0, 0x00, 0x00, 0x00, 0x00, 0x9f, 0xdc, 0xff, 0xbb, 0xbb, 0xbb, 0x80,
    0x00, 0x00, 0x00, 0x02, 0xfe, 0x13, 0xfe, 0x00, 0x00, 0x00, 0x00, 0x00, 0x00, 0x00, 0x09, 0xf9,
    0x03, 0xfe, 0x00, 0x00, 0x00, 0x00, 0x00, 0x00, 0x00, 0x1e, 0xf2, 0x03, 0xfe, 0x00, 0x00, 0x00,
    0x00, 0x00, 0x00, 0x00, 0x8f, 0xa0, 0x03, 0xfe, 0x00, 0x00, 0x00, 0x00, 0x00, 0x00, 0x01, 0xef,
    0x30, 0x03, 0xfe, 0x00, 0x00, 0x00, 0x00, 0x00, 0x00, 0x07, 0xfb, 0x00, 0x03, 0xff, 0xbb, 0xbb,
    0xbb, 0x30, 0x00, 0x00, 0x1e, 0xf4, 0x00, 0x03, 0xff, 0xff, 0xff, 0xff, 0x40, 0x00, 0x00, 0x7f,
    0xd0, 0x00, 0x03, 0xfe, 0x00, 0x00, 0x00, 0x00, 0x00, 0x00, 0xdf, 0xff, 0xff, 0xff, 0xfe, 0x00,
    0x00, 0x00, 0x00, 0x00, 0x06, 0xfe, 0xbb, 0xbb, 0xbc, 0xfe, 0x00, 0x00, 0x00, 0x00, 0x00, 0x0d,
    0xf6, 0x00, 0x00, 0x03, 0xfe, 0x00, 0x00, 0x00, 0x00, 0x00, 0x5f, 0xd0, 0x00, 0x00, 0x03, 0xfe,
    0x00, 0x00, 0x00, 0x00, 0x00, 0xcf, 0x60, 0x00, 0x00, 0x03, 0xfe, 0x00, 0x00, 0x00, 0x00, 0x05,
    0xfe, 0x00, 0x00, 0x00, 0x03, 0xff, 0xbb, 0xbb, 0xbb, 0x80, 0x0c, 0xf7, 0x00, 0x00, 0x00, 0x03,
    0xff, 0xff, 0xff, 0xff, 0xb0, 0x00, 0x00, 0x01, 0x7c, 0xef, 0xed, 0xa6, 0x10, 0x00, 0x05, 0xef,
    0xfd, 0xcc, 0xef, 0xf2, 0x00, 0x07, 0xff, 0x92, 0x00, 0x00, 0x46, 0x00, 0x03, 0xff, 0x60, 0x00,
    0x00, 0x00, 0x00, 0x00, 0xbf, 0xa0, 0x00, 0x00, 0x00, 0x00, 0x00, 0x1f, 0xf4, 0x00, 0x00, 0x00,
    0x00, 0x00, 0x05, 0xfe, 0x00, 0x00, 0x00, 0x00, 0x00, 0x00, 0x7f, 0xc0, 0x00, 0x00, 0x00, 0x00,
    0x00, 0x08, 0xfb, 0x00, 0x00, 0x00, 0x00, 0x00, 0x00, 0x7f, 0xc0, 0x00, 0x00, 0x00, 0x00, 0x00,
    0x05, 0xfe, 0x00, 0x00, 0x00, 0x00, 0x00, 0x00, 0x2f, 0xf3, 0x00, 0x00, 0x00, 0x00, 0x00, 0x00,
    0xcf, 0xa0, 0x00, 0x00, 0x00, 0x00, 0x00, 0x05, 0xff, 0x50, 0x00, 0x00, 0x00, 0x00, 0x00, 0x0a,
    0xff, 0x81, 0x00, 0x00, 0x13, 0x00, 0x00, 0x09, 0xff, 0xfd, 0xcc, 0xef, 0xb0, 0x00, 0x00, 0x03,
    0x9d, 0xff, 0xfd, 0xa5, 0x00, 0x00, 0x00, 0x00, 0x0d, 0x80, 0x00, 0x00, 0x00, 0x00, 0x00, 0x04,
    0xee, 0x80, 0x00, 0x00, 0x00, 0x00, 0x00, 0x00, 0x9f, 0x40, 0x00, 0x00, 0x00, 0x00, 0x11, 0x29,
    0xf3, 0x00, 0x00, 0x00, 0x00, 0x06, 0xff, 0xf8, 0x00, 0x00, 0x00, 0x00, 0x00, 0x14, 0x31, 0x00,
    0x00, 0x00, 0x00, 0x00, 0xaf, 0xe1, 0x00, 0x00, 0x00, 0x00, 0x01, 0xcf, 0x80, 0x00, 0x00, 0x00,
    0x00, 0x02, 0xdf, 0x30, 0x00, 0x00, 0x00, 0x00, 0x02, 0xdc, 0x00, 0x00, 0x00, 0x00, 0x00, 0x00,
    0x00, 0x00, 0x00, 0x0a, 0xff, 0xff, 0xff, 0xff, 0xe0, 0x00, 0xaf, 0xdb, 0xbb, 0xbb, 0xba, 0x00,
    0x0a, 0xf7, 0x00, 0x00, 0x00, 0x00, 0x00, 0xaf, 0x70, 0x00, 0x00, 0x00, 0x00, 0x0a, 0xf7, 0x00,
    0x00, 0x00, 0x00, 0x00, 0xaf, 0x70, 0x00, 0x00, 0x00, 0x00, 0x0a, 0xf7, 0x00, 0x00, 0x00, 0x00,
    0x00, 0xaf, 0xdb, 0xbb, 0xbb, 0xb5, 0x00, 0x0a, 0xff, 0xff, 0xff, 0xff, 0x70, 0x00, 0xaf, 0x70,
    0x00, 0x00, 0x00, 0x00, 0x0a, 0xf7, 0x00, 0x00, 0x00, 0x00, 0x00, 0xaf, 0x70, 0x00, 0x00, 0x00,
    0x00, 0x0a, 0xf7, 0x00, 0x00, 0x00, 0x00, 0x00, 0xaf, 0x70, 0x00, 0x00, 0x00, 0x00, 0x0a, 0xf7,
    0x00, 0x00, 0x00, 0x00, 0x00, 0xaf, 0xdb, 0xbb, 0xbb, 0xba, 0x00, 0x0a, 0xff, 0xff, 0xff, 0xff,
    0xe0, 0x00, 0x00, 0x00, 0x02, 0xff, 0x80, 0x00, 0x00, 0x00, 0x00, 0xaf, 0xb0, 0x00, 0x00, 0x00,
    0x00, 0x5f, 0xc1, 0x00, 0x00, 0x00, 0x00, 0x1e, 0xb1, 0x00, 0x00, 0x00, 0x00, 0x00, 0x00, 0x00,
    0x00, 0x00, 0x0a, 0xff, 0xff, 0xff, 0xff, 0xe0, 0x00, 0xaf, 0xdb, 0xbb, 0xbb, 0xba, 0x00, 0x0a,
    0xf7, 0x00, 0x00, 0x00, 0x00, 0x00, 0xaf, 0x70, 0x00, 0x00, 0x00, 0x00, 0x0a, 0xf7, 0x00, 0x00,
    0x00, 0x00, 0x00, 0xaf, 0x70, 0x00, 0x00, 0x00, 0x00, 0x0a, 0xf7, 0x00, 0x00, 0x00, 0x00, 0x00,
    0xaf, 0xdb, 0xbb, 0xbb, 0xb5, 0x00, 0x0a, 0xff, 0xff, 0xff, 0xff, 0x70, 0x00, 0xaf, 0x70, 0x00,
    0x00, 0x00, 0x00, 0x0a, 0xf7, 0x00, 0x00, 0x00, 0x00, 0x00, 0xaf, 0x70, 0x00, 0x00, 0x00, 0x00,
    0x0a, 0xf7, 0x00, 0x00, 0x00, 0x00, 0x00, 0xaf, 0x70, 0x00, 0x00, 0x00, 0x00, 0x0a, 0xf7, 0x00,
    0x00, 0x00, 0x00, 0x00, 0xaf, 0xdb, 0xbb, 0xbb, 0xba, 0x00, 0x0a, 0xff, 0xff, 0xff, 0xff, 0xe0,
    0x00, 0x00, 0x02, 0xef, 0xb0, 0x00, 0x00, 0x00, 0x00, 0xcf, 0xef, 0x70, 0x00, 0x00, 0x00, 0x9f,
    0x81, 0xcf, 0x50, 0x00, 0x00, 0x7f, 0x60, 0x01, 0xaf, 0x30, 0x00, 0x00, 0x00, 0x00, 0x00, 0x00,
    0x00, 0x0a, 0xff, 0xff, 0xff, 0xff, 0xe0, 0x00, 0xaf, 0xdb, 0xbb, 0xbb, 0xba, 0x00, 0x0a, 0xf7,
    0x00, 0x00, 0x00, 0x00, 0x00, 0xaf, 0x70, 0x00, 0x00, 0x00, 0x00, 0x0a, 0xf7, 0x00, 0x00, 0x00,
    0x00, 0x00, 0xaf, 0x70, 0x00, 0x00, 0x00, 0x00, 0x0a, 0xf7, 0x00, 0x00, 0x00, 0x00, 0x00, 0xaf,
    0xdb, 0xbb, 0xbb, 0xb5, 0x00, 0x0a, 0xff, 0xff, 0xff, 0xff, 0x70, 0x00, 0xaf, 0x70, 0x00, 0x00,
    0x00, 0x00, 0x0a, 0xf7, 0x00, 0x00, 0x00, 0x00, 0x00, 0xaf, 0x70, 0x00, 0x00, 0x00, 0x00, 0x0a,
    0xf7, 0x00, 0x00, 0x00, 0x00, 0x00, 0xaf, 0x70, 0x00, 0x00, 0x00, 0x00, 0x0a, 0xf7, 0x00, 0x00,
    0x00, 0x00, 0x00, 0xaf, 0xdb, 0xbb, 0xbb, 0xba, 0x00, 0x0a, 0xff, 0xff, 0xff, 0xff, 0xe0, 0x00,
    0x00, 0x99, 0x10, 0x4a, 0x50, 0x00, 0x00, 0x0c, 0xd1, 0x05, 0xe7, 0x00, 0x00, 0x00, 0x00, 0x00,
    0x00, 0x00, 0x00, 0x00, 0x00, 0x00, 0x00, 0x00, 0x00, 0x00, 0xaf, 0xff, 0xff, 0xff, 0xfe, 0x00,
    0x0a, 0xfd, 0xbb, 0xbb, 0xbb, 0xa0, 0x00, 0xaf, 0x70, 0x00, 0x00, 0x00, 0x00, 0x0a, 0xf7, 0x00,
    0x00, 0x00, 0x00, 0x00, 0xaf, 0x70, 0x00, 0x00, 0x00, 0x00, 0x0a, 0xf7, 0x00, 0x00, 0x00, 0x00,
    0x00, 0xaf, 0x70, 0x00, 0x00, 0x00, 0x00, 0x0a, 0xfd, 0xbb, 0xbb, 0xbb, 0x50, 0x00, 0xaf, 0xff,
    0xff, 0xff, 0xf7, 0x00, 0x0a, 0xf7, 0x00, 0x00, 0x00, 0x00, 0x00, 0xaf, 0x70, 0x00, 0x00, 0x00,
    0x00, 0x0a, 0xf7, 0x00, 0x00, 0x00, 0x00, 0x00, 0xaf, 0x70, 0x00, 0x00, 0x00, 0x00, 0x0a, 0xf7,
    0x00, 0x00, 0x00, 0x00, 0x00, 0xaf, 0x70, 0x00, 0x00, 0x00, 0x00, 0x0a, 0xfd, 0xbb, 0xbb, 0xbb,
    0xa0, 0x00, 0xaf, 0xff, 0xff, 0xff, 0xfe, 0x00, 0x0d, 0xfb, 0x00, 0x00, 0x03, 0xef, 0x40, 0x00,
    0x00, 0x4f, 0xd1, 0x00, 0x00, 0x04, 0xe9, 0x00, 0x00, 0x00, 0x00, 0x00, 0x1f, 0xff, 0xff, 0xf2,
    0x06, 0x9f, 0xfa, 0x61, 0x00, 0x0f, 0xf2, 0x00, 0x00, 0x0f, 0xf2, 0x00, 0x00, 0x0f, 0xf2, 0x00,
    0x00, 0x0f, 0xf2, 0x00, 0x00, 0x0f, 0xf2, 0x00, 0x00, 0x0f, 0xf2, 0x00, 0x00, 0x0f, 0xf2, 0x00,
    0x00, 0x0f, 0xf2, 0x00, 0x00, 0x0f, 0xf2, 0x00, 0x00, 0x0f, 0xf2, 0x00, 0x00, 0x0f, 0xf2, 0x00,
    0x00, 0x0f, 0xf2, 0x00, 0x00, 0x0f, 0xf2, 0x00, 0x06, 0x9f, 0xfa, 0x61, 0x1f, 0xff, 0xff, 0xf2,
    0x00, 0x00, 0x5f, 0xf4, 0x00, 0x01, 0xdf, 0x70, 0x00, 0x08, 0xf9, 0x00, 0x00, 0x3f, 0x90, 0x00,
    0x00, 0x00, 0x00, 0x00, 0x1f, 0xff, 0xff, 0xf2, 0x06, 0x9f, 0xfa, 0x61, 0x00, 0x0f, 0xf2, 0x00,
    0x00, 0x0f, 0xf2, 0x00, 0x00, 0x0f, 0xf2, 0x00, 0x00, 0x0f, 0xf2, 0x00, 0x00, 0x0f, 0xf2, 0x00,
    0x00, 0x0f, 0xf2, 0x00, 0x00, 0x0f, 0xf2, 0x00, 0x00, 0x0f, 0xf2, 0x00, 0x00, 0x0f, 0xf2, 0x00,
    0x00, 0x0f, 0xf2, 0x00, 0x00, 0x0f, 0xf2, 0x00, 0x00, 0x0f, 0xf2, 0x00, 0x00, 0x0f, 0xf2, 0x00,
    0x06, 0x9f, 0xfa, 0x61, 0x1f, 0xff, 0xff, 0xf2, 0x00, 0x5f, 0xf8, 0x00, 0x00, 0x2e, 0xfe, 0xf4,
    0x00, 0x1c, 0xf5, 0x3e, 0xe2, 0x0b, 0xe4, 0x00, 0x2c, 0xd1, 0x00, 0x00, 0x00, 0x00, 0x01, 0xff,
    0xff, 0xff, 0x20, 0x06, 0x9f, 0xfa, 0x61, 0x00, 0x00, 0xff, 0x20, 0x00, 0x00, 0x0f, 0xf2, 0x00,
    0x00, 0x00, 0xff, 0x20, 0x00, 0x00, 0x0f, 0xf2, 0x00, 0x00, 0x00, 0xff, 0x20, 0x00, 0x00, 0x0f,
    0xf2, 0x00, 0x00, 0x00, 0xff, 0x20, 0x00, 0x00, 0x0f, 0xf2, 0x00, 0x00, 0x00, 0xff, 0x20, 0x00,
    0x00, 0x0f, 0xf2, 0x00, 0x00, 0x00, 0xff, 0x20, 0x00, 0x00, 0x0f, 0xf2, 0x00, 0x00, 0x00, 0xff,
    0x20, 0x00, 0x06, 0x9f, 0xfa, 0x61, 0x01, 0xff, 0xff, 0xff, 0x20, 0x1a, 0x70, 0x06, 0xa2, 0x2e,
    0xb0, 0x09, 0xe4, 0x00, 0x00, 0x00, 0x00, 0x00, 0x00, 0x00, 0x00, 0x1f, 0xff, 0xff, 0xf2, 0x06,
    0x9f, 0xfa, 0x61, 0x00, 0x0f, 0xf2, 0x00, 0x00, 0x0f, 0xf2, 0x00, 0x00, 0x0f, 0xf2, 0x00, 0x00,
    0x0f, 0xf2, 0x00, 0x00, 0x0f, 0xf2, 0x00, 0x00, 0x0f, 0xf2, 0x00, 0x00, 0x0f, 0xf2, 0x00, 0x00,
    0x0f, 0xf2, 0x00, 0x00, 0x0f, 0xf2, 0x00, 0x00, 0x0f, 0xf2, 0x00, 0x00, 0x0f, 0xf2, 0x00, 0x00,
    0x0f, 0xf2, 0x00, 0x00, 0x0f, 0xf2, 0x00, 0x06, 0x9f, 0xfa, 0x61, 0x1f, 0xff, 0xff, 0xf2, 0x00,
    0x8f, 0xff, 0xff, 0xec, 0x94, 0x00, 0x00, 0x00, 0x00, 0x8f, 0xeb, 0xbc, 0xdf, 0xff, 0xb2, 0x00,
    0x00, 0x00, 0x8f, 0xa0, 0x00, 0x01, 0x5d, 0xfe, 0x20, 0x00, 0x00, 0x8f, 0xa0, 0x00, 0x00, 0x01,
    0xcf, 0xc0, 0x00, 0x00, 0x8f, 0xa0, 0x00, 0x00, 0x00, 0x2f, 0xf5, 0x00, 0x00, 0x8f, 0xa0, 0x00,
    0x00, 0x00, 0x0a, 0xfb, 0x00, 0x00, 0x8f, 0xa0, 0x00, 0x00, 0x00, 0x06, 0xfe, 0x00, 0x00, 0x8f,
    0xa0, 0x00, 0x00, 0x00, 0x04, 0xff, 0x00, 0x4f, 0xff, 0xff, 0xff, 0xe0, 0x00, 0x04, 0xff, 0x10,
    0x3b, 0xdf, 0xeb, 0xbb, 0xa0, 0x00, 0x04, 0xff, 0x00, 0x00, 0x8f, 0xa0, 0x00, 0x00, 0x00, 0x07,
    0xfd, 0x00, 0x00, 0x8f, 0xa0, 0x00, 0x00, 0x00, 0x0b, 0xf9, 0x00, 0x00, 0x8f, 0xa0, 0x00, 0x00,
    0x00, 0x3f, 0xf4, 0x00, 0x00, 0x8f, 0xa0, 0x00, 0x00, 0x02, 0xdf, 0xb0, 0x00, 0x00, 0x8f, 0xa0,
    0x00, 0x01, 0x7e, 0xfd, 0x10, 0x00, 0x00, 0x8f, 0xeb, 0xbc, 0xdf, 0xff, 0xa1, 0x00, 0x00, 0x00,
    0x8f, 0xff, 0xff, 0xec, 0x83, 0x00, 0x00, 0x00, 0x00, 0x00, 0x03, 0xce, 0xb4, 0x00, 0xd6, 0x00,
    0x00, 0x00, 0x00, 0x0d, 0xec, 0xff, 0xdd, 0xf2, 0x00, 0x00, 0x00, 0x00, 0x3f, 0x20, 0x2a, 0xed,
    0x50, 0x00, 0x00, 0x00, 0x00, 0x00, 0x00, 0x00, 0x00, 0x00, 0x00, 0x00, 0x00, 0xaf, 0xf3, 0x00,
    0x00, 0x00, 0x02, 0xfe, 0x00, 0x00, 0xaf, 0xfc, 0x00, 0x00, 0x00, 0x02, 0xfe, 0x00, 0x00, 0xaf,
    0xff, 0x70, 0x00, 0x00, 0x02, 0xfe, 0x00, 0x00, 0xaf, 0x8f, 0xe2, 0x00, 0x00, 0x02, 0xfe, 0x00,
    0x00, 0xaf, 0x3b, 0xfb, 0x00, 0x00, 0x02, 0xfe, 0x00, 0x00, 0xaf, 0x42, 0xef, 0x60, 0x00, 0x02,
    0xfe, 0x00, 0x00, 0xaf, 0x40, 0x6f, 0xe1, 0x00, 0x02, 0xfe, 0x00, 0x00, 0xaf, 0x50, 0x0c, 0xfa,
    0x00, 0x02, 0xfe, 0x00, 0x00, 0xaf, 0x50, 0x02, 0xff, 0x50, 0x02, 0xfe, 0x00, 0x00, 0xaf, 0x50,
    0x00, 0x7f, 0xd1, 0x02, 0xfe, 0x00, 0x00, 0xaf, 0x50, 0x00, 0x0c, 0xf9, 0x01, 0xfe, 0x00, 0x00,
    0xaf, 0x50, 0x00, 0x03, 0xff, 0x41, 0xfe, 0x00, 0x00, 0xaf, 0x50, 0x00, 0x00, 0x8f, 0xd1, 0xfe,
    0x00, 0x00, 0xaf, 0x50, 0x00, 0x00, 0x0d, 0xf8, 0xfe, 0x00, 0x00, 0xaf, 0x50, 0x00, 0x00, 0x04,
    0xff, 0xfe, 0x00, 0x00, 0xaf, 0x50, 0x00, 0x00, 0x00, 0x9f, 0xfe, 0x00, 0x00, 0xaf, 0x50, 0x00,
    0x00, 0x00, 0x1d, 0xfe, 0x00, 0x00, 0x00, 0x00, 0x9f, 0xe1, 0x00, 0x00, 0x00, 0x00, 0x00, 0x00,
    0x00, 0x00, 0xcf, 0x90, 0x00, 0x00, 0x00, 0x00, 0x00, 0x00, 0x00, 0x01, 0xdf, 0x30, 0x00, 0x00,
    0x00, 0x00, 0x00, 0x00, 0x00, 0x01, 0xcd, 0x00, 0x00, 0x00, 0x00, 0x00, 0x00, 0x00, 0x00, 0x00,
    0x00, 0x00, 0x00, 0x00, 0x00, 0x00, 0x00, 0x39, 0xce, 0xfe, 0xc7, 0x10, 0x00, 0x00, 0x00, 0x00,
    0x8f, 0xff, 0xcc, 0xdf, 0xfe, 0x50, 0x00, 0x00, 0x00, 0xaf, 0xe6, 0x10, 0x00, 0x18, 0xff, 0x50,
    0x00, 0x00, 0x5f, 0xf3, 0x00, 0x00, 0x00, 0x06, 0xfe, 0x10, 0x00, 0x0c, 0xf8, 0x00, 0x00, 0x00,
    0x00, 0x0c, 0xf8, 0x00, 0x02, 0xff, 0x20, 0x00, 0x00, 0x00, 0x00, 0x6f, 0xd0, 0x00, 0x5f, 0xe0,
    0x00, 0x00, 0x00, 0x00, 0x03, 0xff, 0x10, 0x07, 0xfc, 0x00, 0x00, 0x00, 0x00, 0x00, 0x1f, 0xf3,
    0x00, 0x8f, 0xb0, 0x00, 0x00, 0x00, 0x00, 0x00, 0xff, 0x40, 0x07, 0xfc, 0x00, 0x00, 0x00, 0x00,
    0x00, 0x1f, 0xf3, 0x00, 0x5f, 0xe0, 0x00, 0x00, 0x00, 0x00, 0x03, 0xff, 0x10, 0x02, 0xff, 0x30,
    0x00, 0x00, 0x00, 0x00, 0x6f, 0xd0, 0x00, 0x0c, 0xf8, 0x00, 0x00, 0x00, 0x00, 0x0c, 0xf8, 0x00,
    0x00, 0x5f, 0xf3, 0x00, 0x00, 0x00, 0x07, 0xfe, 0x10, 0x00, 0x00, 0xaf, 0xe6, 0x10, 0x00, 0x18,
    0xff, 0x50, 0x00, 0x00, 0x00, 0x8f, 0xff, 0xcc, 0xdf, 0xfe, 0x50, 0x00, 0x00, 0x00, 0x00, 0x39,
    0xde, 0xfe, 0xc7, 0x10, 0x00, 0x00, 0x00, 0x00, 0x00, 0x00, 0x01, 0xef, 0x90, 0x00, 0x00, 0x00,
    0x00, 0x00, 0x00, 0x00, 0x9f, 0xc0, 0x00, 0x00, 0x00, 0x00, 0x00, 0x00, 0x00, 0x4f, 0xc1, 0x00,
    0x00, 0x00, 0x00, 0x00, 0x00, 0x00, 0x0d, 0xc1, 0x00, 0x00, 0x00, 0x00, 0x00, 0x00, 0x00, 0x00,
    0x00, 0x00, 0x00, 0x00, 0x00, 0x00, 0x00, 0x00, 0x39, 0xce, 0xfe, 0xc7, 0x10, 0x00, 0x00, 0x00,
    0x00, 0x8f, 0xff, 0xcc, 0xdf, 0xfe, 0x50, 0x00, 0x00, 0x00, 0xaf, 0xe6, 0x10, 0x00, 0x18, 0xff,
    0x50, 0x00, 0x00, 0x5f, 0xf3, 0x00, 0x00, 0x00, 0x06, 0xfe, 0x10, 0x00, 0x0c, 0xf8, 0x00, 0x00,
    0x00, 0x00, 0x0c, 0xf8, 0x00, 0x02, 0xff, 0x20, 0x00, 0x00, 0x00, 0x00, 0x6f, 0xd0, 0x00, 0x5f,
    0xe0, 0x00, 0x00, 0x00, 0x00, 0x03, 0xff, 0x10, 0x07, 0xfc, 0x00, 0x00, 0x00, 0x00, 0x00, 0x1f,
    0xf3, 0x00, 0x8f, 0xb0, 0x00, 0x00, 0x00, 0x00, 0x00, 0xff, 0x40, 0x07, 0xfc, 0x00, 0x00, 0x00,
    0x00, 0x00, 0x1f, 0xf3, 0x00, 0x5f, 0xe0, 0x00, 0x00, 0x00, 0x00, 0x03, 0xff, 0x10, 0x02, 0xff,
    0x30, 0x00, 0x00, 0x00, 0x00, 0x6f, 0xd0, 0x00, 0x0c, 0xf8, 0x00, 0x00, 0x00, 0x00, 0x0c, 0xf8,
    0x00, 0x00, 0x5f, 0xf3, 0x00, 0x00, 0x00, 0x07, 0xfe, 0x10, 0x00, 0x00, 0xaf, 0xe6, 0x10, 0x00,
    0x18, 0xff, 0x50, 0x00, 0x00, 0x00, 0x8f, 0xff, 0xcc, 0xdf, 0xfe, 0x50, 0x00, 0x00, 0x00, 0x00,
    0x39, 0xde, 0xfe, 0xc7, 0x10, 0x00, 0x00, 0x00, 0x00, 0x00, 0x01, 0xef, 0xc0, 0x00, 0x00, 0x00,
    0x00, 0x00, 0x00, 0x00, 0xbf, 0xef, 0x80, 0x00, 0x00, 0x00, 0x00, 0x00, 0x00, 0x8f, 0x91, 0xcf,
    0x60, 0x00, 0x00, 0x00, 0x00, 0x00, 0x6f, 0x70, 0x01, 0x9f, 0x40, 0x00, 0x00, 0x00, 0x00, 0x00,
    0x00, 0x00, 0x00, 0x00, 0x00, 0x00, 0x00, 0x00, 0x00, 0x39, 0xce, 0xfe, 0xc7, 0x10, 0x00, 0x00,
    0x00, 0x00, 0x8f, 0xff, 0xcc, 0xdf, 0xfe, 0x50, 0x00, 0x00, 0x00, 0xaf, 0xe6, 0x10, 0x00, 0x18,
    0xff, 0x50, 0x00, 0x00, 0x5f, 0xf3, 0x00, 0x00, 0x00, 0x06, 0xfe, 0x10, 0x00, 0x0c, 0xf8, 0x00,
    0x00, 0x00, 0x00, 0x0c, 0xf8, 0x00, 0x02, 0xff, 0x20, 0x00, 0x00, 0x00, 0x00, 0x6f, 0xd0, 0x00,
    0x5f, 0xe0, 0x00, 0x00, 0x00, 0x00, 0x03, 0xff, 0x10, 0x07, 0xfc, 0x00, 0x00, 0x00, 0x00, 0x00,
    0x1f, 0xf3, 0x00, 0x8f, 0xb0, 0x00, 0x00, 0x00, 0x00, 0x00, 0xff, 0x40, 0x07, 0xfc, 0x00, 0x00,
    0x00, 0x00, 0x00, 0x1f, 0xf3, 0x00, 0x5f, 0xe0, 0x00, 0x00, 0x00, 0x00, 0x03, 0xff, 0x10, 0x02,
    0xff, 0x30, 0x00, 0x00, 0x00, 0x00, 0x6f, 0xd0, 0x00, 0x0c, 0xf8, 0x00, 0x00, 0x00, 0x00, 0x0c,
    0xf8, 0x00, 0x00, 0x5f, 0xf3, 0x00, 0x00, 0x00, 0x07, 0xfe, 0x10, 0x00, 0x00, 0xaf, 0xe6, 0x10,
    0x00, 0x18, 0xff, 0x50, 0x00, 0x00, 0x00, 0x8f, 0xff, 0xcc, 0xdf, 0xfe, 0x50, 0x00, 0x00, 0x00,
    0x00, 0x39, 0xde, 0xfe, 0xc7, 0x10, 0x00, 0x00, 0x00, 0x00, 0x01, 0xae, 0xd6, 0x00, 0xaa, 0x00,
    0x00, 0x00, 0x00, 0x00, 0x9f, 0xce, 0xfe, 0xcf, 0x50, 0x00, 0x00, 0x00, 0x00, 0x0e, 0x60, 0x18,
    0xde, 0x80, 0x00, 0x00, 0x00, 0x00, 0x00, 0x00, 0x00, 0x00, 0x00, 0x00, 0x00, 0x00, 0x00, 0x00,
    0x03, 0x9c, 0xef, 0xec, 0x71, 0x00, 0x00, 0x00, 0x00, 0x08, 0xff, 0xfc, 0xcd, 0xff, 0xe5, 0x00,
    0x00, 0x00, 0x0a, 0xfe, 0x61, 0x00, 0x01, 0x8f, 0xf5, 0x00, 0x00, 0x05, 0xff, 0x30, 0x00, 0x00,
    0x00, 0x6f, 0xe1, 0x00, 0x00, 0xcf, 0x80, 0x00, 0x00, 0x00, 0x00, 0xcf, 0x80, 0x00, 0x2f, 0xf2,
    0x00, 0x00, 0x00, 0x00, 0x06, 0xfd, 0x00, 0x05, 0xfe, 0x00, 0x00, 0x00, 0x00, 0x00, 0x3f, 0xf1,
    0x00, 0x7f, 0xc0, 0x00, 0x00, 0x00, 0x00, 0x01, 0xff, 0x30, 0x08, 0xfb, 0x00, 0x00, 0x00, 0x00,
    0x00, 0x0f, 0xf4, 0x00, 0x7f, 0xc0, 0x00, 0x00, 0x00, 0x00, 0x01, 0xff, 0x30, 0x05, 0xfe, 0x00,
    0x00, 0x00, 0x00, 0x00, 0x3f, 0xf1, 0x00, 0x2f, 0xf3, 0x00, 0x00, 0x00, 0x00, 0x06, 0xfd, 0x00,
    0x00, 0xcf, 0x80, 0x00, 0x00, 0x00, 0x00, 0xcf, 0x80, 0x00, 0x05, 0xff, 0x30, 0x00, 0x00, 0x00,
    0x7f, 0xe1, 0x00, 0x00, 0x0a, 0xfe, 0x61, 0x00, 0x01, 0x8f, 0xf5, 0x00, 0x00, 0x00, 0x08, 0xff,
    0xfc, 0xcd, 0xff, 0xe5, 0x00, 0x00, 0x00, 0x00, 0x03, 0x9d, 0xef, 0xec, 0x71, 0x00, 0x00, 0x00,
    0x00, 0x00, 0x00, 0x8a, 0x10, 0x3a, 0x50, 0x00, 0x00, 0x00, 0x00, 0x00, 0x0c, 0xd2, 0x05, 0xe8,
    0x00, 0x00, 0x00, 0x00, 0x00, 0x00, 0x00, 0x00, 0x00, 0x00, 0x00, 0x00, 0x00, 0x00, 0x00, 0x00,
    0x00, 0x00, 0x00, 0x00, 0x00, 0x00, 0x00, 0x00, 0x03, 0x9c, 0xef, 0xec, 0x71, 0x00, 0x00, 0x00,
    0x00, 0x08, 0xff, 0xfc, 0xcd, 0xff, 0xe5, 0x00, 0x00, 0x00, 0x0a, 0xfe, 0x61, 0x00, 0x01, 0x8f,
    0xf5, 0x00, 0x00, 0x05, 0xff, 0x30, 0x00, 0x00, 0x00, 0x6f, 0xe1, 0x00, 0x00, 0xcf, 0x80, 0x00,
    0x00, 0x00, 0x00, 0xcf, 0x80, 0x00, 0x2f, 0xf2, 0x00, 0x00, 0x00, 0x00, 0x06, 0xfd, 0x00, 0x05,
    0xfe, 0x00, 0x00, 0x00, 0x00, 0x00, 0x3f, 0xf1, 0x00, 0x7f, 0xc0, 0x00, 0x00, 0x00, 0x00, 0x01,
    0xff, 0x30, 0x08, 0xfb, 0x00, 0x00, 0x00, 0x00, 0x00, 0x0f, 0xf4, 0x00, 0x7f, 0xc0, 0x00, 0x00,
    0x00, 0x00, 0x01, 0xff, 0x30, 0x05, 0xfe, 0x00, 0x00, 0x00, 0x00, 0x00, 0x3f, 0xf1, 0x00, 0x2f,
    0xf3, 0x00, 0x00, 0x00, 0x00, 0x06, 0xfd, 0x00, 0x00, 0xcf, 0x80, 0x00, 0x00, 0x00, 0x00, 0xcf,
    0x80, 0x00, 0x05, 0xff, 0x30, 0x00, 0x00, 0x00, 0x7f, 0xe1, 0x00, 0x00, 0x0a, 0xfe, 0x61, 0x00,
    0x01, 0x8f, 0xf5, 0x00, 0x00, 0x00, 0x08, 0xff, 0xfc, 0xcd, 0xff, 0xe5, 0x00, 0x00, 0x00, 0x00,
    0x03, 0x9d, 0xef, 0xec, 0x71, 0x00, 0x00, 0x00, 0x00, 0x72, 0x00, 0x00, 0x00, 0x54, 0x00, 0x03,
    0xfd, 0x20, 0x00, 0x05, 0xfd, 0x00, 0x00, 0x7f, 0xd2, 0x00, 0x5f, 0xe3, 0x00, 0x00, 0x07, 0xfd,
    0x25, 0xfe, 0x30, 0x00, 0x00, 0x00, 0x6f, 0xef, 0xe3, 0x00, 0x00, 0x00, 0x00, 0x0a, 0xff, 0x50,
    0x00, 0x00, 0x00, 0x00, 0x5f, 0xef, 0xd2, 0x00, 0x00, 0x00, 0x05, 0xfe, 0x37, 0xfd, 0x20, 0x00,
    0x00, 0x5f, 0xe3, 0x00, 0x7f, 0xd2, 0x00, 0x03, 0xfe, 0x30, 0x00, 0x06, 0xfd, 0x00, 0x00, 0x73,
    0x00, 0x00, 0x00, 0x64, 0x00, 0x00, 0x00, 0x00, 0x00, 0x00, 0x00, 0x00, 0x00, 0x00, 0x00, 0x00,
    0x00, 0x00, 0x00, 0x00, 0x00, 0x00, 0x00, 0x00, 0x00, 0x00, 0x00, 0x00, 0x00, 0x00, 0x00, 0x00,
    0x00, 0x31, 0x00, 0x00, 0x00, 0x00, 0x39, 0xce, 0xfe, 0xc7, 0x2d, 0xe1, 0x00, 0x00, 0x00, 0x8f,
    0xff, 0xcc, 0xef, 0xff, 0xf8, 0x00, 0x00, 0x00, 0xaf, 0xe6, 0x10, 0x00, 0x3c, 0xff, 0x40, 0x00,
    0x00, 0x5f, 0xf3, 0x00, 0x00, 0x02, 0xef, 0xfe, 0x10, 0x00, 0x0c, 0xf8, 0x00, 0x00, 0x00, 0xbf,
    0x6d, 0xf8, 0x00, 0x02, 0xff, 0x20, 0x00, 0x00, 0x8f, 0x90, 0x7f, 0xd0, 0x00, 0x5f, 0xe0, 0x00,
    0x00, 0x4f, 0xd1, 0x03, 0xff, 0x10, 0x07, 0xfc, 0x00, 0x00, 0x1d, 0xf3, 0x00, 0x1f, 0xf3, 0x00,
    0x8f, 0xb0, 0x00, 0x0b, 0xf6, 0x00, 0x00, 0xff, 0x40, 0x07, 0xfc, 0x00, 0x07, 0xfa, 0x00, 0x00,
    0x1f, 0xf3, 0x00, 0x6f, 0xe0, 0x03, 0xfd, 0x10, 0x00, 0x03, 0xff, 0x10, 0x02, 0xff, 0x21, 0xdf,
    0x30, 0x00, 0x00, 0x6f, 0xd0, 0x00, 0x0d, 0xf8, 0xaf, 0x70, 0x00, 0x00, 0x0c, 0xf8, 0x00, 0x00,
    0x6f, 0xff, 0xb0, 0x00, 0x00, 0x06, 0xfe, 0x20, 0x00, 0x00, 0xbf, 0xf8, 0x10, 0x00, 0x18, 0xff,
    0x50, 0x00, 0x00, 0x0c, 0xff, 0xff, 0xdc, 0xdf, 0xfe, 0x50, 0x00, 0x00, 0x06, 0xf8, 0x39, 0xde,
    0xfe, 0xc8, 0x10, 0x00, 0x00, 0x00, 0x04, 0x00, 0x00, 0x00, 0x00, 0x00, 0x00, 0x00, 0x00, 0x00,
    0x00, 0x03, 0xff, 0x70, 0x00, 0x00, 0x00, 0x00, 0x00, 0x00, 0x00, 0x6f, 0xe1, 0x00, 0x00, 0x00,
    0x00, 0x00, 0x00, 0x00, 0x08, 0xf9, 0x00, 0x00, 0x00, 0x00, 0x00, 0x00, 0x00, 0x00, 0x7f, 0x40,
    0x00, 0x00, 0x00, 0x00, 0x00, 0x00, 0x00, 0x00, 0x00, 0x00, 0x00, 0x00, 0x00, 0xdf, 0x50, 0x00,
    0x00, 0x00, 0x0c, 0xf5, 0x00, 0x00, 0xdf, 0x50, 0x00, 0x00, 0x00, 0x0c, 0xf5, 0x00, 0x00, 0xdf,
    0x50, 0x00, 0x00, 0x00, 0x0c, 0xf5, 0x00, 0x00, 0xdf, 0x50, 0x00, 0x00, 0x00, 0x0c, 0xf5, 0x00,
    0x00, 0xdf, 0x50, 0x00, 0x00, 0x00, 0x0c, 0xf5, 0x00, 0x00, 0xdf, 0x50, 0x00, 0x00, 0x00, 0x0c,
    0xf5, 0x00, 0x00, 0xdf, 0x50, 0x00, 0x00, 0x00, 0x0c, 0xf5, 0x00, 0x00, 0xdf, 0x50, 0x00, 0x00,
    0x00, 0x0c, 0xf5, 0x00, 0x00, 0xdf, 0x50, 0x00, 0x00, 0x00, 0x0c, 0xf5, 0x00, 0x00, 0xdf, 0x50,
    0x00, 0x00, 0x00, 0x0c, 0xf5, 0x00, 0x00, 0xdf, 0x50, 0x00, 0x00, 0x00, 0x0c, 0xf5, 0x00, 0x00,
    0xcf, 0x50, 0x00, 0x00, 0x00, 0x0c, 0xf4, 0x00, 0x00, 0xaf, 0x80, 0x00, 0x00, 0x00, 0x1f, 0xf2,
    0x00, 0x00, 0x5f, 0xe1, 0x00, 0x00, 0x00, 0x7f, 0xc0, 0x00, 0x00, 0x0c, 0xfc, 0x30, 0x00, 0x06,
    0xff, 0x40, 0x00, 0x00, 0x01, 0xcf, 0xfd, 0xcc, 0xef, 0xe6, 0x00, 0x00, 0x00, 0x00, 0x06, 0xbe,
    0xfe, 0xc8, 0x20, 0x00, 0x00, 0x00, 0x00, 0x00, 0x00, 0x0a, 0xfe, 0x10, 0x00, 0x00, 0x00, 0x00,
    0x00, 0x00, 0x3f, 0xf4, 0x00, 0x00, 0x00, 0x00, 0x00, 0x00, 0x00, 0xcf, 0x50, 0x00, 0x00, 0x00,
    0x00, 0x00, 0x00, 0x07, 0xf5, 0x00, 0x00, 0x00, 0x00, 0x00, 0x00, 0x00, 0x00, 0x00, 0x00, 0x00,
    0x00, 0x00, 0x00, 0xdf, 0x50, 0x00, 0x00, 0x00, 0x0c, 0xf5, 0x00, 0x00, 0xdf, 0x50, 0x00, 0x00,
    0x00, 0x0c, 0xf5, 0x00, 0x00, 0xdf, 0x50, 0x00, 0x00, 0x00, 0x0c, 0xf5, 0x00, 0x00, 0xdf, 0x50,
    0x00, 0x00, 0x00, 0x0c, 0xf5, 0x00, 0x00, 0xdf, 0x50, 0x00, 0x00, 0x00, 0x0c, 0xf5, 0x00, 0x00,
    0xdf, 0x50, 0x00, 0x00, 0x00, 0x0c, 0xf5, 0x00, 0x00, 0xdf, 0x50, 0x00, 0x00, 0x00, 0x0c, 0xf5,
    0x00, 0x00, 0xdf, 0x50, 0x00, 0x00, 0x00, 0x0c, 0xf5, 0x00, 0x00, 0xdf, 0x50, 0x00, 0x00, 0x00,
    0x0c, 0xf5, 0x00, 0x00, 0xdf, 0x50, 0x00, 0x00, 0x00, 0x0c, 0xf5, 0x00, 0x00, 0xdf, 0x50, 0x00,
    0x00, 0x00, 0x0c, 0xf5, 0x00, 0x00, 0xcf, 0x50, 0x00, 0x00, 0x00, 0x0c, 0xf4, 0x00, 0x00, 0xaf,
    0x80, 0x00, 0x00, 0x00, 0x1f, 0xf2, 0x00, 0x00, 0x5f, 0xe1, 0x00, 0x00, 0x00, 0x7f, 0xc0, 0x00,
    0x00, 0x0c, 0xfc, 0x30, 0x00, 0x06, 0xff, 0x40, 0x00, 0x00, 0x01, 0xcf, 0xfd, 0xcc, 0xef, 0xe6,
    0x00, 0x00, 0x00, 0x00, 0x06, 0xbe, 0xfe, 0xc8, 0x20, 0x00, 0x00, 0x00, 0x00, 0x00, 0x09, 0xff,
    0x30, 0x00, 0x00, 0x00, 0x00, 0x00, 0x00, 0x5f, 0xef, 0xd1, 0x00, 0x00, 0x00, 0x00, 0x00, 0x03,
    0xed, 0x27, 0xfb, 0x00, 0x00, 0x00, 0x00, 0x00, 0x1e, 0xb1, 0x00, 0x5e, 0xa0, 0x00, 0x00, 0x00,
    0x00, 0x00, 0x00, 0x00, 0x00, 0x00, 0x00, 0x00, 0x00, 0xdf, 0x50, 0x00, 0x00, 0x00, 0x0c, 0xf5,
    0x00, 0x00, 0xdf, 0x50, 0x00, 0x00, 0x00, 0x0c, 0xf5, 0x00, 0x00, 0xdf, 0x50, 0x00, 0x00, 0x00,
    0x0c, 0xf5, 0x00, 0x00, 0xdf, 0x50, 0x00, 0x00, 0x00, 0x0c, 0xf5, 0x00, 0x00, 0xdf, 0x50, 0x00,
    0x00, 0x00, 0x0c, 0xf5, 0x00, 0x00, 0xdf, 0x50, 0x00, 0x00, 0x00, 0x0c, 0xf5, 0x00, 0x00, 0xdf,
    0x50, 0x00, 0x00, 0x00, 0x0c, 0xf5, 0x00, 0x00, 0xdf, 0x50, 0x00, 0x00, 0x00, 0x0c, 0xf5, 0x00,
    0x00, 0xdf, 0x50, 0x00, 0x00, 0x00, 0x0c, 0xf5, 0x00, 0x00, 0xdf, 0x50, 0x00, 0x00, 0x00, 0x0c,
    0xf5, 0x00, 0x00, 0xdf, 0x50, 0x00, 0x00, 0x00, 0x0c, 0xf5, 0x00, 0x00, 0xcf, 0x50, 0x00, 0x00,
    0x00, 0x0c, 0xf4, 0x00, 0x00, 0xaf, 0x80, 0x00, 0x00, 0x00, 0x1f, 0xf2, 0x00, 0x00, 0x5f, 0xe1,
    0x00, 0x00, 0x00, 0x7f, 0xc0, 0x00, 0x00, 0x0c, 0xfc, 0x30, 0x00, 0x06, 0xff, 0x40, 0x00, 0x00,
    0x01, 0xcf, 0xfd, 0xcc, 0xef, 0xe6, 0x00, 0x00, 0x00, 0x00, 0x06, 0xbe, 0xfe, 0xc8, 0x20, 0x00,
    0x00, 0x00, 0x00, 0x04, 0xa4, 0x00, 0x99, 0x00, 0x00, 0x00, 0x00, 0x00, 0x06, 0xe7, 0x00, 0xcd,
    0x10, 0x00, 0x00, 0x00, 0x00, 0x00, 0x00, 0x00, 0x00, 0x00, 0x00, 0x00, 0x00, 0x00, 0x00, 0x00,
    0x00, 0x00, 0x00, 0x00, 0x00, 0x00, 0xdf, 0x50, 0x00, 0x00, 0x00, 0x0c, 0xf5, 0x00, 0x00, 0xdf,
    0x50, 0x00, 0x00, 0x00, 0x0c, 0xf5, 0x00, 0x00, 0xdf, 0x50, 0x00, 0x00, 0x00, 0x0c, 0xf5, 0x00,
    0x00, 0xdf, 0x50, 0x00, 0x00, 0x00, 0x0c, 0xf5, 0x00, 0x00, 0xdf, 0x50, 0x00, 0x00, 0x00, 0x0c,
    0xf5, 0x00, 0x00, 0xdf, 0x50, 0x00, 0x00, 0x00, 0x0c, 0xf5, 0x00, 0x00, 0xdf, 0x50, 0x00, 0x00,
    0x00, 0x0c, 0xf5, 0x00, 0x00, 0xdf, 0x50, 0x00, 0x00, 0x00, 0x0c, 0xf5, 0x00, 0x00, 0xdf, 0x50,
    0x00, 0x00, 0x00, 0x0c, 0xf5, 0x00, 0x00, 0xdf, 0x50, 0x00, 0x00, 0x00, 0x0c, 0xf5, 0x00, 0x00,
    0xdf, 0x50, 0x00, 0x00, 0x00, 0x0c, 0xf5, 0x00, 0x00, 0xcf, 0x50, 0x00, 0x00, 0x00, 0x0c, 0xf4,
    0x00, 0x00, 0xaf, 0x80, 0x00, 0x00, 0x00, 0x1f, 0xf2, 0x00, 0x00, 0x5f, 0xe1, 0x00, 0x00, 0x00,
    0x7f, 0xc0, 0x00, 0x00, 0x0c, 0xfc, 0x30, 0x00, 0x06, 0xff, 0x40, 0x00, 0x00, 0x01, 0xcf, 0xfd,
    0xcc, 0xef, 0xe6, 0x00, 0x00, 0x00, 0x00, 0x06, 0xbe, 0xfe, 0xc8, 0x20, 0x00, 0x00, 0x00, 0x00,
    0x00, 0x0a, 0xfe, 0x10, 0x00, 0x00, 0x00, 0x00, 0x3f, 0xf4, 0x00, 0x00, 0x00, 0x00, 0x00, 0xcf,
    0x50, 0x00, 0x00, 0x00, 0x00, 0x07, 0xf5, 0x00, 0x00, 0x00, 0x00, 0x00, 0x00, 0x00, 0x00, 0x00,
    0x00, 0xbf, 0x90, 0x00, 0x00, 0x00, 0x1e, 0xf5, 0x3f, 0xf2, 0x00, 0x00, 0x00, 0x8f, 0xb0, 0x0a,
    0xfa, 0x00, 0x00, 0x02, 0xff, 0x30, 0x02, 0xff, 0x30, 0x00, 0x09, 0xfa, 0x00, 0x00, 0x8f, 0xb0,
    0x00, 0x2f, 0xf2, 0x00, 0x00, 0x1e, 0xf4, 0x00, 0xaf, 0x80, 0x00, 0x00, 0x07, 0xfc, 0x03, 0xfe,
    0x10, 0x00, 0x00, 0x00, 0xdf, 0x5b, 0xf7, 0x00, 0x00, 0x00, 0x00, 0x6f, 0xef, 0xd0, 0x00, 0x00,
    0x00, 0x00, 0x0c, 0xff, 0x60, 0x00, 0x00, 0x00, 0x00, 0x05, 0xfe, 0x00, 0x00, 0x00, 0x00, 0x00,
    0x04, 0xfd, 0x00, 0x00, 0x00, 0x00, 0x00, 0x04, 0xfd, 0x00, 0x00, 0x00, 0x00, 0x00, 0x04, 0xfd,
    0x00, 0x00, 0x00, 0x00, 0x00, 0x04, 0xfd, 0x00, 0x00, 0x00, 0x00, 0x00, 0x04, 0xfd, 0x00, 0x00,
    0x00, 0x00, 0x00, 0x04, 0xfd, 0x00, 0x00, 0x00, 0x00, 0xaf, 0x70, 0x00, 0x00, 0x00, 0x00, 0x00,
    0x0a, 0xf7, 0x00, 0x00, 0x00, 0x00, 0x00, 0x00, 0xaf, 0x70, 0x00, 0x00, 0x00, 0x00, 0x00, 0x0a,
    0xff, 0xff, 0xed, 0xb6, 0x10, 0x00, 0x00, 0xaf, 0xdb, 0xbc, 0xef, 0xfd, 0x20, 0x00, 0x0a, 0xf7,
    0x00, 0x00, 0x4d, 0xfb, 0x00, 0x00, 0xaf, 0x70, 0x00, 0x00, 0x4f, 0xf2, 0x00, 0x0a, 0xf7, 0x00,
    0x00, 0x00, 0xff, 0x40, 0x00, 0xaf, 0x70, 0x00, 0x00, 0x0f, 0xf3, 0x00, 0x0a, 0xf7, 0x00, 0x00,
    0x04, 0xfe, 0x10, 0x00, 0xaf, 0x70, 0x00, 0x05, 0xef, 0x80, 0x00, 0x0a, 0xfd, 0xbb, 0xce, 0xff,
    0x90, 0x00, 0x00, 0xaf, 0xff, 0xfe, 0xda, 0x40, 0x00, 0x00, 0x0a, 0xf7, 0x00, 0x00, 0x00, 0x00,
    0x00, 0x00, 0xaf, 0x70, 0x00, 0x00, 0x00, 0x00, 0x00, 0x0a, 0xf7, 0x00, 0x00, 0x00, 0x00, 0x00,
    0x00, 0xaf, 0x70, 0x00, 0x00, 0x00, 0x00, 0x00, 0x00, 0x01, 0x7c, 0xef, 0xdb, 0x60, 0x00, 0x00,
    0x02, 0xdf, 0xfd, 0xcd, 0xff, 0xc0, 0x00, 0x00, 0x9f, 0xc2, 0x00, 0x04, 0xef, 0x60, 0x00, 0x0d,
    0xf4, 0x00, 0x00, 0x0a, 0xf8, 0x00, 0x00, 0xef, 0x20, 0x00, 0x01, 0xdf, 0x50, 0x00, 0x0e, 0xf2,
    0x00, 0x01, 0xbf, 0xa0, 0x00, 0x00, 0xef, 0x20, 0x02, 0xdf, 0x80, 0x00, 0x00, 0x0e, 0xf2, 0x00,
    0xbf, 0x80, 0x00, 0x00, 0x00, 0xef, 0x20, 0x0c, 0xf4, 0x00, 0x00, 0x00, 0x0e, 0xf2, 0x00, 0x8f,
    0xe4, 0x00, 0x00, 0x00, 0xef, 0x20, 0x00, 0xaf, 0xf9, 0x00, 0x00, 0x0e, 0xf2, 0x00, 0x00, 0x5e,
    0xfc, 0x10, 0x00, 0xef, 0x20, 0x00, 0x00, 0x2c, 0xf9, 0x00, 0x0e, 0xf2, 0x00, 0x00, 0x00, 0x3f,
    0xe0, 0x00, 0xef, 0x20, 0x00, 0x00, 0x01, 0xff, 0x00, 0x0e, 0xf2, 0x06, 0x20, 0x00, 0x7f, 0xd0,
    0x00, 0xef, 0x20, 0xdf, 0xdc, 0xdf, 0xf6, 0x00, 0x0e, 0xf2, 0x05, 0xbe, 0xfd, 0xb4, 0x00, 0x00,
    0x03, 0xff, 0x60, 0x00, 0x00, 0x00, 0x00, 0x07, 0xfd, 0x10, 0x00, 0x00, 0x00, 0x00, 0x08, 0xf9,
    0x00, 0x00, 0x00, 0x00, 0x00, 0x08, 0xf4, 0x00, 0x00, 0x00, 0x00, 0x00, 0x00, 0x00, 0x00, 0x00,
    0x00, 0x5a, 0xdf, 0xed, 0x81, 0x00, 0x00, 0x5f, 0xfe, 0xcd, 0xff, 0xb0, 0x00, 0x00, 0x83, 0x00,
    0x04, 0xff, 0x40, 0x00, 0x00, 0x00, 0x00, 0x0a, 0xf7, 0x00, 0x00, 0x00, 0x00, 0x00, 0x8f, 0x80,
    0x00, 0x02, 0x7a, 0xbb, 0xbd, 0xf8, 0x00, 0x09, 0xff, 0xff, 0xff, 0xff, 0x80, 0x07, 0xff, 0x73,
    0x10, 0x08, 0xf8, 0x00, 0xcf, 0x80, 0x00, 0x00, 0x9f, 0x80, 0x0d, 0xf5, 0x00, 0x00, 0x0d, 0xf8,
    0x00, 0xbf, 0xb0, 0x00, 0x2a, 0xff, 0x80, 0x04, 0xff, 0xec, 0xdf, 0xd6, 0xf8, 0x00, 0x03, 0xbe,
    0xfd, 0x81, 0x2f, 0x80, 0x00, 0x00, 0x00, 0x0a, 0xfd, 0x10, 0x00, 0x00, 0x00, 0x04, 0xfe, 0x30,
    0x00, 0x00, 0x00, 0x00, 0xdf, 0x40, 0x00, 0x00, 0x00, 0x00, 0x8e, 0x40, 0x00, 0x00, 0x00, 0x00,
    0x00, 0x00, 0x00, 0x00, 0x00, 0x00, 0x5a, 0xdf, 0xed, 0x81, 0x00, 0x00, 0x5f, 0xfe, 0xcd, 0xff,
    0xb0, 0x00, 0x00, 0x83, 0x00, 0x04, 0xff, 0x40, 0x00, 0x00, 0x00, 0x00, 0x0a, 0xf7, 0x00, 0x00,
    0x00, 0x00, 0x00, 0x8f, 0x80, 0x00, 0x02, 0x7a, 0xbb, 0xbd, 0xf8, 0x00, 0x09, 0xff, 0xff, 0xff,
    0xff, 0x80, 0x07, 0xff, 0x73, 0x10, 0x08, 0xf8, 0x00, 0xcf, 0x80, 0x00, 0x00, 0x9f, 0x80, 0x0d,
    0xf5, 0x00, 0x00, 0x0d, 0xf8, 0x00, 0xbf, 0xb0, 0x00, 0x2a, 0xff, 0x80, 0x04, 0xff, 0xec, 0xdf,
    0xd6, 0xf8, 0x00, 0x03, 0xbe, 0xfd, 0x81, 0x2f, 0x80, 0x00, 0x00, 0x0a, 0xff, 0x30, 0x00, 0x00,
    0x00, 0x06, 0xfe, 0xfd, 0x10, 0x00, 0x00, 0x03, 0xfd, 0x27, 0xfb, 0x00, 0x00, 0x02, 0xeb, 0x10,
    0x05, 0xe9, 0x00, 0x00, 0x00, 0x00, 0x00, 0x00, 0x00, 0x00, 0x00, 0x5a, 0xdf, 0xed, 0x81, 0x00,
    0x00, 0x5f, 0xfe, 0xcd, 0xff, 0xb0, 0x00, 0x00, 0x83, 0x00, 0x04, 0xff, 0x40, 0x00, 0x00, 0x00,
    0x00, 0x0a, 0xf7, 0x00, 0x00, 0x00, 0x00, 0x00, 0x8f, 0x80, 0x00, 0x02, 0x7a, 0xbb, 0xbd, 0xf8,
    0x00, 0x09, 0xff, 0xff, 0xff, 0xff, 0x80, 0x07, 0xff, 0x73, 0x10, 0x08, 0xf8, 0x00, 0xcf, 0x80,
    0x00, 0x00, 0x9f, 0x80, 0x0d, 0xf5, 0x00, 0x00, 0x0d, 0xf8, 0x00, 0xbf, 0xb0, 0x00, 0x2a, 0xff,
    0x80, 0x04, 0xff, 0xec, 0xdf, 0xd6, 0xf8, 0x00, 0x03, 0xbe, 0xfd, 0x81, 0x2f, 0x80, 0x00, 0x07,
    0xee, 0x92, 0x04, 0xf1, 0x00, 0x03, 0xfd, 0xdf, 0xfc, 0xeb, 0x00, 0x00, 0x8c, 0x00, 0x5c, 0xeb,
    0x20, 0x00, 0x00, 0x00, 0x00, 0x00, 0x00, 0x00, 0x00, 0x05, 0xad, 0xfe, 0xd8, 0x10, 0x00, 0x05,
    0xff, 0xec, 0xdf, 0xfb, 0x00, 0x00, 0x08, 0x30, 0x00, 0x4f, 0xf4, 0x00, 0x00, 0x00, 0x00, 0x00,
    0xaf, 0x70, 0x00, 0x00, 0x00, 0x00, 0x08, 0xf8, 0x00, 0x00, 0x27, 0xab, 0xbb, 0xdf, 0x80, 0x00,
    0x9f, 0xff, 0xff, 0xff, 0xf8, 0x00, 0x7f, 0xf7, 0x31, 0x00, 0x8f, 0x80, 0x0c, 0xf8, 0x00, 0x00,
    0x09, 0xf8, 0x00, 0xdf, 0x50, 0x00, 0x00, 0xdf, 0x80, 0x0b, 0xfb, 0x00, 0x02, 0xaf, 0xf8, 0x00,
    0x4f, 0xfe, 0xcd, 0xfd, 0x6f, 0x80, 0x00, 0x3b, 0xef, 0xd8, 0x12, 0xf8, 0x00, 0x00, 0x04, 0xa4,
    0x00, 0x99, 0x00, 0x00, 0x00, 0x7e, 0x60, 0x1d, 0xc0, 0x00, 0x00, 0x00, 0x00, 0x00, 0x00, 0x00,
    0x00, 0x00, 0x00, 0x00, 0x00, 0x00, 0x00, 0x00, 0x05, 0xad, 0xfe, 0xd8, 0x10, 0x00, 0x05, 0xff,
    0xec, 0xdf, 0xfb, 0x00, 0x00, 0x08, 0x30, 0x00, 0x4f, 0xf4, 0x00, 0x00, 0x00, 0x00, 0x00, 0xaf,
    0x70, 0x00, 0x00, 0x00, 0x00, 0x08, 0xf8, 0x00, 0x00, 0x27, 0xab, 0xbb, 0xdf, 0x80, 0x00, 0x9f,
    0xff, 0xff, 0xff, 0xf8, 0x00, 0x7f, 0xf7, 0x31, 0x00, 0x8f, 0x80, 0x0c, 0xf8, 0x00, 0x00, 0x09,
    0xf8, 0x00, 0xdf, 0x50, 0x00, 0x00, 0xdf, 0x80, 0x0b, 0xfb, 0x00, 0x02, 0xaf, 0xf8, 0x00, 0x4f,
    0xfe, 0xcd, 0xfd, 0x6f, 0x80, 0x00, 0x3b, 0xef, 0xd8, 0x12, 0xf8, 0x00, 0x00, 0x00, 0x1a, 0xed,
    0x60, 0x00, 0x00, 0x00, 0x0a, 0xb1, 0x5f, 0x30, 0x00, 0x00, 0x00, 0xc7, 0x00, 0xe6, 0x00, 0x00,
    0x00, 0x0a, 0xb1, 0x4f, 0x30, 0x00, 0x00, 0x00, 0x1b, 0xed, 0x60, 0x00, 0x00, 0x00, 0x00, 0x00,
    0x00, 0x00, 0x00, 0x00, 0x00, 0x00, 0x00, 0x00, 0x00, 0x00, 0x00, 0x5a, 0xdf, 0xed, 0x81, 0x00,
    0x00, 0x5f, 0xfe, 0xcd, 0xff, 0xb0, 0x00, 0x00, 0x83, 0x00, 0x04, 0xff, 0x40, 0x00, 0x00, 0x00,
    0x00, 0x0a, 0xf7, 0x00, 0x00, 0x00, 0x00, 0x00, 0x8f, 0x80, 0x00, 0x02, 0x7a, 0xbb, 0xbd, 0xf8,
    0x00, 0x09, 0xff, 0xff, 0xff, 0xff, 0x80, 0x07, 0xff, 0x73, 0x10, 0x08, 0xf8, 0x00, 0xcf, 0x80,
    0x00, 0x00, 0x9f, 0x80, 0x0d, 0xf5, 0x00, 0x00, 0x0d, 0xf8, 0x00, 0xbf, 0xb0, 0x00, 0x2a, 0xff,
    0x80, 0x04, 0xff, 0xec, 0xdf, 0xd6, 0xf8, 0x00, 0x03, 0xbe, 0xfd, 0x81, 0x2f, 0x80, 0x00, 0x16,
    0xbe, 0xfe, 0xa3, 0x01, 0x9d, 0xfd, 0x92, 0x00, 0x00, 0x0a, 0xff, 0xdc, 0xef, 0xf4, 0xdf, 0xec,
    0xef, 0xe2, 0x00, 0x00, 0x36, 0x10, 0x00, 0x8f, 0xff, 0x70, 0x00, 0x9f, 0xc0, 0x00, 0x00, 0x00,
    0x00, 0x00, 0xff, 0xb0, 0x00, 0x01, 0xef, 0x30, 0x00, 0x00, 0x00, 0x00, 0x0d, 0xf6, 0x00, 0x00,
    0x0c, 0xf6, 0x00, 0x00, 0x6b, 0xef, 0xff, 0xff, 0xff, 0xff, 0xff, 0xff, 0x80, 0x01, 0xcf, 0xfe,
    0xcb, 0xbf, 0xfc, 0xbb, 0xbb, 0xbb, 0xb6, 0x00, 0x8f, 0xe3, 0x00, 0x00, 0xef, 0x50, 0x00, 0x00,
    0x00, 0x00, 0x0c, 0xf7, 0x00, 0x00, 0x0f, 0xf8, 0x00, 0x00, 0x00, 0x00, 0x00, 0xdf, 0x50, 0x00,
    0x04, 0xff, 0xd0, 0x00, 0x00, 0x00, 0x00, 0x0a, 0xfb, 0x00, 0x04, 0xdd, 0xcf, 0xa1, 0x00, 0x02,
    0x60, 0x00, 0x3f, 0xfe, 0xcd, 0xfd, 0x32, 0xdf, 0xfc, 0xcd, 0xfe, 0x00, 0x00, 0x3a, 0xee, 0xd8,
    0x10, 0x01, 0x8d, 0xef, 0xda, 0x50, 0x00, 0x00, 0x00, 0x6b, 0xef, 0xdb, 0x50, 0x00, 0x1b, 0xff,
    0xdc, 0xef, 0x60, 0x00, 0xaf, 0xc2, 0x00, 0x03, 0x10, 0x02, 0xff, 0x20, 0x00, 0x00, 0x00, 0x07,
    0xfb, 0x00, 0x00, 0x00, 0x00, 0x09, 0xf8, 0x00, 0x00, 0x00, 0x00, 0x0a, 0xf8, 0x00, 0x00, 0x00,
    0x00, 0x09, 0xf8, 0x00, 0x00, 0x00, 0x00, 0x07, 0xfb, 0x00, 0x00, 0x00, 0x00, 0x03, 0xff, 0x20,
    0x00, 0x00, 0x00, 0x00, 0xbf, 0xc2, 0x00, 0x02, 0x30, 0x00, 0x1c, 0xff, 0xcc, 0xdf, 0x80, 0x00,
    0x00, 0x7c, 0xff, 0xea, 0x30, 0x00, 0x00, 0x02, 0xf5, 0x00, 0x00, 0x00, 0x00, 0x06, 0xee, 0x50,
    0x00, 0x00, 0x00, 0x00, 0x1b, 0xf1, 0x00, 0x00, 0x00, 0x11, 0x2c, 0xf1, 0x00, 0x00, 0x00, 0x9f,
    0xfe, 0x60, 0x00, 0x00, 0x00, 0x24, 0x20, 0x00, 0x00, 0x00, 0x02, 0xff, 0x70, 0x00, 0x00, 0x00,
    0x00, 0x00, 0x5f, 0xe1, 0x00, 0x00, 0x00, 0x00, 0x00, 0x07, 0xfa, 0x00, 0x00, 0x00, 0x00, 0x00,
    0x00, 0x7f, 0x50, 0x00, 0x00, 0x00, 0x00, 0x00, 0x00, 0x00, 0x00, 0x00, 0x00, 0x00, 0x6c, 0xee,
    0xc7, 0x00, 0x00, 0x00, 0x1b, 0xff, 0xcd, 0xff, 0xc1, 0x00, 0x00, 0x9f, 0xb2, 0x00, 0x2c, 0xf8,
    0x00, 0x02, 0xfe, 0x10, 0x00, 0x03, 0xfe, 0x10, 0x07, 0xfa, 0x00, 0x00, 0x00, 0xef, 0x30, 0x09,
    0xff, 0xff, 0xff, 0xff, 0xff, 0x40, 0x0a, 0xfd, 0xbb, 0xbb, 0xbb, 0xbb, 0x40, 0x09, 0xf8, 0x00,
    0x00, 0x00, 0x00, 0x00, 0x07, 0xfb, 0x00, 0x00, 0x00, 0x00, 0x00, 0x02, 0xff, 0x30, 0x00, 0x00,
    0x00, 0x00, 0x00, 0x9f, 0xd4, 0x00, 0x00, 0x36, 0x00, 0x00, 0x1b, 0xff, 0xdc, 0xce, 0xfb, 0x00,
    0x00, 0x00, 0x5b, 0xdf, 0xed, 0x94, 0x00, 0x00, 0x00, 0x00, 0x09, 0xfe, 0x10, 0x00, 0x00, 0x00,
    0x00, 0x3f, 0xf4, 0x00, 0x00, 0x00, 0x00, 0x00, 0xcf, 0x50, 0x00, 0x00, 0x00, 0x00, 0x07, 0xf5,
    0x00, 0x00, 0x00, 0x00, 0x00, 0x00, 0x00, 0x00, 0x00, 0x00, 0x00, 0x00, 0x6c, 0xee, 0xc7, 0x00,
    0x00, 0x00, 0x1b, 0xff, 0xcd, 0xff, 0xc1, 0x00, 0x00, 0x9f, 0xb2, 0x00, 0x2c, 0xf8, 0x00, 0x02,
    0xfe, 0x10, 0x00, 0x03, 0xfe, 0x10, 0x07, 0xfa, 0x00, 0x00, 0x00, 0xef, 0x30, 0x09, 0xff, 0xff,
    0xff, 0xff, 0xff, 0x40, 0x0a, 0xfd, 0xbb, 0xbb, 0xbb, 0xbb, 0x40, 0x09, 0xf8, 0x00, 0x00, 0x00,
    0x00, 0x00, 0x07, 0xfb, 0x00, 0x00, 0x00, 0x00, 0x00, 0x02, 0xff, 0x30, 0x00, 0x00, 0x00, 0x00,
    0x00, 0x9f, 0xd4, 0x00, 0x00, 0x36, 0x00, 0x00, 0x1b, 0xff, 0xdc, 0xce, 0xfb, 0x00, 0x00, 0x00,
    0x5b, 0xdf, 0xed, 0x94, 0x00, 0x00, 0x00, 0x08, 0xff, 0x40, 0x00, 0x00, 0x00, 0x00, 0x4f, 0xef,
    0xd1, 0x00, 0x00, 0x00, 0x02, 0xee, 0x36, 0xfc, 0x10, 0x00, 0x00, 0x1d, 0xc2, 0x00, 0x4e, 0xb0,
    0x00, 0x00, 0x00, 0x00, 0x00, 0x00, 0x00, 0x00, 0x00, 0x00, 0x6c, 0xee, 0xc7, 0x00, 0x00, 0x00,
    0x1b, 0xff, 0xcd, 0xff, 0xc1, 0x00, 0x00, 0x9f, 0xb2, 0x00, 0x2c, 0xf8, 0x00, 0x02, 0xfe, 0x10,
    0x00, 0x03, 0xfe, 0x10, 0x07, 0xfa, 0x00, 0x00, 0x00, 0xef, 0x30, 0x09, 0xff, 0xff, 0xff, 0xff,
    0xff, 0x40, 0x0a, 0xfd, 0xbb, 0xbb, 0xbb, 0xbb, 0x40, 0x09, 0xf8, 0x00, 0x00, 0x00, 0x00, 0x00,
    0x07, 0xfb, 0x00, 0x00, 0x00, 0x00, 0x00, 0x02, 0xff, 0x30, 0x00, 0x00, 0x00, 0x00, 0x00, 0x9f,
    0xd4, 0x00, 0x00, 0x36, 0x00, 0x00, 0x1b, 0xff, 0xdc, 0xce, 0xfb, 0x00, 0x00, 0x00, 0x5b, 0xdf,
    0xed, 0x94, 0x00, 0x00, 0x04, 0xa5, 0x00, 0x89, 0x10, 0x00, 0x00, 0x05, 0xe7, 0x00, 0xcd, 0x10,
    0x00, 0x00, 0x00, 0x00, 0x00, 0x00, 0x00, 0x00, 0x00, 0x00, 0x00, 0x00, 0x00, 0x00, 0x00, 0x00,
    0x00, 0x6c, 0xee, 0xc7, 0x00, 0x00, 0x00, 0x1b, 0xff, 0xcd, 0xff, 0xc1, 0x00, 0x00, 0x9f, 0xb2,
    0x00, 0x2c, 0xf8, 0x00, 0x02, 0xfe, 0x10, 0x00, 0x03, 0xfe, 0x10, 0x07, 0xfa, 0x00, 0x00, 0x00,
    0xef, 0x30, 0x09, 0xff, 0xff, 0xff, 0xff, 0xff, 0x40, 0x0a, 0xfd, 0xbb, 0xbb, 0xbb, 0xbb, 0x40,
    0x09, 0xf8, 0x00, 0x00, 0x00, 0x00, 0x00, 0x07, 0xfb, 0x00, 0x00, 0x00, 0x00, 0x00, 0x02, 0xff,
    0x30, 0x00, 0x00, 0x00, 0x00, 0x00, 0x9f, 0xd4, 0x00, 0x00, 0x36, 0x00, 0x00, 0x1b, 0xff, 0xdc,
    0xce, 0xfb, 0x00, 0x00, 0x00, 0x5b, 0xdf, 0xed, 0x94, 0x00, 0x0d, 0xfb, 0x00, 0x00, 0x3e, 0xf4,
    0x00, 0x00, 0x4f, 0xd1, 0x00, 0x00, 0x4e, 0x90, 0x00, 0x00, 0x00, 0x00, 0x00, 0xef, 0x20, 0x00,
    0x0e, 0xf2, 0x00, 0x00, 0xef, 0x20, 0x00, 0x0e, 0xf2, 0x00, 0x00, 0xef, 0x20, 0x00, 0x0e, 0xf2,
    0x00, 0x00, 0xef, 0x20, 0x00, 0x0e, 0xf2, 0x00, 0x00, 0xef, 0x20, 0x00, 0x0e, 0xf2, 0x00, 0x00,
    0xef, 0x20, 0x00, 0x0e, 0xf2, 0x00, 0x00, 0xef, 0x20, 0x00, 0x05, 0xff, 0x40, 0x00, 0xdf, 0x80,
    0x00, 0x8f, 0x90, 0x00, 0x3f, 0x90, 0x00, 0x00, 0x00, 0x00, 0x00, 0x0e, 0xf2, 0x00, 0x00, 0xef,
    0x20, 0x00, 0x0e, 0xf2, 0x00, 0x00, 0xef, 0x20, 0x00, 0x0e, 0xf2, 0x00, 0x00, 0xef, 0x20, 0x00,
    0x0e, 0xf2, 0x00, 0x00, 0xef, 0x20, 0x00, 0x0e, 0xf2, 0x00, 0x00, 0xef, 0x20, 0x00, 0x0e, 0xf2,
    0x00, 0x00, 0xef, 0x20, 0x00, 0x0e, 0xf2, 0x00, 0x00, 0x5f, 0xf8, 0x00, 0x00, 0x2e, 0xfe, 0xf4,
    0x00, 0x1c, 0xf5, 0x3e, 0xe2, 0x0a, 0xe4, 0x00, 0x2c, 0xd1, 0x00, 0x00, 0x00, 0x00, 0x00, 0x00,
    0xef, 0x20, 0x00, 0x00, 0x0e, 0xf2, 0x00, 0x00, 0x00, 0xef, 0x20, 0x00, 0x00, 0x0e, 0xf2, 0x00,
    0x00, 0x00, 0xef, 0x20, 0x00, 0x00, 0x0e, 0xf2, 0x00, 0x00, 0x00, 0xef, 0x20, 0x00, 0x00, 0x0e,
    0xf2, 0x00, 0x00, 0x00, 0xef, 0x20, 0x00, 0x00, 0x0e, 0xf2, 0x00, 0x00, 0x00, 0xef, 0x20, 0x00,
    0x00, 0x0e, 0xf2, 0x00, 0x00, 0x00, 0xef, 0x20, 0x00, 0x1a, 0x80, 0x06, 0xa3, 0x2d, 0xb0, 0x08,
    0xe4, 0x00, 0x00, 0x00, 0x00, 0x00, 0x00, 0x00, 0x00, 0x00, 0x0e, 0xf2, 0x00, 0x00, 0x0e, 0xf2,
    0x00, 0x00, 0x0e, 0xf2, 0x00, 0x00, 0x0e, 0xf2, 0x00, 0x00, 0x0e, 0xf2, 0x00, 0x00, 0x0e, 0xf2,
    0x00, 0x00, 0x0e, 0xf2, 0x00, 0x00, 0x0e, 0xf2, 0x00, 0x00, 0x0e, 0xf2, 0x00, 0x00, 0x0e, 0xf2,
    0x00, 0x00, 0x0e, 0xf2, 0x00, 0x00, 0x0e, 0xf2, 0x00, 0x00, 0x0e, 0xf2, 0x00, 0x00, 0x00, 0x18,
    0x10, 0x00, 0x51, 0x00, 0x00, 0x00, 0x07, 0xfe, 0x63, 0xbf, 0x90, 0x00, 0x00, 0x00, 0x06, 0xef,
    0xfe, 0x71, 0x00, 0x00, 0x00, 0x00, 0x7e, 0xff, 0xc1, 0x00, 0x00, 0x00, 0x01, 0xdf, 0xc4, 0xbf,
    0xb0, 0x00, 0x00, 0x00, 0x07, 0x50, 0x01, 0xdf, 0x60, 0x00, 0x00, 0x00, 0x00, 0x00, 0x03, 0xfe,
    0x10, 0x00, 0x00, 0x04, 0x9b, 0xb9, 0x39, 0xf6, 0x00, 0x00, 0x1b, 0xff, 0xff, 0xff, 0xcf, 0xb0,
    0x00, 0x0a, 0xfd, 0x51, 0x02, 0x9f, 0xff, 0x00, 0x03, 0xff, 0x20, 0x00, 0x00, 0x9f, 0xf2, 0x00,
    0x8f, 0xa0, 0x00, 0x00, 0x02, 0xff, 0x30, 0x0a, 0xf8, 0x00, 0x00, 0x00, 0x0e, 0xf3, 0x00, 0xaf,
    0x80, 0x00, 0x00, 0x00, 0xef, 0x20, 0x08, 0xfa, 0x00, 0x00, 0x00, 0x2f, 0xe0, 0x00, 0x3f, 0xe1,
    0x00, 0x00, 0x07, 0xfa, 0x00, 0x00, 0xbf, 0xb2, 0x00, 0x05, 0xff, 0x30, 0x00, 0x01, 0xcf, 0xfc,
    0xce, 0xff, 0x50, 0x00, 0x00, 0x00, 0x6b, 0xef, 0xd9, 0x30, 0x00, 0x00, 0x00, 0x01, 0xae, 0xd6,
    0x00, 0x9a, 0x00, 0x00, 0x00, 0x8f, 0xce, 0xfe, 0xcf, 0x60, 0x00, 0x00, 0x0d, 0x70, 0x18, 0xde,
    0x80, 0x00, 0x00, 0x00, 0x00, 0x00, 0x00, 0x00, 0x00, 0x00, 0x00, 0xec, 0x04, 0xbe, 0xfd, 0x92,
    0x00, 0x00, 0x0e, 0xf7, 0xfe, 0xcd, 0xff, 0xe1, 0x00, 0x00, 0xef, 0xf7, 0x00, 0x03, 0xdf, 0x80,
    0x00, 0x0e, 0xfa, 0x00, 0x00, 0x06, 0xfc, 0x00, 0x00, 0xef, 0x50, 0x00, 0x00, 0x4f, 0xd0, 0x00,
    0x0e, 0xf3, 0x00, 0x00, 0x03, 0xfd, 0x00, 0x00, 0xef, 0x20, 0x00, 0x00, 0x3f, 0xd0, 0x00, 0x0e,
    0xf2, 0x00, 0x00, 0x03, 0xfd, 0x00, 0x00, 0xef, 0x20, 0x00, 0x00, 0x3f, 0xd0, 0x00, 0x0e, 0xf2,
    0x00, 0x00, 0x03, 0xfd, 0x00, 0x00, 0xef, 0x20, 0x00, 0x00, 0x3f, 0xd0, 0x00, 0x0e, 0xf2, 0x00,
    0x00, 0x03, 0xfd, 0x00, 0x00, 0xef, 0x20, 0x00, 0x00, 0x3f, 0xd0, 0x00, 0x00, 0x00, 0xaf, 0xd0,
    0x00, 0x00, 0x00, 0x00, 0x00, 0x01, 0xdf, 0x70, 0x00, 0x00, 0x00, 0x00, 0x00, 0x02, 0xee, 0x20,
    0x00, 0x00, 0x00, 0x00, 0x00, 0x02, 0xdc, 0x00, 0x00, 0x00, 0x00, 0x00, 0x00, 0x00, 0x00, 0x00,
    0x00, 0x00, 0x00, 0x06, 0xbe, 0xfd, 0x92, 0x00, 0x00, 0x00, 0x1c, 0xff, 0xcc, 0xef, 0xe5, 0x00,
    0x00, 0x0a, 0xfc, 0x20, 0x00, 0x7f, 0xf3, 0x00, 0x03, 0xff, 0x30, 0x00, 0x00, 0xaf, 0xa0, 0x00,
    0x7f, 0xb0, 0x00, 0x00, 0x03, 0xfe, 0x00, 0x09, 0xf9, 0x00, 0x00, 0x00, 0x1f, 0xf2, 0x00, 0xaf,
    0x80, 0x00, 0x00, 0x00, 0xff, 0x30, 0x09, 0xf9, 0x00, 0x00, 0x00, 0x1f, 0xf2, 0x00, 0x7f, 0xc0,
    0x00, 0x00, 0x04, 0xfe, 0x00, 0x02, 0xff, 0x30, 0x00, 0x00, 0xaf, 0xa0, 0x00, 0x09, 0xfc, 0x20,
    0x00, 0x7f, 0xf3, 0x00, 0x00, 0x1b, 0xff, 0xcc, 0xef, 0xf5, 0x00, 0x00, 0x00, 0x06, 0xbe, 0xfd,
    0x92, 0x00, 0x00, 0x00, 0x00, 0x00, 0x03, 0xff, 0x70, 0x00, 0x00, 0x00, 0x00, 0x00, 0xbf, 0xa0,
    0x00, 0x00, 0x00, 0x00, 0x00, 0x5f, 0xb0, 0x00, 0x00, 0x00, 0x00, 0x00, 0x1e, 0xb1, 0x00, 0x00,
    0x00, 0x00, 0x00, 0x00, 0x00, 0x00, 0x00, 0x00, 0x00, 0x00, 0x06, 0xbe, 0xfd, 0x92, 0x00, 0x00,
    0x00, 0x1c, 0xff, 0xcc, 0xef, 0xe5, 0x00, 0x00, 0x0a, 0xfc, 0x20, 0x00, 0x7f, 0xf3, 0x00, 0x03,
    0xff, 0x30, 0x00, 0x00, 0xaf, 0xa0, 0x00, 0x7f, 0xb0, 0x00, 0x00, 0x03, 0xfe, 0x00, 0x09, 0xf9,
    0x00, 0x00, 0x00, 0x1f, 0xf2, 0x00, 0xaf, 0x80, 0x00, 0x00, 0x00, 0xff, 0x30, 0x09, 0xf9, 0x00,
    0x00, 0x00, 0x1f, 0xf2, 0x00, 0x7f, 0xc0, 0x00, 0x00, 0x04, 0xfe, 0x00, 0x02, 0xff, 0x30, 0x00,
    0x00, 0xaf, 0xa0, 0x00, 0x09, 0xfc, 0x20, 0x00, 0x7f, 0xf3, 0x00, 0x00, 0x1b, 0xff, 0xcc, 0xef,
    0xf5, 0x00, 0x00, 0x00, 0x06, 0xbe, 0xfd, 0x92, 0x00, 0x00, 0x00, 0x00, 0x03, 0xff, 0xb0, 0x00,
    0x00, 0x00, 0x00, 0x01, 0xcf, 0xef, 0x60, 0x00, 0x00, 0x00, 0x00, 0xaf, 0x82, 0xdf, 0x40, 0x00,
    0x00, 0x00, 0x8f, 0x60, 0x01, 0xbe, 0x30, 0x00, 0x00, 0x00, 0x00, 0x00, 0x00, 0x00, 0x00, 0x00,
    0x00, 0x06, 0xbe, 0xfd, 0x92, 0x00, 0x00, 0x00, 0x1c, 0xff, 0xcc, 0xef, 0xe5, 0x00, 0x00, 0x0a,
    0xfc, 0x20, 0x00, 0x7f, 0xf3, 0x00, 0x03, 0xff, 0x30, 0x00, 0x00, 0xaf, 0xa0, 0x00, 0x7f, 0xb0,
    0x00, 0x00, 0x03, 0xfe, 0x00, 0x09, 0xf9, 0x00, 0x00, 0x00, 0x1f, 0xf2, 0x00, 0xaf, 0x80, 0x00,
    0x00, 0x00, 0xff, 0x30, 0x09, 0xf9, 0x00, 0x00, 0x00, 0x1f, 0xf2, 0x00, 0x7f, 0xc0, 0x00, 0x00,
    0x04, 0xfe, 0x00, 0x02, 0xff, 0x30, 0x00, 0x00, 0xaf, 0xa0, 0x00, 0x09, 0xfc, 0x20, 0x00, 0x7f,
    0xf3, 0x00, 0x00, 0x1b, 0xff, 0xcc, 0xef, 0xf5, 0x00, 0x00, 0x00, 0x06, 0xbe, 0xfd, 0x92, 0x00,
    0x00, 0x00, 0x02, 0xbe, 0xc5, 0x00, 0xb8, 0x00, 0x00, 0x00, 0xbe, 0xcf, 0xfd, 0xdf, 0x30, 0x00,
    0x00, 0x1f, 0x40, 0x29, 0xee, 0x70, 0x00, 0x00, 0x00, 0x00, 0x00, 0x00, 0x00, 0x00, 0x00, 0x00,
    0x00, 0x6b, 0xef, 0xd9, 0x20, 0x00, 0x00, 0x01, 0xcf, 0xfc, 0xce, 0xfe, 0x50, 0x00, 0x00, 0xaf,
    0xc2, 0x00, 0x07, 0xff, 0x30, 0x00, 0x3f, 0xf3, 0x00, 0x00, 0x0a, 0xfa, 0x00, 0x07, 0xfb, 0x00,
    0x00, 0x00, 0x3f, 0xe0, 0x00, 0x9f, 0x90, 0x00, 0x00, 0x01, 0xff, 0x20, 0x0a, 0xf8, 0x00, 0x00,
    0x00, 0x0f, 0xf3, 0x00, 0x9f, 0x90, 0x00, 0x00, 0x01, 0xff, 0x20, 0x07, 0xfc, 0x00, 0x00, 0x00,
    0x4f, 0xe0, 0x00, 0x2f, 0xf3, 0x00, 0x00, 0x0a, 0xfa, 0x00, 0x00, 0x9f, 0xc2, 0x00, 0x07, 0xff,
    0x30, 0x00, 0x01, 0xbf, 0xfc, 0xce, 0xff, 0x50, 0x00, 0x00, 0x00, 0x6b, 0xef, 0xd9, 0x20, 0x00,
    0x00, 0x00, 0x00, 0x99, 0x00, 0x4a, 0x40, 0x00, 0x00, 0x00, 0x1d, 0xd1, 0x06, 0xe6, 0x00, 0x00,
    0x00, 0x00, 0x00, 0x00, 0x00, 0x00, 0x00, 0x00, 0x00, 0x00, 0x00, 0x00, 0x00, 0x00, 0x00, 0x00,
    0x00, 0x6b, 0xef, 0xd9, 0x20, 0x00, 0x00, 0x01, 0xcf, 0xfc, 0xce, 0xfe, 0x50, 0x00, 0x00, 0xaf,
    0xc2, 0x00, 0x07, 0xff, 0x30, 0x00, 0x3f, 0xf3, 0x00, 0x00, 0x0a, 0xfa, 0x00, 0x07, 0xfb, 0x00,
    0x00, 0x00, 0x3f, 0xe0, 0x00, 0x9f, 0x90, 0x00, 0x00, 0x01, 0xff, 0x20, 0x0a, 0xf8, 0x00, 0x00,
    0x00, 0x0f, 0xf3, 0x00, 0x9f, 0x90, 0x00, 0x00, 0x01, 0xff, 0x20, 0x07, 0xfc, 0x00, 0x00, 0x00,
    0x4f, 0xe0, 0x00, 0x2f, 0xf3, 0x00, 0x00, 0x0a, 0xfa, 0x00, 0x00, 0x9f, 0xc2, 0x00, 0x07, 0xff,
    0x30, 0x00, 0x01, 0xbf, 0xfc, 0xce, 0xff, 0x50, 0x00, 0x00, 0x00, 0x6b, 0xef, 0xd9, 0x20, 0x00,
    0x00, 0x00, 0x00, 0x03, 0xec, 0x00, 0x00, 0x00, 0x00, 0x00, 0x07, 0xff, 0x20, 0x00, 0x00, 0x00,
    0x00, 0x02, 0xca, 0x00, 0x00, 0x00, 0x00, 0x00, 0x00, 0x00, 0x00, 0x00, 0x00, 0x00, 0x00, 0x00,
    0x00, 0x00, 0x00, 0x00, 0x0c, 0xff, 0xff, 0xff, 0xff, 0xff, 0x80, 0x09, 0xbb, 0xbb, 0xbb, 0xbb,
    0xbb, 0x60, 0x00, 0x00, 0x00, 0x00, 0x00, 0x00, 0x00, 0x00, 0x00, 0x02, 0xca, 0x00, 0x00, 0x00,
    0x00, 0x00, 0x07, 0xff, 0x20, 0x00, 0x00, 0x00, 0x00, 0x03, 0xec, 0x00, 0x00, 0x00, 0x00, 0x00,
    0x00, 0x00, 0x00, 0x00, 0x00, 0x00, 0x00, 0x00, 0x00, 0x00, 0x00, 0x00, 0x00, 0x00, 0x00, 0x00,
    0x00, 0x00, 0x00, 0x00, 0x00, 0x00, 0x00, 0x00, 0x03, 0x00, 0x00, 0x00, 0x06, 0xbe, 0xed, 0x86,
    0xf8, 0x00, 0x00, 0x1c, 0xff, 0xcc, 0xef, 0xfe, 0x20, 0x00, 0x0a, 0xfc, 0x20, 0x01, 0xdf, 0xe2,
    0x00, 0x03, 0xff, 0x30, 0x00, 0x7f, 0xef, 0x90, 0x00, 0x7f, 0xb0, 0x00, 0x3f, 0xd4, 0xfe, 0x00,
    0x09, 0xf9, 0x00, 0x1d, 0xe3, 0x1f, 0xf2, 0x00, 0xaf, 0x80, 0x0b, 0xf6, 0x00, 0xff, 0x30, 0x09,
    0xf9, 0x07, 0xf9, 0x00, 0x1f, 0xf2, 0x00, 0x7f, 0xb3, 0xfd, 0x10, 0x03, 0xff, 0x00, 0x02, 0xff,
    0xde, 0x30, 0x00, 0xaf, 0xa0, 0x00, 0x09, 0xff, 0x70, 0x00, 0x6f, 0xf3, 0x00, 0x00, 0x6f, 0xff,
    0xdc, 0xef, 0xf6, 0x00, 0x00, 0x1e, 0xd6, 0xbe, 0xfd, 0x93, 0x00, 0x00, 0x00, 0x23, 0x00, 0x00,
    0x00, 0x00, 0x00, 0x00, 0x00, 0x00, 0x8f, 0xe1, 0x00, 0x00, 0x00, 0x00, 0x00, 0x00, 0xbf, 0x90,
    0x00, 0x00, 0x00, 0x00, 0x00, 0x01, 0xcf, 0x40, 0x00, 0x00, 0x00, 0x00, 0x00, 0x01, 0xcd, 0x00,
    0x00, 0x00, 0x00, 0x00, 0x00, 0x00, 0x00, 0x00, 0x00, 0x00, 0x2f, 0xf0, 0x00, 0x00, 0x05, 0xfc,
    0x00, 0x02, 0xff, 0x00, 0x00, 0x00, 0x5f, 0xc0, 0x00, 0x2f, 0xf0, 0x00, 0x00, 0x05, 0xfc, 0x00,
    0x02, 0xff, 0x00, 0x00, 0x00, 0x5f, 0xc0, 0x00, 0x2f, 0xf0, 0x00, 0x00, 0x05, 0xfc, 0x00, 0x02,
    0xff, 0x00, 0x00, 0x00, 0x5f, 0xc0, 0x00, 0x2f, 0xf0, 0x00, 0x00, 0x05, 0xfc, 0x00, 0x02, 0xff,
    0x00, 0x00, 0x00, 0x5f, 0xc0, 0x00, 0x1f, 0xf1, 0x00, 0x00, 0x08, 0xfc, 0x00, 0x00, 0xff, 0x40,
    0x00, 0x00, 0xdf, 0xc0, 0x00, 0x0c, 0xfc, 0x10, 0x01, 0x9f, 0xfc, 0x00, 0x00, 0x4f, 0xfe, 0xcc,
    0xef, 0x7f, 0xc0, 0x00, 0x00, 0x3a, 0xef, 0xea, 0x30, 0xfc, 0x00, 0x00, 0x00, 0x00, 0x01, 0xef,
    0x90, 0x00, 0x00, 0x00, 0x00, 0x00, 0x9f, 0xc1, 0x00, 0x00, 0x00, 0x00, 0x00, 0x3f, 0xd1, 0x00,
    0x00, 0x00, 0x00, 0x00, 0x0d, 0xc1, 0x00, 0x00, 0x00, 0x00, 0x00, 0x00, 0x00, 0x00, 0x00, 0x00,
    0x00, 0x2f, 0xf0, 0x00, 0x00, 0x05, 0xfc, 0x00, 0x02, 0xff, 0x00, 0x00, 0x00, 0x5f, 0xc0, 0x00,
    0x2f, 0xf0, 0x00, 0x00, 0x05, 0xfc, 0x00, 0x02, 0xff, 0x00, 0x00, 0x00, 0x5f, 0xc0, 0x00, 0x2f,
    0xf0, 0x00, 0x00, 0x05, 0xfc, 0x00, 0x02, 0xff, 0x00, 0x00, 0x00, 0x5f, 0xc0, 0x00, 0x2f, 0xf0,
    0x00, 0x00, 0x05, 0xfc, 0x00, 0x02, 0xff, 0x00, 0x00, 0x00, 0x5f, 0xc0, 0x00, 0x1f, 0xf1, 0x00,
    0x00, 0x08, 0xfc, 0x00, 0x00, 0xff, 0x40, 0x00, 0x00, 0xdf, 0xc0, 0x00, 0x0c, 0xfc, 0x10, 0x01,
    0x9f, 0xfc, 0x00, 0x00, 0x4f, 0xfe, 0xcc, 0xef, 0x7f, 0xc0, 0x00, 0x00, 0x3a, 0xef, 0xea, 0x30,
    0xfc, 0x00, 0x00, 0x00, 0x01, 0xef, 0xc0, 0x00, 0x00, 0x00, 0x00, 0x00, 0xaf, 0xef, 0x90, 0x00,
    0x00, 0x00, 0x00, 0x8f, 0xa1, 0xbf, 0x60, 0x00, 0x00, 0x00, 0x5f, 0x80, 0x01, 0x9f, 0x40, 0x00,
    0x00, 0x00, 0x00, 0x00, 0x00, 0x00, 0x00, 0x00, 0x2f, 0xf0, 0x00, 0x00, 0x05, 0xfc, 0x00, 0x02,
    0xff, 0x00, 0x00, 0x00, 0x5f, 0xc0, 0x00, 0x2f, 0xf0, 0x00, 0x00, 0x05, 0xfc, 0x00, 0x02, 0xff,
    0x00, 0x00, 0x00, 0x5f, 0xc0, 0x00, 0x2f, 0xf0, 0x00, 0x00, 0x05, 0xfc, 0x00, 0x02, 0xff, 0x00,
    0x00, 0x00, 0x5f, 0xc0, 0x00, 0x2f, 0xf0, 0x00, 0x00, 0x05, 0xfc, 0x00, 0x02, 0xff, 0x00, 0x00,
    0x00, 0x5f, 0xc0, 0x00, 0x1f, 0xf1, 0x00, 0x00, 0x08, 0xfc, 0x00, 0x00, 0xff, 0x40, 0x00, 0x00,
    0xdf, 0xc0, 0x00, 0x0c, 0xfc, 0x10, 0x01, 0x9f, 0xfc, 0x00, 0x00, 0x4f, 0xfe, 0xcc, 0xef, 0x7f,
    0xc0, 0x00, 0x00, 0x3a, 0xef, 0xea, 0x30, 0xfc, 0x00, 0x00, 0x00, 0x8a, 0x10, 0x3a, 0x60, 0x00,
    0x00, 0x00, 0x0b, 0xd2, 0x04, 0xe8, 0x00, 0x00, 0x00, 0x00, 0x00, 0x00, 0x00, 0x00, 0x00, 0x00,
    0x00, 0x00, 0x00, 0x00, 0x00, 0x00, 0x00, 0x02, 0xff, 0x00, 0x00, 0x00, 0x5f, 0xc0, 0x00, 0x2f,
    0xf0, 0x00, 0x00, 0x05, 0xfc, 0x00, 0x02, 0xff, 0x00, 0x00, 0x00, 0x5f, 0xc0, 0x00, 0x2f, 0xf0,
    0x00, 0x00, 0x05, 0xfc, 0x00, 0x02, 0xff, 0x00, 0x00, 0x00, 0x5f, 0xc0, 0x00, 0x2f, 0xf0, 0x00,
    0x00, 0x05, 0xfc, 0x00, 0x02, 0xff, 0x00, 0x00, 0x00, 0x5f, 0xc0, 0x00, 0x2f, 0xf0, 0x00, 0x00,
    0x05, 0xfc, 0x00, 0x01, 0xff, 0x10, 0x00, 0x00, 0x8f, 0xc0, 0x00, 0x0f, 0xf4, 0x00, 0x00, 0x0d,
    0xfc, 0x00, 0x00, 0xcf, 0xc1, 0x00, 0x19, 0xff, 0xc0, 0x00, 0x04, 0xff, 0xec, 0xce, 0xf7, 0xfc,
    0x00, 0x00, 0x03, 0xae, 0xfe, 0xa3, 0x0f, 0xc0, 0x00, 0x00, 0x00, 0x00, 0x5f, 0xf5, 0x00, 0x00,
    0x00, 0x00, 0x0d, 0xf8, 0x00, 0x00, 0x00, 0x00, 0x08, 0xf9, 0x00, 0x00, 0x00, 0x00, 0x03, 0xf9,
    0x00, 0x00, 0x00, 0x00, 0x00, 0x00, 0x00, 0x00, 0x00, 0x0c, 0xf7, 0x00, 0x00, 0x00, 0x3f, 0xf1,
    0x6f, 0xd0, 0x00, 0x00, 0x09, 0xfa, 0x01, 0xef, 0x30, 0x00, 0x00, 0xef, 0x50, 0x09, 0xf9, 0x00,
    0x00, 0x4f, 0xe0, 0x00, 0x3f, 0xe0, 0x00, 0x09, 0xf9, 0x00, 0x00, 0xcf, 0x50, 0x00, 0xef, 0x30,
    0x00, 0x07, 0xfa, 0x00, 0x5f, 0xc0, 0x00, 0x00, 0x1f, 0xf1, 0x0a, 0xf7, 0x00, 0x00, 0x00, 0xaf,
    0x60, 0xef, 0x10, 0x00, 0x00, 0x04, 0xfb, 0x4f, 0xb0, 0x00, 0x00, 0x00, 0x0d, 0xe9, 0xf5, 0x00,
    0x00, 0x00, 0x00, 0x7f, 0xfe, 0x00, 0x00, 0x00, 0x00, 0x02, 0xff, 0x90, 0x00, 0x00, 0x00, 0x00,
    0x0e, 0xf3, 0x00, 0x00, 0x00, 0x00, 0x04, 0xfd, 0x00, 0x00, 0x00, 0x00, 0x00, 0xbf, 0x70, 0x00,
    0x00, 0x00, 0x00, 0x7f, 0xe1, 0x00, 0x00, 0x00, 0x9b, 0xdf, 0xf4, 0x00, 0x00, 0x00, 0x0a, 0xfe,
    0xc4, 0x00, 0x00, 0x00, 0x00, 0x00, 0xef, 0x20, 0x00, 0x00, 0x00, 0x00, 0x00, 0x0e, 0xf2, 0x00,
    0x00, 0x00, 0x00, 0x00, 0x00, 0xef, 0x20, 0x00, 0x00, 0x00, 0x00, 0x00, 0x0e, 0xf2, 0x00, 0x00,
    0x00, 0x00, 0x00, 0x00, 0xef, 0x20, 0x00, 0x00, 0x00, 0x00, 0x00, 0x0e, 0xf2, 0x4b, 0xee, 0xc7,
    0x00, 0x00, 0x00, 0xef, 0x7f, 0xec, 0xcf, 0xfb, 0x10, 0x00, 0x0e, 0xff, 0x60, 0x00, 0x3d, 0xf8,
    0x00, 0x00, 0xef, 0xa0, 0x00, 0x00, 0x4f, 0xe1, 0x00, 0x0e, 0xf5, 0x00, 0x00, 0x00, 0xef, 0x40,
    0x00, 0xef, 0x30, 0x00, 0x00, 0x0c, 0xf6, 0x00, 0x0e, 0xf2, 0x00, 0x00, 0x00, 0xbf, 0x60, 0x00,
    0xef, 0x30, 0x00, 0x00, 0x0c, 0xf6, 0x00, 0x0e, 0xf5, 0x00, 0x00, 0x00, 0xef, 0x40, 0x00, 0xef,
    0xa0, 0x00, 0x00, 0x5f, 0xe1, 0x00, 0x0e, 0xff, 0x60, 0x00, 0x3d, 0xf8, 0x00, 0x00, 0xef, 0x8f,
    0xec, 0xcf, 0xfb, 0x10, 0x00, 0x0e, 0xf2, 0x5b, 0xef, 0xc7, 0x00, 0x00, 0x00, 0xef, 0x20, 0x00,
    0x00, 0x00, 0x00, 0x00, 0x0e, 0xf2, 0x00, 0x00, 0x00, 0x00, 0x00, 0x00, 0xef, 0x20, 0x00, 0x00,
    0x00, 0x00, 0x00, 0x0e, 0xf2, 0x00, 0x00, 0x00, 0x00, 0x00, 0x00, 0xef, 0x20, 0x00, 0x00, 0x00,
    0x00, 0x00, 0x0e, 0xf2, 0x00, 0x00, 0x00, 0x00, 0x00, 0x00, 0x1a, 0x80, 0x06, 0xa3, 0x00, 0x00,
    0x02, 0xdb, 0x00, 0x8e, 0x40, 0x00, 0x00, 0x00, 0x00, 0x00, 0x00, 0x00, 0x00, 0x00, 0x00, 0x00,
    0x00, 0x00, 0x00, 0xcf, 0x70, 0x00, 0x00, 0x03, 0xff, 0x16, 0xfd, 0x00, 0x00, 0x00, 0x9f, 0xa0,
    0x1e, 0xf3, 0x00, 0x00, 0x0e, 0xf5, 0x00, 0x9f, 0x90, 0x00, 0x04, 0xfe, 0x00, 0x03, 0xfe, 0x00,
    0x00, 0x9f, 0x90, 0x00, 0x0c, 0xf5, 0x00, 0x0e, 0xf3, 0x00, 0x00, 0x7f, 0xa0, 0x05, 0xfc, 0x00,
    0x00, 0x01, 0xff, 0x10, 0xaf, 0x70, 0x00, 0x00, 0x0a, 0xf6, 0x0e, 0xf1, 0x00, 0x00, 0x00, 0x4f,
    0xb4, 0xfb, 0x00, 0x00, 0x00, 0x00, 0xde, 0x9f, 0x50, 0x00, 0x00, 0x00, 0x07, 0xff, 0xe0, 0x00,
    0x00, 0x00, 0x00, 0x2f, 0xf9, 0x00, 0x00, 0x00, 0x00, 0x00, 0xef, 0x30, 0x00, 0x00, 0x00, 0x00,
    0x4f, 0xd0, 0x00, 0x00, 0x00, 0x00, 0x0b, 0xf7, 0x00, 0x00, 0x00, 0x00, 0x07, 0xfe, 0x10, 0x00,
    0x00, 0x09, 0xbd, 0xff, 0x40, 0x00, 0x00, 0x00, 0xaf, 0xec, 0x40, 0x00, 0x00, 0x00, 0x00, 0x1b,
    0xbb, 0xbb, 0x90, 0x1f, 0xff, 0xff, 0xc0, 0x00, 0x00, 0x00, 0x00, 0x00, 0x00, 0x00, 0x00, 0x00,
    0x00, 0x00, 0x00, 0x00, 0x00, 0x00, 0x00, 0x00, 0x00, 0x00, 0x00, 0x1b, 0xbb, 0xbb, 0x90, 0x1f,
    0xff, 0xff, 0xc0, 0x00, 0x00, 0x00, 0x00, 0x00, 0x00, 0x00, 0x00, 0x00, 0x00, 0x00, 0x00, 0x00,
    0x00, 0x00, 0x00, 0x00, 0x00, 0x00, 0x00, 0x1b, 0xbb, 0xbb, 0xbb, 0xbb, 0xb1, 0x1f, 0xff, 0xff,
    0xff, 0xff, 0xf1, 0x00, 0x00, 0x00, 0x00, 0x00, 0x00, 0x00, 0x00, 0x00, 0x00, 0x00, 0x00, 0x00,
    0x00, 0x00, 0x00, 0x00, 0x00, 0x00, 0x00, 0x00, 0x00, 0x00, 0x00, 0x00, 0x00, 0x00, 0x00, 0x00,
    0x00, 0x1b, 0xbb, 0xbb, 0xbb, 0xbb, 0xbb, 0xbb, 0xbb, 0xbb, 0xbb, 0xbb, 0xb1, 0x1f, 0xff, 0xff,
    0xff, 0xff, 0xff, 0xff, 0xff, 0xff, 0xff, 0xff, 0xf1, 0x00, 0x00, 0x00, 0x00, 0x00, 0x00, 0x00,
    0x00, 0x00, 0x00, 0x00, 0x00, 0x00, 0x00, 0x00, 0x00, 0x00, 0x00, 0x00, 0x00, 0x00, 0x00, 0x00,
    0x00, 0x00, 0x00, 0x00, 0x00, 0x00, 0x00, 0x00, 0x00, 0x00, 0x00, 0x00, 0x00, 0x00, 0x00, 0x00,
    0x00, 0x00, 0x00, 0x00, 0x00, 0x00, 0x00, 0x00, 0x00, 0x00, 0x00, 0x00, 0x00, 0x00, 0x00, 0x00,
    0x00, 0x00, 0x00, 0x00, 0x00, 0x00, 0xdc, 0x04, 0xf8, 0x0a, 0xf5, 0x1e, 0xf2, 0x5f, 0xe0, 0x9f,
    0xc0, 0x00, 0x00, 0x00, 0x00, 0x00, 0x00, 0x00, 0x00, 0x00, 0x00, 0x00, 0x00, 0x00, 0x00, 0x00,
    0x00, 0x00, 0x00, 0x00, 0x00, 0x00, 0x00, 0x09, 0xfc, 0x0b, 0xf8, 0x0e, 0xf3, 0x2f, 0xd0, 0x6f,
    0x70, 0x9f, 0x10, 0x00, 0x00, 0x00, 0x00, 0x00, 0x00, 0x00, 0x00, 0x00, 0x00, 0x00, 0x00, 0x00,
    0x00, 0x00, 0x00, 0x00, 0x00, 0x00, 0x00, 0x00, 0x00, 0x02, 0xff, 0x40, 0x05, 0xff, 0x10, 0x07,
    0xfa, 0x00, 0x0a, 0xf5, 0x00, 0x0e, 0xe0, 0x00, 0x2f, 0x80, 0x00, 0x00, 0xdc, 0x00, 0x7f, 0x30,
    0x4f, 0x80, 0x0d, 0xf0, 0x0a, 0xf5, 0x04, 0xfc, 0x01, 0xef, 0x20, 0x9f, 0x80, 0x5f, 0xe0, 0x0e,
    0xf6, 0x09, 0xfc, 0x03, 0xff, 0x30, 0x00, 0x00, 0x00, 0x00, 0x00, 0x00, 0x00, 0x00, 0x00, 0x00,
    0x00, 0x00, 0x00, 0x00, 0x00, 0x00, 0x00, 0x00, 0x00, 0x00, 0x00, 0x00, 0x00, 0x00, 0x00, 0x00,
    0x00, 0x00, 0x00, 0x00, 0x00, 0x00, 0x00, 0x00, 0x00, 0x00, 0x00, 0x00, 0x00, 0x00, 0x00, 0x00,
    0x00, 0x00, 0x00, 0x00, 0x00, 0x00, 0x00, 0x00, 0x09, 0xfc, 0x03, 0xff, 0x30, 0xcf, 0x80, 0x5f,
    0xe0, 0x0e, 0xf3, 0x08, 0xfa, 0x03, 0xfd, 0x00, 0xbf, 0x40, 0x6f, 0x70, 0x0e, 0xd0, 0x09, 0xf1,
    0x03, 0xf7, 0x00, 0x00, 0x00, 0x00, 0x00, 0x00, 0x00, 0x00, 0x00, 0x00, 0x00, 0x00, 0x00, 0x00,
    0x00, 0x00, 0x00, 0x00, 0x00, 0x00, 0x00, 0x00, 0x00, 0x00, 0x00, 0x00, 0x00, 0x00, 0x00, 0x00,
    0x00, 0x00, 0x00, 0x00, 0x00, 0x00, 0x00, 0x00, 0x00, 0x00, 0x00, 0x00, 0x00, 0x00, 0x00, 0x00,
    0x00, 0x00, 0x00, 0x00, 0x00, 0x03, 0xff, 0x40, 0xbf, 0xa0, 0x05, 0xfe, 0x00, 0xef, 0x60, 0x08,
    0xfa, 0x01, 0xff, 0x20, 0x0b, 0xf4, 0x05, 0xfb, 0x00, 0x0e, 0xd0, 0x08, 0xf5, 0x00, 0x2f, 0x70,
    0x0b, 0xe0, 0x00, 0x00, 0x3c, 0xec, 0x30, 0x00, 0x0d, 0xff, 0xfd, 0x00, 0x01, 0xff, 0xff, 0xf2,
    0x00, 0x1f, 0xff, 0xff, 0x10, 0x00, 0xdf, 0xff, 0xd0, 0x00, 0x03, 0xce, 0xc3, 0x00, 0x00, 0x00,
    0x00, 0x00, 0x00, 0x00, 0x00, 0x00, 0x00, 0x00, 0x00, 0x00, 0x00, 0x00, 0x00, 0x00, 0x00, 0x00,
    0x00, 0x00, 0x00, 0x00, 0x00, 0x00, 0x00, 0x00, 0x00, 0x01, 0xce, 0x50, 0x00, 0x9e, 0x90, 0x00,
    0x5e, 0xc1, 0x00, 0x3f, 0xfa, 0x00, 0x0e, 0xfe, 0x00, 0x0a, 0xff, 0x30, 0x01, 0xce, 0x50, 0x00,
    0x9e, 0x80, 0x00, 0x5e, 0xc1, 0x00, 0x00, 0x00, 0x02, 0x8c, 0xee, 0xda, 0x60, 0x00, 0x00, 0x4e,
    0xff, 0xcc, 0xef, 0xf3, 0x00, 0x03, 0xef, 0x81, 0x00, 0x04, 0x60, 0x00, 0x0b, 0xf9, 0x00, 0x00,
    0x00, 0x00, 0x00, 0x2f, 0xf1, 0x00, 0x00, 0x00, 0x00, 0x00, 0x6f, 0xb0, 0x00, 0x00, 0x00, 0x00,
    0x7f, 0xff, 0xff, 0xff, 0xff, 0x70, 0x00, 0x48, 0xdf, 0xb8, 0x88, 0x88, 0x40, 0x00, 0x00, 0xbf,
    0x60, 0x00, 0x00, 0x00, 0x00, 0x48, 0xdf, 0xb8, 0x88, 0x86, 0x00, 0x00, 0x7f, 0xff, 0xff, 0xff,
    0xfb, 0x00, 0x00, 0x00, 0x6f, 0xc0, 0x00, 0x00, 0x00, 0x00, 0x00, 0x2f, 0xf2, 0x00, 0x00, 0x00,
    0x00, 0x00, 0x0a, 0xfb, 0x00, 0x00, 0x00, 0x00, 0x00, 0x02, 0xef, 0x91, 0x00, 0x01, 0x50, 0x00,
    0x00, 0x4e, 0xff, 0xcc, 0xdf, 0xd0, 0x00, 0x00, 0x01, 0x8c, 0xef, 0xeb, 0x60, 0x00, 0xbf, 0xff,
    0xff, 0xff, 0xff, 0x20, 0x00, 0xb9, 0x33, 0x33, 0x33, 0x4f, 0x20, 0x00, 0xb7, 0x00, 0x00, 0x00,
    0x2f, 0x20, 0x00, 0xb7, 0x00, 0x00, 0x00, 0x2f, 0x20, 0x00, 0xb7, 0x00, 0x00, 0x00, 0x2f, 0x20,
    0x00, 0xb7, 0x00, 0x00, 0x00, 0x2f, 0x20, 0x00, 0xb7, 0x00, 0x00, 0x00, 0x2f, 0x20, 0x00, 0xb7,
    0x00, 0x00, 0x00, 0x2f, 0x20, 0x00, 0xb7, 0x00, 0x00, 0x00, 0x2f, 0x20, 0x00, 0xb7, 0x00, 0x00,
    0x00, 0x2f, 0x20, 0x00, 0xb7, 0x00, 0x00, 0x00, 0x2f, 0x20, 0x00, 0xb7, 0x00, 0x00, 0x00, 0x2f,
    0x20, 0x00, 0xb7, 0x00, 0x00, 0x00, 0x2f, 0x20, 0x00, 0xb7, 0x00, 0x00, 0x00, 0x2f, 0x20, 0x00,
    0xb7, 0x00, 0x00, 0x00, 0x2f, 0x20, 0x00, 0xb7, 0x00, 0x00, 0x00, 0x2f, 0x20, 0x00, 0xbf, 0xff,
    0xff, 0xff, 0xff, 0x20, 0x00, 0x23, 0x33, 0x33, 0x33, 0x33, 0x00,
};

static const lv_font_fmt_txt_glyph_dsc_t rsvp_unicode_24_glyphs[] = {
    {.bitmap_index=0,.adv_w=0,.box_w=0,.box_h=0,.ofs_x=0,.ofs_y=0},
    {.bitmap_index=0,.adv_w=96,.box_w=0,.box_h=0,.ofs_x=0,.ofs_y=0},
    {.bitmap_index=0,.adv_w=96,.box_w=6,.box_h=17,.ofs_x=0,.ofs_y=-4},
    {.bitmap_index=51,.adv_w=224,.box_w=14,.box_h=17,.ofs_x=0,.ofs_y=0},
    {.bitmap_index=170,.adv_w=224,.box_w=14,.box_h=17,.ofs_x=0,.ofs_y=0},
    {.bitmap_index=289,.adv_w=224,.box_w=14,.box_h=14,.ofs_x=0,.ofs_y=0},
    {.bitmap_index=387,.adv_w=224,.box_w=14,.box_h=17,.ofs_x=0,.ofs_y=0},
    {.bitmap_index=506,.adv_w=208,.box_w=13,.box_h=24,.ofs_x=0,.ofs_y=-6},
    {.bitmap_index=662,.adv_w=192,.box_w=12,.box_h=18,.ofs_x=0,.ofs_y=0},
    {.bitmap_index=770,.adv_w=224,.box_w=14,.box_h=17,.ofs_x=0,.ofs_y=0},
    {.bitmap_index=889,.adv_w=320,.box_w=20,.box_h=18,.ofs_x=0,.ofs_y=0},
    {.bitmap_index=1069,.adv_w=144,.box_w=9,.box_h=17,.ofs_x=0,.ofs_y=0},
    {.bitmap_index=1146,.adv_w=192,.box_w=12,.box_h=12,.ofs_x=0,.ofs_y=0},
    {.bitmap_index=1218,.adv_w=224,.box_w=14,.box_h=10,.ofs_x=0,.ofs_y=0},
    {.bitmap_index=1288,.adv_w=128,.box_w=8,.box_h=7,.ofs_x=0,.ofs_y=0},
    {.bitmap_index=1316,.adv_w=320,.box_w=20,.box_h=18,.ofs_x=0,.ofs_y=0},
    {.bitmap_index=1496,.adv_w=192,.box_w=14,.box_h=20,.ofs_x=-1,.ofs_y=0},
    {.bitmap_index=1636,.adv_w=160,.box_w=10,.box_h=18,.ofs_x=0,.ofs_y=0},
    {.bitmap_index=1726,.adv_w=224,.box_w=14,.box_h=14,.ofs_x=0,.ofs_y=0},
    {.bitmap_index=1824,.adv_w=128,.box_w=8,.box_h=21,.ofs_x=0,.ofs_y=0},
    {.bitmap_index=1908,.adv_w=128,.box_w=8,.box_h=21,.ofs_x=0,.ofs_y=0},
    {.bitmap_index=1992,.adv_w=112,.box_w=7,.box_h=18,.ofs_x=0,.ofs_y=0},
    {.bitmap_index=2055,.adv_w=240,.box_w=15,.box_h=19,.ofs_x=0,.ofs_y=-6},
    {.bitmap_index=2198,.adv_w=256,.box_w=16,.box_h=22,.ofs_x=0,.ofs_y=-4},
    {.bitmap_index=2374,.adv_w=96,.box_w=6,.box_h=10,.ofs_x=0,.ofs_y=0},
    {.bitmap_index=2404,.adv_w=80,.box_w=6,.box_h=7,.ofs_x=0,.ofs_y=-6},
    {.bitmap_index=2425,.adv_w=128,.box_w=8,.box_h=20,.ofs_x=0,.ofs_y=0},
    {.bitmap_index=2505,.adv_w=144,.box_w=9,.box_h=17,.ofs_x=0,.ofs_y=0},
    {.bitmap_index=2582,.adv_w=192,.box_w=12,.box_h=12,.ofs_x=0,.ofs_y=0},
    {.bitmap_index=2654,.adv_w=288,.box_w=18,.box_h=17,.ofs_x=0,.ofs_y=0},
    {.bitmap_index=2807,.adv_w=304,.box_w=19,.box_h=17,.ofs_x=0,.ofs_y=0},
    {.bitmap_index=2969,.adv_w=304,.box_w=19,.box_h=18,.ofs_x=0,.ofs_y=0},
    {.bitmap_index=3140,.adv_w=160,.box_w=11,.box_h=17,.ofs_x=0,.ofs_y=-4},
    {.bitmap_index=3234,.adv_w=240,.box_w=16,.box_h=22,.ofs_x=0,.ofs_y=0},
    {.bitmap_index=3410,.adv_w=240,.box_w=16,.box_h=22,.ofs_x=0,.ofs_y=0},
    {.bitmap_index=3586,.adv_w=240,.box_w=16,.box_h=22,.ofs_x=0,.ofs_y=0},
    {.bitmap_index=3762,.adv_w=240,.box_w=16,.box_h=21,.ofs_x=0,.ofs_y=0},
    {.bitmap_index=3930,.adv_w=240,.box_w=16,.box_h=21,.ofs_x=0,.ofs_y=0},
    {.bitmap_index=4098,.adv_w=240,.box_w=16,.box_h=21,.ofs_x=0,.ofs_y=0},
    {.bitmap_index=4266,.adv_w=336,.box_w=22,.box_h=17,.ofs_x=-1,.ofs_y=0},
    {.bitmap_index=4453,.adv_w=240,.box_w=15,.box_h=23,.ofs_x=0,.ofs_y=-6},
    {.bitmap_index=4626,.adv_w=208,.box_w=13,.box_h=22,.ofs_x=0,.ofs_y=0},
    {.bitmap_index=4769,.adv_w=208,.box_w=13,.box_h=22,.ofs_x=0,.ofs_y=0},
    {.bitmap_index=4912,.adv_w=208,.box_w=13,.box_h=22,.ofs_x=0,.ofs_y=0},
    {.bitmap_index=5055,.adv_w=208,.box_w=13,.box_h=21,.ofs_x=0,.ofs_y=0},
    {.bitmap_index=5192,.adv_w=128,.box_w=8,.box_h=22,.ofs_x=0,.ofs_y=0},
    {.bitmap_index=5280,.adv_w=128,.box_w=8,.box_h=22,.ofs_x=0,.ofs_y=0},
    {.bitmap_index=5368,.adv_w=128,.box_w=9,.box_h=22,.ofs_x=0,.ofs_y=0},
    {.bitmap_index=5467,.adv_w=128,.box_w=8,.box_h=21,.ofs_x=0,.ofs_y=0},
    {.bitmap_index=5551,.adv_w=288,.box_w=18,.box_h=17,.ofs_x=0,.ofs_y=0},
    {.bitmap_index=5704,.adv_w=288,.box_w=18,.box_h=21,.ofs_x=0,.ofs_y=0},
    {.bitmap_index=5893,.adv_w=304,.box_w=19,.box_h=22,.ofs_x=0,.ofs_y=0},
    {.bitmap_index=6102,.adv_w=304,.box_w=19,.box_h=22,.ofs_x=0,.ofs_y=0},
    {.bitmap_index=6311,.adv_w=304,.box_w=19,.box_h=22,.ofs_x=0,.ofs_y=0},
    {.bitmap_index=6520,.adv_w=304,.box_w=19,.box_h=21,.ofs_x=0,.ofs_y=0},
    {.bitmap_index=6720,.adv_w=304,.box_w=19,.box_h=21,.ofs_x=0,.ofs_y=0},
    {.bitmap_index=6920,.adv_w=224,.box_w=14,.box_h=14,.ofs_x=0,.ofs_y=0},
    {.bitmap_index=7018,.adv_w=304,.box_w=19,.box_h=19,.ofs_x=0,.ofs_y=-1},
    {.bitmap_index=7199,.adv_w=288,.box_w=18,.box_h=22,.ofs_x=0,.ofs_y=0},
    {.bitmap_index=7397,.adv_w=288,.box_w=18,.box_h=22,.ofs_x=0,.ofs_y=0},
    {.bitmap_index=7595,.adv_w=288,.box_w=18,.box_h=22,.ofs_x=0,.ofs_y=0},
    {.bitmap_index=7793,.adv_w=288,.box_w=18,.box_h=21,.ofs_x=0,.ofs_y=0},
    {.bitmap_index=7982,.adv_w=224,.box_w=14,.box_h=22,.ofs_x=0,.ofs_y=0},
    {.bitmap_index=8136,.adv_w=240,.box_w=15,.box_h=17,.ofs_x=0,.ofs_y=0},
    {.bitmap_index=8264,.adv_w=240,.box_w=15,.box_h=18,.ofs_x=0,.ofs_y=0},
    {.bitmap_index=8399,.adv_w=208,.box_w=13,.box_h=18,.ofs_x=0,.ofs_y=0},
    {.bitmap_index=8516,.adv_w=208,.box_w=13,.box_h=18,.ofs_x=0,.ofs_y=0},
    {.bitmap_index=8633,.adv_w=208,.box_w=13,.box_h=18,.ofs_x=0,.ofs_y=0},
    {.bitmap_index=8750,.adv_w=208,.box_w=13,.box_h=17,.ofs_x=0,.ofs_y=0},
    {.bitmap_index=8861,.adv_w=208,.box_w=13,.box_h=17,.ofs_x=0,.ofs_y=0},
    {.bitmap_index=8972,.adv_w=208,.box_w=13,.box_h=20,.ofs_x=0,.ofs_y=0},
    {.bitmap_index=9102,.adv_w=336,.box_w=21,.box_h=13,.ofs_x=0,.ofs_y=0},
    {.bitmap_index=9239,.adv_w=192,.box_w=12,.box_h=19,.ofs_x=0,.ofs_y=-6},
    {.bitmap_index=9353,.adv_w=224,.box_w=14,.box_h=18,.ofs_x=0,.ofs_y=0},
    {.bitmap_index=9479,.adv_w=224,.box_w=14,.box_h=18,.ofs_x=0,.ofs_y=0},
    {.bitmap_index=9605,.adv_w=224,.box_w=14,.box_h=18,.ofs_x=0,.ofs_y=0},
    {.bitmap_index=9731,.adv_w=224,.box_w=14,.box_h=17,.ofs_x=0,.ofs_y=0},
    {.bitmap_index=9850,.adv_w=96,.box_w=7,.box_h=18,.ofs_x=-1,.ofs_y=0},
    {.bitmap_index=9913,.adv_w=96,.box_w=7,.box_h=18,.ofs_x=0,.ofs_y=0},
    {.bitmap_index=9976,.adv_w=96,.box_w=9,.box_h=18,.ofs_x=-1,.ofs_y=0},
    {.bitmap_index=10057,.adv_w=96,.box_w=8,.box_h=17,.ofs_x=-1,.ofs_y=0},
    {.bitmap_index=10125,.adv_w=240,.box_w=15,.box_h=19,.ofs_x=0,.ofs_y=0},
    {.bitmap_index=10268,.adv_w=240,.box_w=15,.box_h=17,.ofs_x=0,.ofs_y=0},
    {.bitmap_index=10396,.adv_w=240,.box_w=15,.box_h=18,.ofs_x=0,.ofs_y=0},
    {.bitmap_index=10531,.adv_w=240,.box_w=15,.box_h=18,.ofs_x=0,.ofs_y=0},
    {.bitmap_index=10666,.adv_w=240,.box_w=15,.box_h=18,.ofs_x=0,.ofs_y=0},
    {.bitmap_index=10801,.adv_w=240,.box_w=15,.box_h=17,.ofs_x=0,.ofs_y=0},
    {.bitmap_index=10929,.adv_w=240,.box_w=15,.box_h=17,.ofs_x=0,.ofs_y=0},
    {.bitmap_index=11057,.adv_w=224,.box_w=14,.box_h=14,.ofs_x=0,.ofs_y=0},
    {.bitmap_index=11155,.adv_w=240,.box_w=15,.box_h=15,.ofs_x=0,.ofs_y=-1},
    {.bitmap_index=11268,.adv_w=240,.box_w=15,.box_h=18,.ofs_x=0,.ofs_y=0},
    {.bitmap_index=11403,.adv_w=240,.box_w=15,.box_h=18,.ofs_x=0,.ofs_y=0},
    {.bitmap_index=11538,.adv_w=240,.box_w=15,.box_h=18,.ofs_x=0,.ofs_y=0},
    {.bitmap_index=11673,.adv_w=240,.box_w=15,.box_h=17,.ofs_x=0,.ofs_y=0},
    {.bitmap_index=11801,.adv_w=192,.box_w=13,.box_h=24,.ofs_x=0,.ofs_y=-6},
    {.bitmap_index=11957,.adv_w=240,.box_w=15,.box_h=24,.ofs_x=0,.ofs_y=-6},
    {.bitmap_index=12137,.adv_w=192,.box_w=13,.box_h=23,.ofs_x=0,.ofs_y=-6},
    {.bitmap_index=12287,.adv_w=224,.box_w=0,.box_h=0,.ofs_x=0,.ofs_y=0},
    {.bitmap_index=12287,.adv_w=64,.box_w=0,.box_h=0,.ofs_x=0,.ofs_y=0},
    {.bitmap_index=12287,.adv_w=32,.box_w=0,.box_h=0,.ofs_x=0,.ofs_y=0},
    {.bitmap_index=12287,.adv_w=0,.box_w=0,.box_h=0,.ofs_x=0,.ofs_y=0},
    {.bitmap_index=12287,.adv_w=128,.box_w=8,.box_h=7,.ofs_x=0,.ofs_y=0},
    {.bitmap_index=12315,.adv_w=128,.box_w=8,.box_h=7,.ofs_x=0,.ofs_y=0},
    {.bitmap_index=12343,.adv_w=192,.box_w=12,.box_h=7,.ofs_x=0,.ofs_y=0},
    {.bitmap_index=12385,.adv_w=384,.box_w=24,.box_h=7,.ofs_x=0,.ofs_y=0},
    {.bitmap_index=12469,.adv_w=64,.box_w=4,.box_h=17,.ofs_x=0,.ofs_y=0},
    {.bitmap_index=12503,.adv_w=64,.box_w=4,.box_h=17,.ofs_x=0,.ofs_y=0},
    {.bitmap_index=12537,.adv_w=96,.box_w=6,.box_h=6,.ofs_x=0,.ofs_y=-3},
    {.bitmap_index=12555,.adv_w=144,.box_w=9,.box_h=17,.ofs_x=0,.ofs_y=0},
    {.bitmap_index=12632,.adv_w=144,.box_w=9,.box_h=17,.ofs_x=0,.ofs_y=0},
    {.bitmap_index=12709,.adv_w=160,.box_w=10,.box_h=6,.ofs_x=0,.ofs_y=-3},
    {.bitmap_index=12739,.adv_w=144,.box_w=9,.box_h=12,.ofs_x=0,.ofs_y=0},
    {.bitmap_index=12793,.adv_w=304,.box_w=19,.box_h=3,.ofs_x=0,.ofs_y=0},
    {.bitmap_index=12822,.adv_w=64,.box_w=0,.box_h=0,.ofs_x=0,.ofs_y=0},
    {.bitmap_index=12822,.adv_w=224,.box_w=0,.box_h=0,.ofs_x=0,.ofs_y=0},
    {.bitmap_index=12822,.adv_w=224,.box_w=14,.box_h=17,.ofs_x=0,.ofs_y=0},
    {.bitmap_index=12941,.adv_w=224,.box_w=14,.box_h=18,.ofs_x=0,.ofs_y=-1},
};

static const uint16_t rsvp_unicode_24_unicode[] = {
    0x0, 0x1, 0x2, 0x3, 0x4, 0x5, 0x6, 0x7, 0x8, 0x9, 0xa, 0xb,
    0xc, 0xd, 0xe, 0xf, 0x10, 0x11, 0x12, 0x13, 0x14, 0x15, 0x16, 0x17,
    0x18, 0x19, 0x1a, 0x1b, 0x1c, 0x1d, 0x1e, 0x1f, 0x20, 0x21, 0x22, 0x23,
    0x24, 0x25, 0x26, 0x27, 0x28, 0x29, 0x2a, 0x2b, 0x2c, 0x2d, 0x2e, 0x2f,
    0x30, 0x31, 0x32, 0x33, 0x34, 0x35, 0x36, 0x37, 0x38, 0x39, 0x3a, 0x3b,
    0x3c, 0x3d, 0x3e, 0x3f, 0x40, 0x41, 0x42, 0x43, 0x44, 0x45, 0x46, 0x47,
    0x48, 0x49, 0x4a, 0x4b, 0x4c, 0x4d, 0x4e, 0x4f, 0x50, 0x51, 0x52, 0x53,
    0x54, 0x55, 0x56, 0x57, 0x58, 0x59, 0x5a, 0x5b, 0x5c, 0x5d, 0x5e, 0x5f,
    0x1f67, 0x1f69, 0x1f6a, 0x1f6b, 0x1f70, 0x1f71, 0x1f73, 0x1f74, 0x1f78, 0x1f79, 0x1f7a, 0x1f7c,
    0x1f7d, 0x1f7e, 0x1f82, 0x1f86, 0x1f8f, 0x1fc0, 0x200c, 0x2172,
};

static const lv_font_fmt_txt_cmap_t rsvp_unicode_24_cmaps[] = {
    {
        .range_start = 160, .range_length = 8563, .glyph_id_start = 1,
        .unicode_list = rsvp_unicode_24_unicode, .glyph_id_ofs_list = NULL,
        .list_length = 116, .type = LV_FONT_FMT_TXT_CMAP_SPARSE_TINY
    }
};

static const lv_font_fmt_txt_dsc_t rsvp_unicode_24_dsc = {
    .glyph_bitmap = rsvp_unicode_24_bitmap,
    .glyph_dsc = rsvp_unicode_24_glyphs,
    .cmaps = rsvp_unicode_24_cmaps,
    .kern_dsc = NULL,
    .kern_scale = 0,
    .cmap_num = 1,
    .bpp = 4,
    .kern_classes = 0,
    .bitmap_format = 0,
};

const lv_font_t rsvp_unicode_24 = {
    .get_glyph_dsc = lv_font_get_glyph_dsc_fmt_txt,
    .get_glyph_bitmap = lv_font_get_bitmap_fmt_txt,
    .line_height = 28,
    .base_line = 5,
    .subpx = LV_FONT_SUBPX_NONE,
    .underline_position = -1,
    .underline_thickness = 1,
    .dsc = &rsvp_unicode_24_dsc,
    .fallback = &lv_font_montserrat_24,
    .user_data = NULL,
};

/* Unicode extension font 28px generated from Noto Sans Regular 2.004; ASCII falls back to LVGL Montserrat. */
static LV_ATTRIBUTE_LARGE_CONST const uint8_t rsvp_unicode_28_bitmap[] = {
    0x00, 0x6e, 0xc1, 0x00, 0x00, 0xef, 0xf6, 0x00, 0x00, 0xef, 0xf6, 0x00, 0x00, 0x6e, 0xc1, 0x00,
    0x00, 0x00, 0x00, 0x00, 0x00, 0x00, 0x00, 0x00, 0x00, 0x2f, 0x80, 0x00, 0x00, 0x3f, 0x90, 0x00,
    0x00, 0x3f, 0xa0, 0x00, 0x00, 0x4f, 0xb0, 0x00, 0x00, 0x5f, 0xb0, 0x00, 0x00, 0x5f, 0xc0, 0x00,
    0x00, 0x6f, 0xd0, 0x00, 0x00, 0x7f, 0xe0, 0x00, 0x00, 0x8f, 0xe0, 0x00, 0x00, 0x8f, 0xf0, 0x00,
    0x00, 0x9f, 0xf1, 0x00, 0x00, 0xaf, 0xf2, 0x00, 0x00, 0xbf, 0xf2, 0x00, 0x00, 0xbf, 0xf3, 0x00,
    0x00, 0x00, 0x00, 0x00, 0xfd, 0x00, 0x00, 0x00, 0x00, 0x00, 0x00, 0x00, 0xfd, 0x00, 0x00, 0x00,
    0x00, 0x00, 0x01, 0x7b, 0xff, 0xec, 0x93, 0x00, 0x00, 0x00, 0x4e, 0xff, 0xff, 0xff, 0xf5, 0x00,
    0x00, 0x02, 0xff, 0xe6, 0x21, 0x25, 0x90, 0x00, 0x00, 0x0b, 0xfe, 0x20, 0x00, 0x00, 0x00, 0x00,
    0x00, 0x1f, 0xf8, 0x00, 0x00, 0x00, 0x00, 0x00, 0x00, 0x4f, 0xf4, 0x00, 0x00, 0x00, 0x00, 0x00,
    0x00, 0x6f, 0xf2, 0x00, 0x00, 0x00, 0x00, 0x00, 0x00, 0x7f, 0xf1, 0x00, 0x00, 0x00, 0x00, 0x00,
    0x00, 0x6f, 0xf2, 0x00, 0x00, 0x00, 0x00, 0x00, 0x00, 0x5f, 0xf4, 0x00, 0x00, 0x00, 0x00, 0x00,
    0x00, 0x1f, 0xf8, 0x00, 0x00, 0x00, 0x00, 0x00, 0x00, 0x0c, 0xfe, 0x20, 0x00, 0x00, 0x00, 0x00,
    0x00, 0x03, 0xff, 0xd5, 0x10, 0x13, 0x84, 0x00, 0x00, 0x00, 0x5f, 0xff, 0xff, 0xff, 0xf5, 0x00,
    0x00, 0x00, 0x02, 0x8d, 0xff, 0xfd, 0x81, 0x00, 0x00, 0x00, 0x00, 0x00, 0xfd, 0x00, 0x00, 0x00,
    0x00, 0x00, 0x00, 0x00, 0xfd, 0x00, 0x00, 0x00, 0x00, 0x00, 0x00, 0x00, 0xfd, 0x00, 0x00, 0x00,
    0x00, 0x00, 0x00, 0x6c, 0xef, 0xec, 0x83, 0x00, 0x00, 0x00, 0x1c, 0xff, 0xff, 0xff, 0xff, 0x20,
    0x00, 0x00, 0xaf, 0xf7, 0x21, 0x25, 0xba, 0x00, 0x00, 0x02, 0xff, 0x80, 0x00, 0x00, 0x00, 0x00,
    0x00, 0x04, 0xff, 0x40, 0x00, 0x00, 0x00, 0x00, 0x00, 0x05, 0xff, 0x20, 0x00, 0x00, 0x00, 0x00,
    0x00, 0x05, 0xff, 0x20, 0x00, 0x00, 0x00, 0x00, 0x00, 0x05, 0xff, 0x20, 0x00, 0x00, 0x00, 0x00,
    0x00, 0x05, 0xff, 0x20, 0x00, 0x00, 0x00, 0x00, 0x0f, 0xff, 0xff, 0xff, 0xff, 0xfd, 0x00, 0x00,
    0x0f, 0xff, 0xff, 0xff, 0xff, 0xfd, 0x00, 0x00, 0x00, 0x05, 0xff, 0x20, 0x00, 0x00, 0x00, 0x00,
    0x00, 0x05, 0xff, 0x20, 0x00, 0x00, 0x00, 0x00, 0x00, 0x05, 0xff, 0x20, 0x00, 0x00, 0x00, 0x00,
    0x00, 0x06, 0xff, 0x10, 0x00, 0x00, 0x00, 0x00, 0x00, 0x08, 0xfe, 0x00, 0x00, 0x00, 0x00, 0x00,
    0x00, 0x0d, 0xf9, 0x00, 0x00, 0x00, 0x00, 0x00, 0x02, 0xbf, 0xb1, 0x00, 0x00, 0x00, 0x00, 0x00,
    0x1f, 0xff, 0xff, 0xff, 0xff, 0xff, 0xff, 0xf0, 0x2f, 0xff, 0xff, 0xff, 0xff, 0xff, 0xff, 0xf0,
    0x00, 0x45, 0x00, 0x00, 0x00, 0x00, 0x54, 0x00, 0x02, 0xff, 0x55, 0xbe, 0xeb, 0x45, 0xff, 0x20,
    0x00, 0x8f, 0xff, 0xff, 0xff, 0xff, 0xf7, 0x00, 0x00, 0x0b, 0xfe, 0x51, 0x15, 0xdf, 0xb0, 0x00,
    0x00, 0x1e, 0xe2, 0x00, 0x00, 0x2e, 0xe1, 0x00, 0x00, 0x5f, 0x90, 0x00, 0x00, 0x08, 0xf5, 0x00,
    0x00, 0x7f, 0x60, 0x00, 0x00, 0x06, 0xf7, 0x00, 0x00, 0x6f, 0x80, 0x00, 0x00, 0x08, 0xf5, 0x00,
    0x00, 0x1e, 0xe2, 0x00, 0x00, 0x2e, 0xe1, 0x00, 0x00, 0x0a, 0xfd, 0x51, 0x15, 0xdf, 0xa0, 0x00,
    0x00, 0x6f, 0xff, 0xff, 0xff, 0xff, 0xf6, 0x00, 0x02, 0xff, 0x55, 0xcf, 0xfc, 0x46, 0xfe, 0x10,
    0x00, 0x55, 0x00, 0x00, 0x00, 0x00, 0x65, 0x00, 0x00, 0x00, 0x00, 0x00, 0x00, 0x00, 0x00, 0x00,
    0x00, 0x00, 0x00, 0x00, 0x00, 0x00, 0x00, 0x00, 0x00, 0x00, 0x00, 0x00, 0x00, 0x00, 0x00, 0x00,
    0x5f, 0xf4, 0x00, 0x00, 0x00, 0x00, 0x4f, 0xf5, 0x0d, 0xfb, 0x00, 0x00, 0x00, 0x00, 0xcf, 0xc0,
    0x05, 0xff, 0x40, 0x00, 0x00, 0x04, 0xff, 0x40, 0x00, 0xcf, 0xc0, 0x00, 0x00, 0x0c, 0xfc, 0x00,
    0x00, 0x5f, 0xf4, 0x00, 0x00, 0x5f, 0xf4, 0x00, 0x00, 0x0c, 0xfc, 0x00, 0x00, 0xcf, 0xb0, 0x00,
    0x00, 0x05, 0xff, 0x50, 0x05, 0xff, 0x40, 0x00, 0x00, 0x00, 0xcf, 0xc0, 0x0d, 0xfb, 0x00, 0x00,
    0x00, 0x00, 0x5f, 0xf5, 0x6f, 0xf3, 0x00, 0x00, 0x00, 0x00, 0x0c, 0xfd, 0xdf, 0xb0, 0x00, 0x00,
    0x00, 0x00, 0x04, 0xff, 0xff, 0x30, 0x00, 0x00, 0x00, 0x7f, 0xff, 0xff, 0xff, 0xff, 0xf6, 0x00,
    0x00, 0x7f, 0xff, 0xff, 0xff, 0xff, 0xf6, 0x00, 0x00, 0x00, 0x00, 0x3f, 0xf3, 0x00, 0x00, 0x00,
    0x00, 0x00, 0x00, 0x3f, 0xf3, 0x00, 0x00, 0x00, 0x00, 0x7f, 0xff, 0xff, 0xff, 0xff, 0xf6, 0x00,
    0x00, 0x7f, 0xff, 0xff, 0xff, 0xff, 0xf6, 0x00, 0x00, 0x00, 0x00, 0x3f, 0xf3, 0x00, 0x00, 0x00,
    0x00, 0x00, 0x00, 0x3f, 0xf3, 0x00, 0x00, 0x00, 0x00, 0x00, 0x00, 0x3f, 0xf3, 0x00, 0x00, 0x00,
    0x00, 0x00, 0x00, 0x5f, 0xb0, 0x00, 0x00, 0x00, 0x00, 0x00, 0x05, 0xfb, 0x00, 0x00, 0x00, 0x00,
    0x00, 0x00, 0x5f, 0xb0, 0x00, 0x00, 0x00, 0x00, 0x00, 0x05, 0xfb, 0x00, 0x00, 0x00, 0x00, 0x00,
    0x00, 0x5f, 0xb0, 0x00, 0x00, 0x00, 0x00, 0x00, 0x05, 0xfb, 0x00, 0x00, 0x00, 0x00, 0x00, 0x00,
    0x5f, 0xb0, 0x00, 0x00, 0x00, 0x00, 0x00, 0x05, 0xfb, 0x00, 0x00, 0x00, 0x00, 0x00, 0x00, 0x5f,
    0xb0, 0x00, 0x00, 0x00, 0x00, 0x00, 0x05, 0xfb, 0x00, 0x00, 0x00, 0x00, 0x00, 0x00, 0x00, 0x00,
    0x00, 0x00, 0x00, 0x00, 0x00, 0x00, 0x00, 0x00, 0x00, 0x00, 0x00, 0x00, 0x00, 0x00, 0x00, 0x00,
    0x00, 0x00, 0x00, 0x00, 0x00, 0x00, 0x00, 0x00, 0x00, 0x00, 0x00, 0x00, 0x00, 0x00, 0x00, 0x00,
    0x00, 0x00, 0x00, 0x00, 0x00, 0x00, 0x00, 0x00, 0x00, 0x00, 0x00, 0x00, 0x00, 0x00, 0x00, 0x00,
    0x00, 0x00, 0x00, 0x00, 0x00, 0x00, 0x00, 0x00, 0x00, 0x00, 0x5f, 0xb0, 0x00, 0x00, 0x00, 0x00,
    0x00, 0x05, 0xfb, 0x00, 0x00, 0x00, 0x00, 0x00, 0x00, 0x5f, 0xb0, 0x00, 0x00, 0x00, 0x00, 0x00,
    0x05, 0xfb, 0x00, 0x00, 0x00, 0x00, 0x00, 0x00, 0x5f, 0xb0, 0x00, 0x00, 0x00, 0x00, 0x00, 0x05,
    0xfb, 0x00, 0x00, 0x00, 0x00, 0x00, 0x00, 0x5f, 0xb0, 0x00, 0x00, 0x00, 0x00, 0x00, 0x05, 0xfb,
    0x00, 0x00, 0x00, 0x00, 0x00, 0x00, 0x5f, 0xb0, 0x00, 0x00, 0x00, 0x00, 0x00, 0x05, 0xfb, 0x00,
    0x00, 0x00, 0x00, 0x02, 0x8c, 0xef, 0xec, 0x94, 0x00, 0x00, 0x4e, 0xff, 0xff, 0xff, 0xff, 0x10,
    0x00, 0xdf, 0xc4, 0x10, 0x14, 0x99, 0x00, 0x00, 0xff, 0x50, 0x00, 0x00, 0x00, 0x00, 0x00, 0xdf,
    0xa0, 0x00, 0x00, 0x00, 0x00, 0x00, 0x6f, 0xfd, 0x61, 0x00, 0x00, 0x00, 0x00, 0x06, 0xff, 0xff,
    0xa3, 0x00, 0x00, 0x00, 0x2d, 0xfb, 0xbf, 0xff, 0xa1, 0x00, 0x00, 0xbf, 0x80, 0x01, 0x7e, 0xfd,
    0x10, 0x01, 0xff, 0x10, 0x00, 0x03, 0xef, 0x60, 0x01, 0xff, 0x20, 0x00, 0x00, 0xaf, 0x70, 0x00,
    0xdf, 0xc2, 0x00, 0x00, 0xcf, 0x50, 0x00, 0x3e, 0xff, 0x93, 0x08, 0xfd, 0x10, 0x00, 0x02, 0x9f,
    0xff, 0xef, 0xd3, 0x00, 0x00, 0x00, 0x01, 0x7d, 0xff, 0xe4, 0x00, 0x00, 0x00, 0x00, 0x00, 0x4d,
    0xfe, 0x20, 0x00, 0x00, 0x00, 0x00, 0x01, 0xef, 0x60, 0x00, 0x00, 0x00, 0x00, 0x01, 0xef, 0x60,
    0x05, 0xc7, 0x31, 0x01, 0x3b, 0xff, 0x20, 0x05, 0xff, 0xff, 0xff, 0xff, 0xf6, 0x00, 0x00, 0x5a,
    0xde, 0xfe, 0xc9, 0x20, 0x00, 0x00, 0x00, 0x6c, 0x50, 0x03, 0xc8, 0x00, 0x00, 0x00, 0x00, 0xcf,
    0xb0, 0x08, 0xff, 0x00, 0x00, 0x00, 0x00, 0x7e, 0x70, 0x04, 0xea, 0x00, 0x00, 0x00, 0x00, 0x00,
    0x00, 0x00, 0x00, 0x00, 0x00, 0x00, 0x00, 0x00, 0x00, 0x00, 0x00, 0x00, 0x00, 0x00, 0x00, 0x00,
    0x00, 0x00, 0x00, 0x00, 0x00, 0x00, 0x00, 0x00, 0x00, 0x00, 0x00, 0x00, 0x00, 0x00, 0x00, 0x00,
    0x00, 0x00, 0x00, 0x00, 0x00, 0x00, 0x00, 0x00, 0x00, 0x00, 0x00, 0x00, 0x00, 0x00, 0x00, 0x00,
    0x00, 0x00, 0x00, 0x00, 0x00, 0x00, 0x00, 0x00, 0x00, 0x00, 0x00, 0x00, 0x00, 0x00, 0x00, 0x00,
    0x00, 0x00, 0x00, 0x00, 0x00, 0x00, 0x00, 0x00, 0x00, 0x00, 0x00, 0x00, 0x00, 0x00, 0x00, 0x00,
    0x00, 0x00, 0x00, 0x00, 0x00, 0x00, 0x00, 0x00, 0x00, 0x00, 0x00, 0x00, 0x00, 0x00, 0x00, 0x00,
    0x00, 0x00, 0x00, 0x00, 0x00, 0x00, 0x00, 0x00, 0x00, 0x00, 0x00, 0x00, 0x00, 0x00, 0x00, 0x00,
    0x00, 0x00, 0x00, 0x00, 0x00, 0x00, 0x00, 0x00, 0x00, 0x00, 0x00, 0x00, 0x00, 0x00, 0x00, 0x00,
    0x00, 0x00, 0x00, 0x00, 0x00, 0x00, 0x00, 0x00, 0x03, 0x8c, 0xef, 0xec, 0x94, 0x00, 0x00, 0x00,
    0x00, 0x00, 0x00, 0x3b, 0xff, 0xff, 0xff, 0xff, 0xfc, 0x40, 0x00, 0x00, 0x00, 0x00, 0x5e, 0xfd,
    0x84, 0x10, 0x13, 0x7c, 0xff, 0x70, 0x00, 0x00, 0x00, 0x5f, 0xf8, 0x00, 0x00, 0x00, 0x00, 0x05,
    0xef, 0x70, 0x00, 0x00, 0x2e, 0xf4, 0x00, 0x06, 0xce, 0xfd, 0x82, 0x02, 0xdf, 0x40, 0x00, 0x09,
    0xf6, 0x00, 0x1b, 0xff, 0xff, 0xff, 0x50, 0x03, 0xfc, 0x00, 0x01, 0xfb, 0x00, 0x08, 0xfe, 0x61,
    0x14, 0x90, 0x00, 0x08, 0xf4, 0x00, 0x5f, 0x50, 0x01, 0xff, 0x60, 0x00, 0x00, 0x00, 0x00, 0x2f,
    0x90, 0x07, 0xf1, 0x00, 0x4f, 0xe0, 0x00, 0x00, 0x00, 0x00, 0x00, 0xdc, 0x00, 0x9f, 0x00, 0x06,
    0xfc, 0x00, 0x00, 0x00, 0x00, 0x00, 0x0b, 0xd0, 0x09, 0xf0, 0x00, 0x6f, 0xc0, 0x00, 0x00, 0x00,
    0x00, 0x00, 0xbd, 0x00, 0x7f, 0x20, 0x05, 0xfe, 0x00, 0x00, 0x00, 0x00, 0x00, 0x0d, 0xc0, 0x05,
    0xf6, 0x00, 0x1f, 0xf5, 0x00, 0x00, 0x00, 0x00, 0x02, 0xf9, 0x00, 0x1f, 0xc0, 0x00, 0x9f, 0xe5,
    0x11, 0x26, 0x10, 0x00, 0x8f, 0x50, 0x00, 0x9f, 0x60, 0x01, 0xcf, 0xff, 0xff, 0xf2, 0x00, 0x3f,
    0xd0, 0x00, 0x02, 0xef, 0x50, 0x01, 0x8d, 0xff, 0xd8, 0x10, 0x2d, 0xf5, 0x00, 0x00, 0x05, 0xff,
    0x81, 0x00, 0x00, 0x00, 0x00, 0x5e, 0xf9, 0x00, 0x00, 0x00, 0x05, 0xff, 0xe8, 0x42, 0x11, 0x37,
    0xcf, 0xf9, 0x00, 0x00, 0x00, 0x00, 0x03, 0xbf, 0xff, 0xff, 0xff, 0xff, 0xd5, 0x00, 0x00, 0x00,
    0x00, 0x00, 0x00, 0x38, 0xce, 0xfe, 0xd9, 0x50, 0x00, 0x00, 0x00, 0x03, 0x9d, 0xee, 0xc5, 0x00,
    0x03, 0xd7, 0x55, 0xdf, 0x30, 0x00, 0x00, 0x00, 0x4f, 0x80, 0x00, 0x00, 0x00, 0x2f, 0x90, 0x01,
    0x9d, 0xff, 0xff, 0x90, 0x0c, 0xf8, 0x43, 0x4f, 0x90, 0x1f, 0xb0, 0x00, 0x4f, 0x90, 0x0e, 0xe3,
    0x14, 0xdf, 0x90, 0x05, 0xef, 0xfd, 0x5d, 0x90, 0x00, 0x02, 0x20, 0x02, 0x20, 0x00, 0x00, 0x00,
    0x00, 0x00, 0x00, 0x00, 0x00, 0x00, 0x00, 0x00, 0x00, 0x00, 0x00, 0x00, 0x00, 0x00, 0x00, 0x00,
    0x00, 0x00, 0x00, 0x00, 0x00, 0x00, 0x00, 0x00, 0x00, 0x00, 0x00, 0x00, 0x00, 0x00, 0x00, 0x00,
    0x00, 0x00, 0x00, 0x00, 0x00, 0x00, 0x00, 0x00, 0x00, 0x00, 0x00, 0x00, 0x00, 0x00, 0x00, 0x00,
    0x00, 0x01, 0x00, 0x00, 0x01, 0x00, 0x00, 0x00, 0x0b, 0xc3, 0x00, 0x3e, 0x80, 0x00, 0x00, 0x9f,
    0xe2, 0x02, 0xdf, 0x90, 0x00, 0x06, 0xff, 0x40, 0x1c, 0xfb, 0x00, 0x00, 0x4f, 0xf6, 0x00, 0xaf,
    0xd1, 0x00, 0x02, 0xef, 0x90, 0x08, 0xfe, 0x30, 0x00, 0x0c, 0xfd, 0x00, 0x4f, 0xf7, 0x00, 0x00,
    0x04, 0xff, 0x60, 0x0b, 0xfd, 0x10, 0x00, 0x00, 0x7f, 0xf4, 0x01, 0xdf, 0xb0, 0x00, 0x00, 0x09,
    0xfe, 0x20, 0x2e, 0xf9, 0x00, 0x00, 0x00, 0xbf, 0xc1, 0x04, 0xff, 0x60, 0x00, 0x00, 0x1d, 0xe4,
    0x00, 0x6f, 0xb0, 0x00, 0x00, 0x02, 0x10, 0x00, 0x03, 0x00, 0x00, 0x00, 0x00, 0x00, 0x00, 0x00,
    0x00, 0x00, 0x00, 0x00, 0x00, 0x00, 0x00, 0x00, 0x00, 0x09, 0xff, 0xff, 0xff, 0xff, 0xff, 0xff,
    0x80, 0x09, 0xff, 0xff, 0xff, 0xff, 0xff, 0xff, 0x80, 0x00, 0x00, 0x00, 0x00, 0x00, 0x00, 0x6f,
    0x80, 0x00, 0x00, 0x00, 0x00, 0x00, 0x00, 0x6f, 0x80, 0x00, 0x00, 0x00, 0x00, 0x00, 0x00, 0x6f,
    0x80, 0x00, 0x00, 0x00, 0x00, 0x00, 0x00, 0x6f, 0x80, 0x00, 0x00, 0x00, 0x00, 0x00, 0x00, 0x6f,
    0x80, 0x00, 0x00, 0x00, 0x00, 0x00, 0x00, 0x00, 0x00, 0x00, 0x00, 0x00, 0x00, 0x00, 0x00, 0x00,
    0x00, 0x00, 0x00, 0x00, 0x00, 0x00, 0x00, 0x00, 0x00, 0x00, 0x00, 0x00, 0x00, 0x00, 0x00, 0x00,
    0x00, 0x00, 0x00, 0x00, 0x00, 0x00, 0xdf, 0xff, 0xff, 0xd0, 0x0d, 0xff, 0xff, 0xfd, 0x00, 0x00,
    0x00, 0x00, 0x00, 0x00, 0x00, 0x00, 0x00, 0x00, 0x00, 0x00, 0x00, 0x00, 0x00, 0x00, 0x00, 0x00,
    0x00, 0x00, 0x00, 0x00, 0x00, 0x00, 0x00, 0x00, 0x00, 0x00, 0x00, 0x00, 0x00, 0x03, 0x8c, 0xef,
    0xec, 0x94, 0x00, 0x00, 0x00, 0x00, 0x00, 0x00, 0x3b, 0xff, 0xff, 0xff, 0xff, 0xfc, 0x40, 0x00,
    0x00, 0x00, 0x00, 0x5e, 0xfd, 0x84, 0x10, 0x13, 0x7c, 0xff, 0x70, 0x00, 0x00, 0x00, 0x5f, 0xf8,
    0x00, 0x00, 0x00, 0x00, 0x05, 0xef, 0x70, 0x00, 0x00, 0x2e, 0xf4, 0x03, 0xff, 0xff, 0xeb, 0x50,
    0x02, 0xdf, 0x40, 0x00, 0x09, 0xf6, 0x00, 0x3f, 0xff, 0xff, 0xff, 0x50, 0x03, 0xfc, 0x00, 0x01,
    0xfb, 0x00, 0x03, 0xfe, 0x00, 0x2b, 0xfb, 0x00, 0x08, 0xf4, 0x00, 0x5f, 0x50, 0x00, 0x3f, 0xe0,
    0x00, 0x6f, 0xc0, 0x00, 0x2f, 0x90, 0x07, 0xf1, 0x00, 0x03, 0xfe, 0x00, 0x3c, 0xf8, 0x00, 0x00,
    0xdc, 0x00, 0x9f, 0x00, 0x00, 0x3f, 0xff, 0xff, 0xfc, 0x10, 0x00, 0x0b, 0xd0, 0x09, 0xf0, 0x00,
    0x03, 0xff, 0xff, 0xfd, 0x00, 0x00, 0x00, 0xbd, 0x00, 0x7f, 0x20, 0x00, 0x3f, 0xe0, 0x2e, 0xf6,
    0x00, 0x00, 0x0d, 0xc0, 0x05, 0xf6, 0x00, 0x03, 0xfe, 0x00, 0x6f, 0xe1, 0x00, 0x02, 0xf9, 0x00,
    0x1f, 0xc0, 0x00, 0x3f, 0xe0, 0x00, 0xcf, 0xa0, 0x00, 0x8f, 0x50, 0x00, 0x9f, 0x60, 0x03, 0xfe,
    0x00, 0x03, 0xff, 0x40, 0x3f, 0xd0, 0x00, 0x02, 0xef, 0x50, 0x18, 0x70, 0x00, 0x05, 0x85, 0x2d,
    0xf5, 0x00, 0x00, 0x05, 0xff, 0x81, 0x00, 0x00, 0x00, 0x00, 0x5e, 0xf9, 0x00, 0x00, 0x00, 0x05,
    0xff, 0xe8, 0x42, 0x11, 0x37, 0xcf, 0xf9, 0x00, 0x00, 0x00, 0x00, 0x03, 0xbf, 0xff, 0xff, 0xff,
    0xff, 0xd5, 0x00, 0x00, 0x00, 0x00, 0x00, 0x00, 0x38, 0xce, 0xfe, 0xd9, 0x50, 0x00, 0x00, 0x00,
    0x00, 0x00, 0x00, 0x00, 0x00, 0x00, 0x00, 0x00, 0x1f, 0xff, 0xff, 0xff, 0xff, 0xff, 0xff, 0xf1,
    0x1f, 0xff, 0xff, 0xff, 0xff, 0xff, 0xff, 0xf1, 0x00, 0x00, 0x00, 0x00, 0x00, 0x00, 0x00, 0x00,
    0x00, 0x00, 0x00, 0x00, 0x00, 0x00, 0x00, 0x00, 0x00, 0x00, 0x00, 0x00, 0x00, 0x00, 0x00, 0x00,
    0x00, 0x00, 0x00, 0x00, 0x00, 0x00, 0x00, 0x00, 0x00, 0x00, 0x00, 0x00, 0x00, 0x00, 0x00, 0x00,
    0x00, 0x00, 0x00, 0x00, 0x00, 0x00, 0x00, 0x00, 0x00, 0x00, 0x00, 0x00, 0x00, 0x00, 0x00, 0x00,
    0x00, 0x00, 0x00, 0x00, 0x00, 0x00, 0x00, 0x00, 0x00, 0x00, 0x00, 0x00, 0x00, 0x00, 0x00, 0x00,
    0x00, 0x00, 0x00, 0x00, 0x00, 0x00, 0x00, 0x00, 0x00, 0x00, 0x00, 0x00, 0x00, 0x00, 0x00, 0x00,
    0x00, 0x00, 0x00, 0x00, 0x00, 0x00, 0x00, 0x00, 0x00, 0x00, 0x00, 0x00, 0x00, 0x00, 0x00, 0x00,
    0x00, 0x00, 0x00, 0x00, 0x00, 0x00, 0x00, 0x00, 0x00, 0x00, 0x00, 0x00, 0x00, 0x00, 0x00, 0x00,
    0x00, 0x00, 0x00, 0x00, 0x00, 0x00, 0x00, 0x00, 0x00, 0x00, 0x00, 0x00, 0x00, 0x00, 0x00, 0x00,
    0x00, 0x00, 0x00, 0x00, 0x00, 0x00, 0x00, 0x00, 0x00, 0x00, 0x00, 0x00, 0x00, 0x00, 0x00, 0x00,
    0x00, 0x00, 0x00, 0x00, 0x00, 0x00, 0x00, 0x00, 0x00, 0x00, 0x00, 0x00, 0x00, 0x00, 0x00, 0x00,
    0x00, 0x00, 0x00, 0x00, 0x00, 0x00, 0x00, 0x05, 0xcf, 0xfc, 0x40, 0x00, 0x00, 0x6f, 0xff, 0xff,
    0xf6, 0x00, 0x01, 0xef, 0x61, 0x16, 0xfe, 0x10, 0x05, 0xf9, 0x00, 0x00, 0x9f, 0x50, 0x07, 0xf6,
    0x00, 0x00, 0x6f, 0x60, 0x05, 0xf9, 0x00, 0x00, 0x9f, 0x50, 0x01, 0xff, 0x61, 0x16, 0xfe, 0x10,
    0x00, 0x7f, 0xff, 0xff, 0xf6, 0x00, 0x00, 0x05, 0xce, 0xeb, 0x40, 0x00, 0x00, 0x00, 0x00, 0x00,
    0x00, 0x00, 0x00, 0x00, 0x00, 0x00, 0x00, 0x00, 0x00, 0x00, 0x00, 0x00, 0x00, 0x00, 0x00, 0x00,
    0x00, 0x00, 0x00, 0x00, 0x00, 0x00, 0x00, 0x00, 0x00, 0x00, 0x00, 0x00, 0x00, 0x00, 0x00, 0x00,
    0x00, 0x00, 0x00, 0x00, 0x00, 0x00, 0x00, 0x00, 0x00, 0x00, 0x00, 0x00, 0x00, 0x00, 0x00, 0x00,
    0x00, 0x00, 0x00, 0x00, 0x00, 0x00, 0x00, 0x00, 0x00, 0x00, 0x00, 0x00, 0x00, 0x00, 0x00, 0x00,
    0x00, 0x0f, 0xf0, 0x00, 0x00, 0x00, 0x00, 0x00, 0x00, 0x0f, 0xf0, 0x00, 0x00, 0x00, 0x00, 0x00,
    0x00, 0x0f, 0xf0, 0x00, 0x00, 0x00, 0x00, 0x00, 0x00, 0x0f, 0xf0, 0x00, 0x00, 0x00, 0x00, 0x00,
    0x00, 0x0f, 0xf0, 0x00, 0x00, 0x00, 0x09, 0xff, 0xff, 0xff, 0xff, 0xff, 0xff, 0x80, 0x09, 0xff,
    0xff, 0xff, 0xff, 0xff, 0xff, 0x80, 0x00, 0x00, 0x00, 0x1f, 0xf0, 0x00, 0x00, 0x00, 0x00, 0x00,
    0x00, 0x0f, 0xf0, 0x00, 0x00, 0x00, 0x00, 0x00, 0x00, 0x0f, 0xf0, 0x00, 0x00, 0x00, 0x00, 0x00,
    0x00, 0x0f, 0xf0, 0x00, 0x00, 0x00, 0x00, 0x00, 0x00, 0x0f, 0xf0, 0x00, 0x00, 0x00, 0x00, 0x00,
    0x00, 0x0f, 0xf0, 0x00, 0x00, 0x00, 0x00, 0x00, 0x00, 0x00, 0x00, 0x00, 0x00, 0x00, 0x09, 0xff,
    0xff, 0xff, 0xff, 0xff, 0xff, 0x90, 0x09, 0xff, 0xff, 0xff, 0xff, 0xff, 0xff, 0x90, 0x01, 0x7c,
    0xfe, 0xa3, 0x00, 0x1d, 0xfe, 0xcd, 0xfe, 0x20, 0x08, 0x80, 0x00, 0xaf, 0x70, 0x00, 0x00, 0x00,
    0x7f, 0x80, 0x00, 0x00, 0x00, 0x9f, 0x50, 0x00, 0x00, 0x03, 0xfc, 0x00, 0x00, 0x00, 0x2e, 0xd2,
    0x00, 0x00, 0x03, 0xed, 0x20, 0x00, 0x00, 0x4e, 0xd2, 0x00, 0x00, 0x04, 0xec, 0x20, 0x00, 0x00,
    0x3f, 0xfc, 0xbb, 0xbb, 0x60, 0x5f, 0xff, 0xff, 0xff, 0x80, 0x00, 0x00, 0x00, 0x00, 0x00, 0x00,
    0x00, 0x00, 0x00, 0x00, 0x00, 0x00, 0x00, 0x00, 0x00, 0x00, 0x00, 0x00, 0x00, 0x00, 0x00, 0x00,
    0x00, 0x00, 0x00, 0x00, 0x00, 0x00, 0x00, 0x00, 0x00, 0x00, 0x00, 0x00, 0x00, 0x00, 0x00, 0x00,
    0x00, 0x00, 0x00, 0x00, 0x00, 0x00, 0x00, 0x00, 0x00, 0x00, 0x00, 0x00, 0x00, 0x00, 0x00, 0x00,
    0x00, 0x00, 0x00, 0x00, 0x00, 0x00, 0x00, 0x59, 0xb9, 0x60, 0x00, 0x3d, 0xff, 0xff, 0xfc, 0x10,
    0x1d, 0x93, 0x03, 0xdf, 0x60, 0x00, 0x00, 0x00, 0x7f, 0x90, 0x00, 0x00, 0x00, 0x8f, 0x70, 0x00,
    0x00, 0x15, 0xee, 0x20, 0x00, 0xbf, 0xff, 0xd3, 0x00, 0x00, 0x8b, 0xce, 0xfc, 0x20, 0x00, 0x00,
    0x00, 0x7f, 0xb0, 0x00, 0x00, 0x00, 0x1f, 0xe0, 0x43, 0x00, 0x00, 0x8f, 0xc0, 0x8f, 0xec, 0xce,
    0xff, 0x40, 0x28, 0xde, 0xfe, 0xa3, 0x00, 0x00, 0x00, 0x00, 0x00, 0x00, 0x00, 0x00, 0x00, 0x00,
    0x00, 0x00, 0x00, 0x00, 0x00, 0x00, 0x00, 0x00, 0x00, 0x00, 0x00, 0x00, 0x00, 0x00, 0x00, 0x00,
    0x00, 0x00, 0x00, 0x00, 0x00, 0x00, 0x00, 0x00, 0x00, 0x00, 0x00, 0x00, 0x00, 0x00, 0x00, 0x00,
    0x00, 0x00, 0x00, 0x00, 0x00, 0x00, 0x00, 0x00, 0x00, 0x00, 0x00, 0x00, 0x00, 0x00, 0x00, 0x03,
    0x88, 0x50, 0x00, 0x0c, 0xff, 0x40, 0x00, 0x6f, 0xf5, 0x00, 0x02, 0xef, 0x60, 0x00, 0x0b, 0xf6,
    0x00, 0x00, 0x00, 0x00, 0x00, 0x00, 0x00, 0x00, 0x00, 0x00, 0x00, 0x00, 0x00, 0x00, 0x00, 0x00,
    0x00, 0x00, 0x00, 0x00, 0x00, 0x00, 0x00, 0x00, 0x00, 0x00, 0x00, 0x00, 0x00, 0x00, 0x00, 0x00,
    0x00, 0x00, 0x00, 0x00, 0x00, 0x00, 0x00, 0x00, 0x00, 0x00, 0x00, 0x00, 0x00, 0x00, 0x00, 0x00,
    0x00, 0x00, 0x00, 0x00, 0x00, 0x00, 0x00, 0x00, 0x00, 0x00, 0x00, 0x00, 0x00, 0x00, 0x00, 0x00,
    0x00, 0x00, 0x00, 0x00, 0x00, 0x00, 0x00, 0x9f, 0xd0, 0x00, 0x00, 0x00, 0x6f, 0xf1, 0x00, 0x09,
    0xfd, 0x00, 0x00, 0x00, 0x06, 0xff, 0x10, 0x00, 0x9f, 0xd0, 0x00, 0x00, 0x00, 0x6f, 0xf1, 0x00,
    0x09, 0xfd, 0x00, 0x00, 0x00, 0x06, 0xff, 0x10, 0x00, 0x9f, 0xd0, 0x00, 0x00, 0x00, 0x6f, 0xf1,
    0x00, 0x09, 0xfd, 0x00, 0x00, 0x00, 0x06, 0xff, 0x10, 0x00, 0x9f, 0xd0, 0x00, 0x00, 0x00, 0x6f,
    0xf1, 0x00, 0x09, 0xfd, 0x00, 0x00, 0x00, 0x06, 0xff, 0x10, 0x00, 0x9f, 0xd0, 0x00, 0x00, 0x00,
    0x7f, 0xf1, 0x00, 0x09, 0xfd, 0x00, 0x00, 0x00, 0x09, 0xff, 0x10, 0x00, 0x9f, 0xf0, 0x00, 0x00,
    0x00, 0xdf, 0xf1, 0x00, 0x09, 0xff, 0x50, 0x00, 0x00, 0x5f, 0xff, 0x10, 0x00, 0x9f, 0xfe, 0x62,
    0x12, 0x7e, 0xef, 0xf1, 0x00, 0x09, 0xff, 0xff, 0xff, 0xff, 0xc4, 0xff, 0x10, 0x00, 0x9f, 0xb4,
    0xce, 0xec, 0x71, 0x0f, 0xf1, 0x00, 0x09, 0xfc, 0x00, 0x00, 0x00, 0x00, 0x00, 0x00, 0x00, 0x9f,
    0xc0, 0x00, 0x00, 0x00, 0x00, 0x00, 0x00, 0x09, 0xfd, 0x00, 0x00, 0x00, 0x00, 0x00, 0x00, 0x00,
    0x9f, 0xd0, 0x00, 0x00, 0x00, 0x00, 0x00, 0x00, 0x09, 0xfd, 0x00, 0x00, 0x00, 0x00, 0x00, 0x00,
    0x00, 0x9f, 0xd0, 0x00, 0x00, 0x00, 0x00, 0x00, 0x00, 0x09, 0xfd, 0x00, 0x00, 0x00, 0x00, 0x00,
    0x00, 0x00, 0x00, 0x5a, 0xdf, 0xff, 0xff, 0xff, 0xf6, 0x00, 0x00, 0x09, 0xff, 0xff, 0xff, 0xff,
    0xff, 0xf6, 0x00, 0x00, 0x6f, 0xff, 0xff, 0xff, 0xd0, 0x04, 0xf6, 0x00, 0x00, 0xef, 0xff, 0xff,
    0xff, 0xd0, 0x04, 0xf6, 0x00, 0x03, 0xff, 0xff, 0xff, 0xff, 0xd0, 0x04, 0xf6, 0x00, 0x05, 0xff,
    0xff, 0xff, 0xff, 0xd0, 0x04, 0xf6, 0x00, 0x06, 0xff, 0xff, 0xff, 0xff, 0xd0, 0x04, 0xf6, 0x00,
    0x07, 0xff, 0xff, 0xff, 0xff, 0xd0, 0x04, 0xf6, 0x00, 0x06, 0xff, 0xff, 0xff, 0xff, 0xd0, 0x04,
    0xf6, 0x00, 0x04, 0xff, 0xff, 0xff, 0xff, 0xd0, 0x04, 0xf6, 0x00, 0x01, 0xff, 0xff, 0xff, 0xff,
    0xd0, 0x04, 0xf6, 0x00, 0x00, 0x9f, 0xff, 0xff, 0xff, 0xd0, 0x04, 0xf6, 0x00, 0x00, 0x1d, 0xff,
    0xff, 0xff, 0xd0, 0x04, 0xf6, 0x00, 0x00, 0x01, 0x9e, 0xff, 0xff, 0xd0, 0x04, 0xf6, 0x00, 0x00,
    0x00, 0x00, 0x23, 0x1b, 0xd0, 0x04, 0xf6, 0x00, 0x00, 0x00, 0x00, 0x00, 0x0b, 0xd0, 0x04, 0xf6,
    0x00, 0x00, 0x00, 0x00, 0x00, 0x0b, 0xd0, 0x04, 0xf6, 0x00, 0x00, 0x00, 0x00, 0x00, 0x0b, 0xd0,
    0x04, 0xf6, 0x00, 0x00, 0x00, 0x00, 0x00, 0x0b, 0xd0, 0x04, 0xf6, 0x00, 0x00, 0x00, 0x00, 0x00,
    0x0b, 0xd0, 0x04, 0xf6, 0x00, 0x00, 0x00, 0x00, 0x00, 0x0b, 0xd0, 0x04, 0xf6, 0x00, 0x00, 0x00,
    0x00, 0x00, 0x0b, 0xd0, 0x04, 0xf6, 0x00, 0x00, 0x00, 0x00, 0x00, 0x0b, 0xd0, 0x04, 0xf6, 0x00,
    0x00, 0x00, 0x00, 0x00, 0x0b, 0xd0, 0x04, 0xf6, 0x00, 0x00, 0x00, 0x00, 0x00, 0x0b, 0xd0, 0x04,
    0xf6, 0x00, 0x00, 0x6e, 0xc1, 0x00, 0x00, 0xef, 0xf6, 0x00, 0x00, 0xef, 0xf6, 0x00, 0x00, 0x6e,
    0xc1, 0x00, 0x00, 0x00, 0x00, 0x00, 0x00, 0x00, 0x00, 0x00, 0x00, 0x00, 0x00, 0x00, 0x00, 0x00,
    0x00, 0x00, 0x00, 0x00, 0x00, 0x00, 0x00, 0x00, 0x00, 0x00, 0x00, 0x00, 0x00, 0x00, 0x00, 0x00,
    0x00, 0x00, 0x00, 0x47, 0x10, 0x00, 0xdb, 0x00, 0x05, 0xff, 0xa1, 0x00, 0x19, 0xfb, 0x00, 0x02,
    0xfe, 0x58, 0x8d, 0xf9, 0x8f, 0xfc, 0x70, 0x00, 0x03, 0xdf, 0xb0, 0x00, 0x00, 0x7f, 0xff, 0xb0,
    0x00, 0x0a, 0xfd, 0x5f, 0xb0, 0x00, 0x05, 0x91, 0x4f, 0xb0, 0x00, 0x00, 0x00, 0x4f, 0xb0, 0x00,
    0x00, 0x00, 0x4f, 0xb0, 0x00, 0x00, 0x00, 0x4f, 0xb0, 0x00, 0x00, 0x00, 0x4f, 0xb0, 0x00, 0x00,
    0x00, 0x4f, 0xb0, 0x00, 0x00, 0x00, 0x4f, 0xb0, 0x00, 0x00, 0x00, 0x4f, 0xb0, 0x00, 0x00, 0x00,
    0x4f, 0xb0, 0x00, 0x00, 0x00, 0x00, 0x00, 0x00, 0x00, 0x00, 0x00, 0x00, 0x00, 0x00, 0x00, 0x00,
    0x00, 0x00, 0x00, 0x00, 0x00, 0x00, 0x00, 0x00, 0x00, 0x00, 0x00, 0x00, 0x00, 0x00, 0x00, 0x00,
    0x00, 0x00, 0x00, 0x00, 0x00, 0x00, 0x00, 0x00, 0x00, 0x00, 0x00, 0x00, 0x00, 0x00, 0x00, 0x00,
    0x00, 0x00, 0x00, 0x00, 0x00, 0x00, 0x00, 0x00, 0x00, 0x00, 0x00, 0x00, 0x00, 0x00, 0x00, 0x00,
    0x3a, 0xef, 0xd7, 0x00, 0x00, 0x3e, 0xd6, 0x48, 0xfb, 0x00, 0x0b, 0xf1, 0x00, 0x08, 0xf4, 0x00,
    0xfc, 0x00, 0x00, 0x4f, 0x80, 0x1f, 0xa0, 0x00, 0x02, 0xfa, 0x01, 0xfb, 0x00, 0x00, 0x3f, 0x90,
    0x0c, 0xe1, 0x00, 0x07, 0xf5, 0x00, 0x4f, 0xa3, 0x15, 0xec, 0x00, 0x00, 0x5d, 0xff, 0xfa, 0x10,
    0x00, 0x00, 0x02, 0x31, 0x00, 0x00, 0x00, 0x00, 0x00, 0x00, 0x00, 0x00, 0x00, 0x00, 0x00, 0x00,
    0x00, 0x00, 0x00, 0x00, 0x00, 0x00, 0x00, 0x00, 0x00, 0x00, 0x00, 0x00, 0x00, 0x00, 0x00, 0x00,
    0x00, 0x00, 0x00, 0x00, 0x00, 0x00, 0x00, 0x00, 0x00, 0x00, 0x00, 0x00, 0x00, 0x00, 0x00, 0x00,
    0x00, 0x00, 0x00, 0x00, 0x00, 0x00, 0x00, 0x00, 0x00, 0x00, 0x00, 0x00, 0x00, 0x00, 0x10, 0x00,
    0x00, 0x10, 0x00, 0x00, 0x06, 0xe6, 0x00, 0x1a, 0xd1, 0x00, 0x00, 0x05, 0xff, 0x40, 0x0c, 0xfc,
    0x00, 0x00, 0x00, 0x8f, 0xe2, 0x01, 0xdf, 0xa0, 0x00, 0x00, 0x0b, 0xfd, 0x10, 0x3e, 0xf7, 0x00,
    0x00, 0x01, 0xdf, 0xb0, 0x05, 0xff, 0x50, 0x00, 0x00, 0x3f, 0xf7, 0x00, 0xaf, 0xe1, 0x00, 0x00,
    0xbf, 0xd1, 0x03, 0xef, 0x80, 0x00, 0x08, 0xfe, 0x30, 0x1d, 0xfa, 0x00, 0x00, 0x5f, 0xf5, 0x00,
    0xcf, 0xc1, 0x00, 0x03, 0xff, 0x70, 0x09, 0xfd, 0x20, 0x00, 0x08, 0xf9, 0x00, 0x2d, 0xe3, 0x00,
    0x00, 0x00, 0x30, 0x00, 0x01, 0x30, 0x00, 0x00, 0x00, 0x00, 0x00, 0x00, 0x00, 0x00, 0x00, 0x00,
    0x03, 0xdf, 0xa0, 0x00, 0x00, 0x00, 0x09, 0xf8, 0x00, 0x00, 0x07, 0xff, 0xfa, 0x00, 0x00, 0x00,
    0x03, 0xfd, 0x10, 0x00, 0x0b, 0xfd, 0x6f, 0xa0, 0x00, 0x00, 0x00, 0xcf, 0x50, 0x00, 0x00, 0x79,
    0x15, 0xfa, 0x00, 0x00, 0x00, 0x6f, 0xb0, 0x00, 0x00, 0x00, 0x00, 0x5f, 0xa0, 0x00, 0x00, 0x1e,
    0xe2, 0x00, 0x00, 0x00, 0x00, 0x05, 0xfa, 0x00, 0x00, 0x09, 0xf7, 0x00, 0x00, 0x00, 0x00, 0x00,
    0x5f, 0xa0, 0x00, 0x04, 0xfd, 0x00, 0x00, 0x00, 0x00, 0x00, 0x05, 0xfa, 0x00, 0x00, 0xcf, 0x40,
    0x00, 0x00, 0x00, 0x00, 0x00, 0x5f, 0xa0, 0x00, 0x7f, 0xa0, 0x00, 0x7f, 0xe0, 0x00, 0x00, 0x05,
    0xfa, 0x00, 0x2e, 0xe1, 0x00, 0x3f, 0xfe, 0x00, 0x00, 0x00, 0x5f, 0xa0, 0x0a, 0xf6, 0x00, 0x0c,
    0xdf, 0xe0, 0x00, 0x00, 0x05, 0xfa, 0x04, 0xfc, 0x00, 0x07, 0xf5, 0xfe, 0x00, 0x00, 0x00, 0x00,
    0x00, 0xdf, 0x30, 0x03, 0xf8, 0x3f, 0xe0, 0x00, 0x00, 0x00, 0x00, 0x8f, 0x90, 0x00, 0xcd, 0x13,
    0xfe, 0x00, 0x00, 0x00, 0x00, 0x2f, 0xe1, 0x00, 0x8f, 0x40, 0x3f, 0xe0, 0x00, 0x00, 0x00, 0x0b,
    0xf6, 0x00, 0x3f, 0x90, 0x03, 0xfe, 0x00, 0x00, 0x00, 0x05, 0xfb, 0x00, 0x0a, 0xff, 0xff, 0xff,
    0xff, 0x90, 0x00, 0x01, 0xdf, 0x30, 0x00, 0x6a, 0xaa, 0xab, 0xff, 0xa6, 0x00, 0x00, 0x8f, 0x80,
    0x00, 0x00, 0x00, 0x00, 0x3f, 0xe0, 0x00, 0x00, 0x3f, 0xd1, 0x00, 0x00, 0x00, 0x00, 0x03, 0xfe,
    0x00, 0x00, 0x07, 0xff, 0x40, 0x00, 0x00, 0x00, 0x6f, 0xa0, 0x00, 0x00, 0x01, 0xbf, 0xff, 0x40,
    0x00, 0x00, 0x01, 0xee, 0x20, 0x00, 0x00, 0x2e, 0xf9, 0xaf, 0x40, 0x00, 0x00, 0x0a, 0xf7, 0x00,
    0x00, 0x00, 0x0b, 0x60, 0xaf, 0x40, 0x00, 0x00, 0x4f, 0xd0, 0x00, 0x00, 0x00, 0x00, 0x00, 0xaf,
    0x40, 0x00, 0x00, 0xdf, 0x40, 0x00, 0x00, 0x00, 0x00, 0x00, 0xaf, 0x40, 0x00, 0x07, 0xfa, 0x00,
    0x00, 0x00, 0x00, 0x00, 0x00, 0xaf, 0x40, 0x00, 0x2e, 0xe1, 0x00, 0x00, 0x00, 0x00, 0x00, 0x00,
    0xaf, 0x40, 0x00, 0xaf, 0x60, 0x00, 0x00, 0x00, 0x00, 0x00, 0x00, 0xaf, 0x40, 0x04, 0xfc, 0x02,
    0x9d, 0xfd, 0x92, 0x00, 0x00, 0x00, 0xaf, 0x40, 0x1d, 0xf3, 0x2f, 0xfb, 0x9c, 0xfd, 0x10, 0x00,
    0x00, 0xaf, 0x40, 0x8f, 0x90, 0x07, 0x30, 0x00, 0xcf, 0x50, 0x00, 0x00, 0xaf, 0x42, 0xfe, 0x10,
    0x00, 0x00, 0x00, 0xaf, 0x50, 0x00, 0x00, 0x00, 0x0b, 0xf5, 0x00, 0x00, 0x00, 0x00, 0xdf, 0x20,
    0x00, 0x00, 0x00, 0x5f, 0xb0, 0x00, 0x00, 0x00, 0x08, 0xf8, 0x00, 0x00, 0x00, 0x01, 0xef, 0x20,
    0x00, 0x00, 0x00, 0x8f, 0xa0, 0x00, 0x00, 0x00, 0x09, 0xf8, 0x00, 0x00, 0x00, 0x09, 0xf9, 0x00,
    0x00, 0x00, 0x00, 0x3f, 0xd1, 0x00, 0x00, 0x00, 0xaf, 0x80, 0x00, 0x00, 0x00, 0x00, 0xcf, 0x50,
    0x00, 0x00, 0x1b, 0xf7, 0x00, 0x00, 0x00, 0x00, 0x06, 0xfa, 0x00, 0x00, 0x00, 0x8f, 0xff, 0xff,
    0xff, 0x50, 0x00, 0x1e, 0xe2, 0x00, 0x00, 0x00, 0x8f, 0xff, 0xff, 0xff, 0x50, 0x00, 0x00, 0x00,
    0x00, 0x00, 0x00, 0x00, 0x00, 0x00, 0x00, 0x00, 0x02, 0x9d, 0xfe, 0xa3, 0x00, 0x00, 0x00, 0x00,
    0x2a, 0x90, 0x00, 0x3e, 0xff, 0xff, 0xfe, 0x20, 0x00, 0x00, 0x00, 0xbf, 0x50, 0x00, 0x1a, 0x73,
    0x13, 0xcf, 0x70, 0x00, 0x00, 0x06, 0xfb, 0x00, 0x00, 0x00, 0x00, 0x00, 0x8f, 0x70, 0x00, 0x00,
    0x1e, 0xe2, 0x00, 0x00, 0x00, 0x00, 0x14, 0xef, 0x30, 0x00, 0x00, 0x9f, 0x70, 0x00, 0x00, 0x00,
    0xcf, 0xff, 0xd4, 0x00, 0x00, 0x04, 0xfd, 0x00, 0x00, 0x00, 0x00, 0xcf, 0xff, 0xf9, 0x10, 0x00,
    0x0d, 0xf4, 0x00, 0x00, 0x00, 0x00, 0x00, 0x14, 0xcf, 0x80, 0x00, 0x7f, 0x90, 0x00, 0x00, 0x00,
    0x00, 0x00, 0x00, 0x3f, 0xd0, 0x02, 0xee, 0x10, 0x07, 0xfe, 0x00, 0x00, 0x00, 0x00, 0x3f, 0xd0,
    0x0b, 0xf6, 0x00, 0x3f, 0xfe, 0x00, 0x88, 0x31, 0x13, 0xcf, 0xa0, 0x5f, 0xb0, 0x00, 0xce, 0xfe,
    0x00, 0x9f, 0xff, 0xff, 0xfe, 0x21, 0xef, 0x20, 0x07, 0xf7, 0xfe, 0x00, 0x28, 0xde, 0xfd, 0x92,
    0x09, 0xf8, 0x00, 0x3f, 0xa3, 0xfe, 0x00, 0x00, 0x00, 0x00, 0x00, 0x3f, 0xd0, 0x00, 0xce, 0x13,
    0xfe, 0x00, 0x00, 0x00, 0x00, 0x00, 0xcf, 0x40, 0x08, 0xf5, 0x03, 0xfe, 0x00, 0x00, 0x00, 0x00,
    0x07, 0xfa, 0x00, 0x3f, 0xa0, 0x03, 0xfe, 0x00, 0x00, 0x00, 0x00, 0x2e, 0xe1, 0x00, 0xaf, 0xff,
    0xff, 0xff, 0xf9, 0x00, 0x00, 0x00, 0xaf, 0x60, 0x00, 0x6a, 0xaa, 0xab, 0xff, 0xa6, 0x00, 0x00,
    0x05, 0xfc, 0x00, 0x00, 0x00, 0x00, 0x03, 0xfe, 0x00, 0x00, 0x00, 0x1d, 0xf3, 0x00, 0x00, 0x00,
    0x00, 0x03, 0xfe, 0x00, 0x00, 0x00, 0x02, 0xde, 0x40, 0x00, 0x00, 0x00, 0x08, 0xff, 0xb0, 0x00,
    0x00, 0x00, 0x08, 0xff, 0xb0, 0x00, 0x00, 0x00, 0x03, 0xde, 0x50, 0x00, 0x00, 0x00, 0x00, 0x00,
    0x00, 0x00, 0x00, 0x00, 0x00, 0x00, 0x00, 0x00, 0x00, 0x00, 0x00, 0xad, 0x20, 0x00, 0x00, 0x00,
    0x00, 0xef, 0x20, 0x00, 0x00, 0x00, 0x04, 0xfe, 0x00, 0x00, 0x00, 0x00, 0x3e, 0xf8, 0x00, 0x00,
    0x00, 0x05, 0xef, 0xb0, 0x00, 0x00, 0x00, 0x7f, 0xf9, 0x00, 0x00, 0x00, 0x06, 0xff, 0x70, 0x00,
    0x00, 0x00, 0x0e, 0xf9, 0x00, 0x00, 0x00, 0x00, 0x4f, 0xf2, 0x00, 0x00, 0x00, 0x00, 0x5f, 0xf1,
    0x00, 0x00, 0x00, 0x00, 0x3f, 0xf5, 0x00, 0x00, 0x00, 0x20, 0x0c, 0xfe, 0x62, 0x11, 0x5a, 0xf3,
    0x03, 0xef, 0xff, 0xff, 0xff, 0xf8, 0x00, 0x18, 0xce, 0xfe, 0xc8, 0x30, 0x00, 0x00, 0x06, 0x88,
    0x20, 0x00, 0x00, 0x00, 0x00, 0x00, 0x00, 0x04, 0xff, 0xb0, 0x00, 0x00, 0x00, 0x00, 0x00, 0x00,
    0x00, 0x6f, 0xf5, 0x00, 0x00, 0x00, 0x00, 0x00, 0x00, 0x00, 0x07, 0xfe, 0x10, 0x00, 0x00, 0x00,
    0x00, 0x00, 0x00, 0x00, 0x6f, 0xa0, 0x00, 0x00, 0x00, 0x00, 0x00, 0x00, 0x00, 0x00, 0x00, 0x00,
    0x00, 0x00, 0x00, 0x00, 0x00, 0x00, 0x00, 0x00, 0x00, 0x00, 0x00, 0x00, 0x00, 0x00, 0x06, 0xff,
    0x40, 0x00, 0x00, 0x00, 0x00, 0x00, 0x00, 0x0c, 0xff, 0xa0, 0x00, 0x00, 0x00, 0x00, 0x00, 0x00,
    0x2f, 0xef, 0xf1, 0x00, 0x00, 0x00, 0x00, 0x00, 0x00, 0x8f, 0xad, 0xf7, 0x00, 0x00, 0x00, 0x00,
    0x00, 0x00, 0xef, 0x68, 0xfc, 0x00, 0x00, 0x00, 0x00, 0x00, 0x05, 0xff, 0x13, 0xff, 0x30, 0x00,
    0x00, 0x00, 0x00, 0x0b, 0xfb, 0x00, 0xdf, 0x90, 0x00, 0x00, 0x00, 0x00, 0x2f, 0xf5, 0x00, 0x7f,
    0xe1, 0x00, 0x00, 0x00, 0x00, 0x8f, 0xe1, 0x00, 0x2f, 0xf6, 0x00, 0x00, 0x00, 0x00, 0xdf, 0x90,
    0x00, 0x0b, 0xfc, 0x00, 0x00, 0x00, 0x04, 0xff, 0x40, 0x00, 0x06, 0xff, 0x20, 0x00, 0x00, 0x0a,
    0xfe, 0x33, 0x33, 0x34, 0xff, 0x80, 0x00, 0x00, 0x1f, 0xff, 0xff, 0xff, 0xff, 0xff, 0xe0, 0x00,
    0x00, 0x7f, 0xff, 0xff, 0xff, 0xff, 0xff, 0xf5, 0x00, 0x00, 0xdf, 0xb0, 0x00, 0x00, 0x00, 0x0e,
    0xfb, 0x00, 0x04, 0xff, 0x50, 0x00, 0x00, 0x00, 0x08, 0xff, 0x20, 0x0a, 0xfe, 0x00, 0x00, 0x00,
    0x00, 0x02, 0xff, 0x70, 0x1e, 0xf8, 0x00, 0x00, 0x00, 0x00, 0x00, 0xbf, 0xd0, 0x6f, 0xf2, 0x00,
    0x00, 0x00, 0x00, 0x00, 0x5f, 0xf4, 0xcf, 0xb0, 0x00, 0x00, 0x00, 0x00, 0x00, 0x0e, 0xfa, 0x00,
    0x00, 0x00, 0x00, 0x02, 0x88, 0x60, 0x00, 0x00, 0x00, 0x00, 0x00, 0x00, 0x0a, 0xff, 0x50, 0x00,
    0x00, 0x00, 0x00, 0x00, 0x00, 0x4f, 0xf7, 0x00, 0x00, 0x00, 0x00, 0x00, 0x00, 0x01, 0xdf, 0x80,
    0x00, 0x00, 0x00, 0x00, 0x00, 0x00, 0x09, 0xf7, 0x00, 0x00, 0x00, 0x00, 0x00, 0x00, 0x00, 0x00,
    0x00, 0x00, 0x00, 0x00, 0x00, 0x00, 0x00, 0x00, 0x00, 0x00, 0x00, 0x00, 0x00, 0x00, 0x00, 0x00,
    0x00, 0x06, 0xff, 0x40, 0x00, 0x00, 0x00, 0x00, 0x00, 0x00, 0x0c, 0xff, 0xa0, 0x00, 0x00, 0x00,
    0x00, 0x00, 0x00, 0x2f, 0xef, 0xf1, 0x00, 0x00, 0x00, 0x00, 0x00, 0x00, 0x8f, 0xad, 0xf7, 0x00,
    0x00, 0x00, 0x00, 0x00, 0x00, 0xef, 0x68, 0xfc, 0x00, 0x00, 0x00, 0x00, 0x00, 0x05, 0xff, 0x13,
    0xff, 0x30, 0x00, 0x00, 0x00, 0x00, 0x0b, 0xfb, 0x00, 0xdf, 0x90, 0x00, 0x00, 0x00, 0x00, 0x2f,
    0xf5, 0x00, 0x7f, 0xe1, 0x00, 0x00, 0x00, 0x00, 0x8f, 0xe1, 0x00, 0x2f, 0xf6, 0x00, 0x00, 0x00,
    0x00, 0xdf, 0x90, 0x00, 0x0b, 0xfc, 0x00, 0x00, 0x00, 0x04, 0xff, 0x40, 0x00, 0x06, 0xff, 0x20,
    0x00, 0x00, 0x0a, 0xfe, 0x33, 0x33, 0x34, 0xff, 0x80, 0x00, 0x00, 0x1f, 0xff, 0xff, 0xff, 0xff,
    0xff, 0xe0, 0x00, 0x00, 0x7f, 0xff, 0xff, 0xff, 0xff, 0xff, 0xf5, 0x00, 0x00, 0xdf, 0xb0, 0x00,
    0x00, 0x00, 0x0e, 0xfb, 0x00, 0x04, 0xff, 0x50, 0x00, 0x00, 0x00, 0x08, 0xff, 0x20, 0x0a, 0xfe,
    0x00, 0x00, 0x00, 0x00, 0x02, 0xff, 0x70, 0x1e, 0xf8, 0x00, 0x00, 0x00, 0x00, 0x00, 0xbf, 0xd0,
    0x6f, 0xf2, 0x00, 0x00, 0x00, 0x00, 0x00, 0x5f, 0xf4, 0xcf, 0xb0, 0x00, 0x00, 0x00, 0x00, 0x00,
    0x0e, 0xfa, 0x00, 0x00, 0x00, 0x04, 0x88, 0x30, 0x00, 0x00, 0x00, 0x00, 0x00, 0x00, 0x1e, 0xff,
    0xc0, 0x00, 0x00, 0x00, 0x00, 0x00, 0x00, 0xcf, 0xce, 0xfa, 0x00, 0x00, 0x00, 0x00, 0x00, 0x0a,
    0xfb, 0x12, 0xdf, 0x80, 0x00, 0x00, 0x00, 0x00, 0x8f, 0x80, 0x00, 0x1a, 0xf7, 0x00, 0x00, 0x00,
    0x00, 0x00, 0x00, 0x00, 0x00, 0x00, 0x00, 0x00, 0x00, 0x00, 0x00, 0x00, 0x00, 0x00, 0x00, 0x00,
    0x00, 0x00, 0x00, 0x00, 0x06, 0xff, 0x40, 0x00, 0x00, 0x00, 0x00, 0x00, 0x00, 0x0c, 0xff, 0xa0,
    0x00, 0x00, 0x00, 0x00, 0x00, 0x00, 0x2f, 0xef, 0xf1, 0x00, 0x00, 0x00, 0x00, 0x00, 0x00, 0x8f,
    0xad, 0xf7, 0x00, 0x00, 0x00, 0x00, 0x00, 0x00, 0xef, 0x68, 0xfc, 0x00, 0x00, 0x00, 0x00, 0x00,
    0x05, 0xff, 0x13, 0xff, 0x30, 0x00, 0x00, 0x00, 0x00, 0x0b, 0xfb, 0x00, 0xdf, 0x90, 0x00, 0x00,
    0x00, 0x00, 0x2f, 0xf5, 0x00, 0x7f, 0xe1, 0x00, 0x00, 0x00, 0x00, 0x8f, 0xe1, 0x00, 0x2f, 0xf6,
    0x00, 0x00, 0x00, 0x00, 0xdf, 0x90, 0x00, 0x0b, 0xfc, 0x00, 0x00, 0x00, 0x04, 0xff, 0x40, 0x00,
    0x06, 0xff, 0x20, 0x00, 0x00, 0x0a, 0xfe, 0x33, 0x33, 0x34, 0xff, 0x80, 0x00, 0x00, 0x1f, 0xff,
    0xff, 0xff, 0xff, 0xff, 0xe0, 0x00, 0x00, 0x7f, 0xff, 0xff, 0xff, 0xff, 0xff, 0xf5, 0x00, 0x00,
    0xdf, 0xb0, 0x00, 0x00, 0x00, 0x0e, 0xfb, 0x00, 0x04, 0xff, 0x50, 0x00, 0x00, 0x00, 0x08, 0xff,
    0x20, 0x0a, 0xfe, 0x00, 0x00, 0x00, 0x00, 0x02, 0xff, 0x70, 0x1e, 0xf8, 0x00, 0x00, 0x00, 0x00,
    0x00, 0xbf, 0xd0, 0x6f, 0xf2, 0x00, 0x00, 0x00, 0x00, 0x00, 0x5f, 0xf4, 0xcf, 0xb0, 0x00, 0x00,
    0x00, 0x00, 0x00, 0x0e, 0xfa, 0x00, 0x00, 0x00, 0x00, 0x00, 0x00, 0x00, 0x00, 0x00, 0x00, 0x00,
    0x09, 0xfd, 0x60, 0x00, 0x8e, 0x00, 0x00, 0x00, 0x00, 0x8f, 0xff, 0xfb, 0x32, 0xeb, 0x00, 0x00,
    0x00, 0x00, 0xeb, 0x14, 0xcf, 0xff, 0xf4, 0x00, 0x00, 0x00, 0x02, 0xf5, 0x00, 0x08, 0xee, 0x70,
    0x00, 0x00, 0x00, 0x00, 0x00, 0x00, 0x00, 0x00, 0x00, 0x00, 0x00, 0x00, 0x00, 0x00, 0x00, 0x00,
    0x00, 0x00, 0x00, 0x00, 0x00, 0x00, 0x00, 0x06, 0xff, 0x40, 0x00, 0x00, 0x00, 0x00, 0x00, 0x00,
    0x0c, 0xff, 0xa0, 0x00, 0x00, 0x00, 0x00, 0x00, 0x00, 0x2f, 0xef, 0xf1, 0x00, 0x00, 0x00, 0x00,
    0x00, 0x00, 0x8f, 0xad, 0xf7, 0x00, 0x00, 0x00, 0x00, 0x00, 0x00, 0xef, 0x68, 0xfc, 0x00, 0x00,
    0x00, 0x00, 0x00, 0x05, 0xff, 0x13, 0xff, 0x30, 0x00, 0x00, 0x00, 0x00, 0x0b, 0xfb, 0x00, 0xdf,
    0x90, 0x00, 0x00, 0x00, 0x00, 0x2f, 0xf5, 0x00, 0x7f, 0xe1, 0x00, 0x00, 0x00, 0x00, 0x8f, 0xe1,
    0x00, 0x2f, 0xf6, 0x00, 0x00, 0x00, 0x00, 0xdf, 0x90, 0x00, 0x0b, 0xfc, 0x00, 0x00, 0x00, 0x04,
    0xff, 0x40, 0x00, 0x06, 0xff, 0x20, 0x00, 0x00, 0x0a, 0xfe, 0x33, 0x33, 0x34, 0xff, 0x80, 0x00,
    0x00, 0x1f, 0xff, 0xff, 0xff, 0xff, 0xff, 0xe0, 0x00, 0x00, 0x7f, 0xff, 0xff, 0xff, 0xff, 0xff,
    0xf5, 0x00, 0x00, 0xdf, 0xb0, 0x00, 0x00, 0x00, 0x0e, 0xfb, 0x00, 0x04, 0xff, 0x50, 0x00, 0x00,
    0x00, 0x08, 0xff, 0x20, 0x0a, 0xfe, 0x00, 0x00, 0x00, 0x00, 0x02, 0xff, 0x70, 0x1e, 0xf8, 0x00,
    0x00, 0x00, 0x00, 0x00, 0xbf, 0xd0, 0x6f, 0xf2, 0x00, 0x00, 0x00, 0x00, 0x00, 0x5f, 0xf4, 0xcf,
    0xb0, 0x00, 0x00, 0x00, 0x00, 0x00, 0x0e, 0xfa, 0x00, 0x00, 0x08, 0xc3, 0x00, 0x5c, 0x50, 0x00,
    0x00, 0x00, 0x00, 0x0f, 0xf8, 0x00, 0xbf, 0xc0, 0x00, 0x00, 0x00, 0x00, 0x0a, 0xe4, 0x00, 0x7e,
    0x70, 0x00, 0x00, 0x00, 0x00, 0x00, 0x00, 0x00, 0x00, 0x00, 0x00, 0x00, 0x00, 0x00, 0x00, 0x00,
    0x00, 0x00, 0x00, 0x00, 0x00, 0x00, 0x00, 0x00, 0x06, 0xff, 0x40, 0x00, 0x00, 0x00, 0x00, 0x00,
    0x00, 0x0c, 0xff, 0xa0, 0x00, 0x00, 0x00, 0x00, 0x00, 0x00, 0x2f, 0xef, 0xf1, 0x00, 0x00, 0x00,
    0x00, 0x00, 0x00, 0x8f, 0xad, 0xf7, 0x00, 0x00, 0x00, 0x00, 0x00, 0x00, 0xef, 0x68, 0xfc, 0x00,
    0x00, 0x00, 0x00, 0x00, 0x05, 0xff, 0x13, 0xff, 0x30, 0x00, 0x00, 0x00, 0x00, 0x0b, 0xfb, 0x00,
    0xdf, 0x90, 0x00, 0x00, 0x00, 0x00, 0x2f, 0xf5, 0x00, 0x7f, 0xe1, 0x00, 0x00, 0x00, 0x00, 0x8f,
    0xe1, 0x00, 0x2f, 0xf6, 0x00, 0x00, 0x00, 0x00, 0xdf, 0x90, 0x00, 0x0b, 0xfc, 0x00, 0x00, 0x00,
    0x04, 0xff, 0x40, 0x00, 0x06, 0xff, 0x20, 0x00, 0x00, 0x0a, 0xfe, 0x33, 0x33, 0x34, 0xff, 0x80,
    0x00, 0x00, 0x1f, 0xff, 0xff, 0xff, 0xff, 0xff, 0xe0, 0x00, 0x00, 0x7f, 0xff, 0xff, 0xff, 0xff,
    0xff, 0xf5, 0x00, 0x00, 0xdf, 0xb0, 0x00, 0x00, 0x00, 0x0e, 0xfb, 0x00, 0x04, 0xff, 0x50, 0x00,
    0x00, 0x00, 0x08, 0xff, 0x20, 0x0a, 0xfe, 0x00, 0x00, 0x00, 0x00, 0x02, 0xff, 0x70, 0x1e, 0xf8,
    0x00, 0x00, 0x00, 0x00, 0x00, 0xbf, 0xd0, 0x6f, 0xf2, 0x00, 0x00, 0x00, 0x00, 0x00, 0x5f, 0xf4,
    0xcf, 0xb0, 0x00, 0x00, 0x00, 0x00, 0x00, 0x0e, 0xfa, 0x00, 0x00, 0x00, 0x2a, 0xed, 0x80, 0x00,
    0x00, 0x00, 0x00, 0x00, 0x00, 0xcd, 0x46, 0xf8, 0x00, 0x00, 0x00, 0x00, 0x00, 0x01, 0xf6, 0x00,
    0xad, 0x00, 0x00, 0x00, 0x00, 0x00, 0x02, 0xf6, 0x00, 0x9e, 0x00, 0x00, 0x00, 0x00, 0x00, 0x00,
    0xdb, 0x13, 0xea, 0x00, 0x00, 0x00, 0x00, 0x00, 0x00, 0x3f, 0xff, 0xf1, 0x00, 0x00, 0x00, 0x00,
    0x00, 0x00, 0x0c, 0xff, 0xa0, 0x00, 0x00, 0x00, 0x00, 0x00, 0x00, 0x2f, 0xef, 0xf1, 0x00, 0x00,
    0x00, 0x00, 0x00, 0x00, 0x8f, 0xad, 0xf7, 0x00, 0x00, 0x00, 0x00, 0x00, 0x00, 0xef, 0x68, 0xfc,
    0x00, 0x00, 0x00, 0x00, 0x00, 0x05, 0xff, 0x13, 0xff, 0x30, 0x00, 0x00, 0x00, 0x00, 0x0b, 0xfb,
    0x00, 0xdf, 0x90, 0x00, 0x00, 0x00, 0x00, 0x2f, 0xf5, 0x00, 0x7f, 0xe1, 0x00, 0x00, 0x00, 0x00,
    0x8f, 0xe1, 0x00, 0x2f, 0xf6, 0x00, 0x00, 0x00, 0x00, 0xdf, 0x90, 0x00, 0x0b, 0xfc, 0x00, 0x00,
    0x00, 0x04, 0xff, 0x40, 0x00, 0x06, 0xff, 0x20, 0x00, 0x00, 0x0a, 0xfe, 0x33, 0x33, 0x34, 0xff,
    0x80, 0x00, 0x00, 0x1f, 0xff, 0xff, 0xff, 0xff, 0xff, 0xe0, 0x00, 0x00, 0x7f, 0xff, 0xff, 0xff,
    0xff, 0xff, 0xf5, 0x00, 0x00, 0xdf, 0xb0, 0x00, 0x00, 0x00, 0x0e, 0xfb, 0x00, 0x04, 0xff, 0x50,
    0x00, 0x00, 0x00, 0x08, 0xff, 0x20, 0x0a, 0xfe, 0x00, 0x00, 0x00, 0x00, 0x02, 0xff, 0x70, 0x1e,
    0xf8, 0x00, 0x00, 0x00, 0x00, 0x00, 0xbf, 0xd0, 0x6f, 0xf2, 0x00, 0x00, 0x00, 0x00, 0x00, 0x5f,
    0xf4, 0xcf, 0xb0, 0x00, 0x00, 0x00, 0x00, 0x00, 0x0e, 0xfa, 0x00, 0x00, 0x00, 0x00, 0x00, 0xcf,
    0xff, 0xff, 0xff, 0xff, 0xff, 0xff, 0x00, 0x00, 0x00, 0x00, 0x00, 0x04, 0xff, 0xff, 0xff, 0xff,
    0xff, 0xff, 0xff, 0x00, 0x00, 0x00, 0x00, 0x00, 0x0b, 0xfb, 0x06, 0xff, 0x20, 0x00, 0x00, 0x00,
    0x00, 0x00, 0x00, 0x00, 0x00, 0x3f, 0xf4, 0x06, 0xff, 0x10, 0x00, 0x00, 0x00, 0x00, 0x00, 0x00,
    0x00, 0x00, 0xaf, 0xd0, 0x06, 0xff, 0x10, 0x00, 0x00, 0x00, 0x00, 0x00, 0x00, 0x00, 0x02, 0xff,
    0x60, 0x06, 0xff, 0x10, 0x00, 0x00, 0x00, 0x00, 0x00, 0x00, 0x00, 0x09, 0xfe, 0x10, 0x06, 0xff,
    0x10, 0x00, 0x00, 0x00, 0x00, 0x00, 0x00, 0x00, 0x2f, 0xf8, 0x00, 0x06, 0xff, 0x10, 0x00, 0x00,
    0x00, 0x00, 0x00, 0x00, 0x00, 0x9f, 0xf2, 0x00, 0x06, 0xff, 0x20, 0x00, 0x00, 0x00, 0x00, 0x00,
    0x00, 0x01, 0xef, 0xa0, 0x00, 0x06, 0xff, 0xff, 0xff, 0xff, 0xf7, 0x00, 0x00, 0x00, 0x08, 0xff,
    0x30, 0x00, 0x06, 0xff, 0xff, 0xff, 0xff, 0xf7, 0x00, 0x00, 0x00, 0x1e, 0xfc, 0x00, 0x00, 0x06,
    0xff, 0x10, 0x00, 0x00, 0x00, 0x00, 0x00, 0x00, 0x7f, 0xff, 0xff, 0xff, 0xff, 0xff, 0x10, 0x00,
    0x00, 0x00, 0x00, 0x00, 0x00, 0xef, 0xff, 0xff, 0xff, 0xff, 0xff, 0x10, 0x00, 0x00, 0x00, 0x00,
    0x00, 0x06, 0xff, 0x50, 0x00, 0x00, 0x06, 0xff, 0x10, 0x00, 0x00, 0x00, 0x00, 0x00, 0x0d, 0xfc,
    0x00, 0x00, 0x00, 0x06, 0xff, 0x10, 0x00, 0x00, 0x00, 0x00, 0x00, 0x6f, 0xf5, 0x00, 0x00, 0x00,
    0x06, 0xff, 0x10, 0x00, 0x00, 0x00, 0x00, 0x00, 0xdf, 0xc0, 0x00, 0x00, 0x00, 0x06, 0xff, 0x20,
    0x00, 0x00, 0x00, 0x00, 0x05, 0xff, 0x50, 0x00, 0x00, 0x00, 0x06, 0xff, 0xff, 0xff, 0xff, 0xff,
    0x00, 0x0c, 0xfc, 0x00, 0x00, 0x00, 0x00, 0x06, 0xff, 0xff, 0xff, 0xff, 0xff, 0x00, 0x00, 0x00,
    0x00, 0x06, 0xad, 0xef, 0xed, 0xa6, 0x10, 0x00, 0x00, 0x05, 0xef, 0xff, 0xff, 0xff, 0xff, 0x90,
    0x00, 0x00, 0x8f, 0xfe, 0x84, 0x11, 0x25, 0xaf, 0x20, 0x00, 0x06, 0xff, 0xc2, 0x00, 0x00, 0x00,
    0x01, 0x00, 0x00, 0x1e, 0xfe, 0x10, 0x00, 0x00, 0x00, 0x00, 0x00, 0x00, 0x7f, 0xf5, 0x00, 0x00,
    0x00, 0x00, 0x00, 0x00, 0x00, 0xcf, 0xe0, 0x00, 0x00, 0x00, 0x00, 0x00, 0x00, 0x01, 0xff, 0xa0,
    0x00, 0x00, 0x00, 0x00, 0x00, 0x00, 0x03, 0xff, 0x70, 0x00, 0x00, 0x00, 0x00, 0x00, 0x00, 0x04,
    0xff, 0x60, 0x00, 0x00, 0x00, 0x00, 0x00, 0x00, 0x04, 0xff, 0x60, 0x00, 0x00, 0x00, 0x00, 0x00,
    0x00, 0x03, 0xff, 0x70, 0x00, 0x00, 0x00, 0x00, 0x00, 0x00, 0x01, 0xff, 0xa0, 0x00, 0x00, 0x00,
    0x00, 0x00, 0x00, 0x00, 0xdf, 0xd0, 0x00, 0x00, 0x00, 0x00, 0x00, 0x00, 0x00, 0x9f, 0xf4, 0x00,
    0x00, 0x00, 0x00, 0x00, 0x00, 0x00, 0x3f, 0xfd, 0x00, 0x00, 0x00, 0x00, 0x00, 0x00, 0x00, 0x09,
    0xff, 0xb1, 0x00, 0x00, 0x00, 0x00, 0x00, 0x00, 0x00, 0xbf, 0xfe, 0x73, 0x11, 0x23, 0x6a, 0x10,
    0x00, 0x00, 0x09, 0xff, 0xff, 0xff, 0xff, 0xff, 0x10, 0x00, 0x00, 0x00, 0x28, 0xce, 0xff, 0xed,
    0xa6, 0x00, 0x00, 0x00, 0x00, 0x00, 0x02, 0x83, 0x00, 0x00, 0x00, 0x00, 0x00, 0x00, 0x00, 0x09,
    0xe1, 0x00, 0x00, 0x00, 0x00, 0x00, 0x00, 0x00, 0x1e, 0xfc, 0x40, 0x00, 0x00, 0x00, 0x00, 0x00,
    0x00, 0x00, 0x5e, 0xe1, 0x00, 0x00, 0x00, 0x00, 0x00, 0x00, 0x00, 0x0c, 0xf3, 0x00, 0x00, 0x00,
    0x00, 0x00, 0x03, 0x88, 0xbf, 0xd0, 0x00, 0x00, 0x00, 0x00, 0x00, 0x04, 0xff, 0xd9, 0x20, 0x00,
    0x00, 0x00, 0x00, 0x17, 0x87, 0x00, 0x00, 0x00, 0x00, 0x00, 0x00, 0x09, 0xff, 0x50, 0x00, 0x00,
    0x00, 0x00, 0x00, 0x00, 0xbf, 0xe1, 0x00, 0x00, 0x00, 0x00, 0x00, 0x00, 0x1b, 0xf9, 0x00, 0x00,
    0x00, 0x00, 0x00, 0x00, 0x01, 0xbf, 0x50, 0x00, 0x00, 0x00, 0x00, 0x00, 0x00, 0x00, 0x00, 0x00,
    0x00, 0x00, 0x00, 0x00, 0x00, 0x00, 0x00, 0x00, 0x00, 0x00, 0x4f, 0xff, 0xff, 0xff, 0xff, 0xfd,
    0x00, 0x00, 0x4f, 0xff, 0xff, 0xff, 0xff, 0xfd, 0x00, 0x00, 0x4f, 0xf4, 0x00, 0x00, 0x00, 0x00,
    0x00, 0x00, 0x4f, 0xf4, 0x00, 0x00, 0x00, 0x00, 0x00, 0x00, 0x4f, 0xf4, 0x00, 0x00, 0x00, 0x00,
    0x00, 0x00, 0x4f, 0xf4, 0x00, 0x00, 0x00, 0x00, 0x00, 0x00, 0x4f, 0xf4, 0x00, 0x00, 0x00, 0x00,
    0x00, 0x00, 0x4f, 0xf4, 0x00, 0x00, 0x00, 0x00, 0x00, 0x00, 0x4f, 0xf4, 0x00, 0x00, 0x00, 0x00,
    0x00, 0x00, 0x4f, 0xff, 0xff, 0xff, 0xff, 0xf6, 0x00, 0x00, 0x4f, 0xff, 0xff, 0xff, 0xff, 0xf6,
    0x00, 0x00, 0x4f, 0xf4, 0x00, 0x00, 0x00, 0x00, 0x00, 0x00, 0x4f, 0xf4, 0x00, 0x00, 0x00, 0x00,
    0x00, 0x00, 0x4f, 0xf4, 0x00, 0x00, 0x00, 0x00, 0x00, 0x00, 0x4f, 0xf4, 0x00, 0x00, 0x00, 0x00,
    0x00, 0x00, 0x4f, 0xf4, 0x00, 0x00, 0x00, 0x00, 0x00, 0x00, 0x4f, 0xf4, 0x00, 0x00, 0x00, 0x00,
    0x00, 0x00, 0x4f, 0xf4, 0x00, 0x00, 0x00, 0x00, 0x00, 0x00, 0x4f, 0xff, 0xff, 0xff, 0xff, 0xfd,
    0x00, 0x00, 0x4f, 0xff, 0xff, 0xff, 0xff, 0xfd, 0x00, 0x00, 0x00, 0x00, 0x00, 0x05, 0x88, 0x30,
    0x00, 0x00, 0x00, 0x00, 0x00, 0x1e, 0xfd, 0x10, 0x00, 0x00, 0x00, 0x00, 0x00, 0xaf, 0xe2, 0x00,
    0x00, 0x00, 0x00, 0x00, 0x04, 0xfe, 0x30, 0x00, 0x00, 0x00, 0x00, 0x00, 0x1e, 0xd3, 0x00, 0x00,
    0x00, 0x00, 0x00, 0x00, 0x00, 0x00, 0x00, 0x00, 0x00, 0x00, 0x00, 0x00, 0x00, 0x00, 0x00, 0x00,
    0x00, 0x00, 0x4f, 0xff, 0xff, 0xff, 0xff, 0xfd, 0x00, 0x00, 0x4f, 0xff, 0xff, 0xff, 0xff, 0xfd,
    0x00, 0x00, 0x4f, 0xf4, 0x00, 0x00, 0x00, 0x00, 0x00, 0x00, 0x4f, 0xf4, 0x00, 0x00, 0x00, 0x00,
    0x00, 0x00, 0x4f, 0xf4, 0x00, 0x00, 0x00, 0x00, 0x00, 0x00, 0x4f, 0xf4, 0x00, 0x00, 0x00, 0x00,
    0x00, 0x00, 0x4f, 0xf4, 0x00, 0x00, 0x00, 0x00, 0x00, 0x00, 0x4f, 0xf4, 0x00, 0x00, 0x00, 0x00,
    0x00, 0x00, 0x4f, 0xf4, 0x00, 0x00, 0x00, 0x00, 0x00, 0x00, 0x4f, 0xff, 0xff, 0xff, 0xff, 0xf6,
    0x00, 0x00, 0x4f, 0xff, 0xff, 0xff, 0xff, 0xf6, 0x00, 0x00, 0x4f, 0xf4, 0x00, 0x00, 0x00, 0x00,
    0x00, 0x00, 0x4f, 0xf4, 0x00, 0x00, 0x00, 0x00, 0x00, 0x00, 0x4f, 0xf4, 0x00, 0x00, 0x00, 0x00,
    0x00, 0x00, 0x4f, 0xf4, 0x00, 0x00, 0x00, 0x00, 0x00, 0x00, 0x4f, 0xf4, 0x00, 0x00, 0x00, 0x00,
    0x00, 0x00, 0x4f, 0xf4, 0x00, 0x00, 0x00, 0x00, 0x00, 0x00, 0x4f, 0xf4, 0x00, 0x00, 0x00, 0x00,
    0x00, 0x00, 0x4f, 0xff, 0xff, 0xff, 0xff, 0xfd, 0x00, 0x00, 0x4f, 0xff, 0xff, 0xff, 0xff, 0xfd,
    0x00, 0x00, 0x00, 0x00, 0x06, 0x87, 0x00, 0x00, 0x00, 0x00, 0x00, 0x00, 0x6f, 0xff, 0x70, 0x00,
    0x00, 0x00, 0x00, 0x03, 0xef, 0xbf, 0xf5, 0x00, 0x00, 0x00, 0x00, 0x2e, 0xf7, 0x06, 0xfe, 0x30,
    0x00, 0x00, 0x01, 0xde, 0x40, 0x00, 0x3d, 0xe2, 0x00, 0x00, 0x00, 0x00, 0x00, 0x00, 0x00, 0x00,
    0x00, 0x00, 0x00, 0x00, 0x00, 0x00, 0x00, 0x00, 0x00, 0x00, 0x4f, 0xff, 0xff, 0xff, 0xff, 0xfd,
    0x00, 0x00, 0x4f, 0xff, 0xff, 0xff, 0xff, 0xfd, 0x00, 0x00, 0x4f, 0xf4, 0x00, 0x00, 0x00, 0x00,
    0x00, 0x00, 0x4f, 0xf4, 0x00, 0x00, 0x00, 0x00, 0x00, 0x00, 0x4f, 0xf4, 0x00, 0x00, 0x00, 0x00,
    0x00, 0x00, 0x4f, 0xf4, 0x00, 0x00, 0x00, 0x00, 0x00, 0x00, 0x4f, 0xf4, 0x00, 0x00, 0x00, 0x00,
    0x00, 0x00, 0x4f, 0xf4, 0x00, 0x00, 0x00, 0x00, 0x00, 0x00, 0x4f, 0xf4, 0x00, 0x00, 0x00, 0x00,
    0x00, 0x00, 0x4f, 0xff, 0xff, 0xff, 0xff, 0xf6, 0x00, 0x00, 0x4f, 0xff, 0xff, 0xff, 0xff, 0xf6,
    0x00, 0x00, 0x4f, 0xf4, 0x00, 0x00, 0x00, 0x00, 0x00, 0x00, 0x4f, 0xf4, 0x00, 0x00, 0x00, 0x00,
    0x00, 0x00, 0x4f, 0xf4, 0x00, 0x00, 0x00, 0x00, 0x00, 0x00, 0x4f, 0xf4, 0x00, 0x00, 0x00, 0x00,
    0x00, 0x00, 0x4f, 0xf4, 0x00, 0x00, 0x00, 0x00, 0x00, 0x00, 0x4f, 0xf4, 0x00, 0x00, 0x00, 0x00,
    0x00, 0x00, 0x4f, 0xf4, 0x00, 0x00, 0x00, 0x00, 0x00, 0x00, 0x4f, 0xff, 0xff, 0xff, 0xff, 0xfd,
    0x00, 0x00, 0x4f, 0xff, 0xff, 0xff, 0xff, 0xfd, 0x00, 0x00, 0x00, 0x1b, 0xa0, 0x00, 0x9b, 0x20,
    0x00, 0x00, 0x00, 0x6f, 0xf3, 0x02, 0xff, 0x60, 0x00, 0x00, 0x00, 0x2d, 0xc1, 0x00, 0xbe, 0x30,
    0x00, 0x00, 0x00, 0x00, 0x00, 0x00, 0x00, 0x00, 0x00, 0x00, 0x00, 0x00, 0x00, 0x00, 0x00, 0x00,
    0x00, 0x00, 0x4f, 0xff, 0xff, 0xff, 0xff, 0xfd, 0x00, 0x00, 0x4f, 0xff, 0xff, 0xff, 0xff, 0xfd,
    0x00, 0x00, 0x4f, 0xf4, 0x00, 0x00, 0x00, 0x00, 0x00, 0x00, 0x4f, 0xf4, 0x00, 0x00, 0x00, 0x00,
    0x00, 0x00, 0x4f, 0xf4, 0x00, 0x00, 0x00, 0x00, 0x00, 0x00, 0x4f, 0xf4, 0x00, 0x00, 0x00, 0x00,
    0x00, 0x00, 0x4f, 0xf4, 0x00, 0x00, 0x00, 0x00, 0x00, 0x00, 0x4f, 0xf4, 0x00, 0x00, 0x00, 0x00,
    0x00, 0x00, 0x4f, 0xf4, 0x00, 0x00, 0x00, 0x00, 0x00, 0x00, 0x4f, 0xff, 0xff, 0xff, 0xff, 0xf6,
    0x00, 0x00, 0x4f, 0xff, 0xff, 0xff, 0xff, 0xf6, 0x00, 0x00, 0x4f, 0xf4, 0x00, 0x00, 0x00, 0x00,
    0x00, 0x00, 0x4f, 0xf4, 0x00, 0x00, 0x00, 0x00, 0x00, 0x00, 0x4f, 0xf4, 0x00, 0x00, 0x00, 0x00,
    0x00, 0x00, 0x4f, 0xf4, 0x00, 0x00, 0x00, 0x00, 0x00, 0x00, 0x4f, 0xf4, 0x00, 0x00, 0x00, 0x00,
    0x00, 0x00, 0x4f, 0xf4, 0x00, 0x00, 0x00, 0x00, 0x00, 0x00, 0x4f, 0xf4, 0x00, 0x00, 0x00, 0x00,
    0x00, 0x00, 0x4f, 0xff, 0xff, 0xff, 0xff, 0xfd, 0x00, 0x00, 0x4f, 0xff, 0xff, 0xff, 0xff, 0xfd,
    0x00, 0x07, 0x88, 0x10, 0x00, 0x00, 0x6f, 0xf9, 0x00, 0x00, 0x00, 0x8f, 0xf3, 0x00, 0x00, 0x00,
    0x9f, 0xc0, 0x00, 0x00, 0x00, 0x8f, 0x80, 0x00, 0x00, 0x00, 0x00, 0x00, 0x00, 0x00, 0x00, 0x00,
    0x00, 0xdf, 0xff, 0xff, 0xf5, 0x08, 0xdf, 0xff, 0xeb, 0x30, 0x00, 0x8f, 0xf0, 0x00, 0x00, 0x08,
    0xff, 0x00, 0x00, 0x00, 0x8f, 0xf0, 0x00, 0x00, 0x08, 0xff, 0x00, 0x00, 0x00, 0x8f, 0xf0, 0x00,
    0x00, 0x08, 0xff, 0x00, 0x00, 0x00, 0x8f, 0xf0, 0x00, 0x00, 0x08, 0xff, 0x00, 0x00, 0x00, 0x8f,
    0xf0, 0x00, 0x00, 0x08, 0xff, 0x00, 0x00, 0x00, 0x8f, 0xf0, 0x00, 0x00, 0x08, 0xff, 0x00, 0x00,
    0x00, 0x8f, 0xf0, 0x00, 0x00, 0x08, 0xff, 0x00, 0x00, 0x00, 0x8f, 0xf0, 0x00, 0x00, 0x08, 0xff,
    0x00, 0x00, 0x7b, 0xff, 0xfd, 0xa3, 0x0d, 0xff, 0xff, 0xff, 0x50, 0x00, 0x00, 0x03, 0x88, 0x50,
    0x00, 0x00, 0xcf, 0xe3, 0x00, 0x00, 0x7f, 0xf5, 0x00, 0x00, 0x2e, 0xf5, 0x00, 0x00, 0x0b, 0xe5,
    0x00, 0x00, 0x00, 0x00, 0x00, 0x00, 0x00, 0x00, 0x00, 0x00, 0x00, 0xdf, 0xff, 0xff, 0xf5, 0x08,
    0xdf, 0xff, 0xeb, 0x30, 0x00, 0x8f, 0xf0, 0x00, 0x00, 0x08, 0xff, 0x00, 0x00, 0x00, 0x8f, 0xf0,
    0x00, 0x00, 0x08, 0xff, 0x00, 0x00, 0x00, 0x8f, 0xf0, 0x00, 0x00, 0x08, 0xff, 0x00, 0x00, 0x00,
    0x8f, 0xf0, 0x00, 0x00, 0x08, 0xff, 0x00, 0x00, 0x00, 0x8f, 0xf0, 0x00, 0x00, 0x08, 0xff, 0x00,
    0x00, 0x00, 0x8f, 0xf0, 0x00, 0x00, 0x08, 0xff, 0x00, 0x00, 0x00, 0x8f, 0xf0, 0x00, 0x00, 0x08,
    0xff, 0x00, 0x00, 0x00, 0x8f, 0xf0, 0x00, 0x00, 0x08, 0xff, 0x00, 0x00, 0x7b, 0xff, 0xfd, 0xa3,
    0x0d, 0xff, 0xff, 0xff, 0x50, 0x00, 0x05, 0x88, 0x10, 0x00, 0x00, 0x3f, 0xff, 0xb0, 0x00, 0x01,
    0xdf, 0xce, 0xf8, 0x00, 0x1c, 0xfa, 0x03, 0xef, 0x60, 0xaf, 0x70, 0x00, 0x2b, 0xf5, 0x00, 0x00,
    0x00, 0x00, 0x00, 0x00, 0x00, 0x00, 0x00, 0x00, 0x0d, 0xff, 0xff, 0xff, 0x50, 0x08, 0xdf, 0xff,
    0xeb, 0x30, 0x00, 0x08, 0xff, 0x00, 0x00, 0x00, 0x08, 0xff, 0x00, 0x00, 0x00, 0x08, 0xff, 0x00,
    0x00, 0x00, 0x08, 0xff, 0x00, 0x00, 0x00, 0x08, 0xff, 0x00, 0x00, 0x00, 0x08, 0xff, 0x00, 0x00,
    0x00, 0x08, 0xff, 0x00, 0x00, 0x00, 0x08, 0xff, 0x00, 0x00, 0x00, 0x08, 0xff, 0x00, 0x00, 0x00,
    0x08, 0xff, 0x00, 0x00, 0x00, 0x08, 0xff, 0x00, 0x00, 0x00, 0x08, 0xff, 0x00, 0x00, 0x00, 0x08,
    0xff, 0x00, 0x00, 0x00, 0x08, 0xff, 0x00, 0x00, 0x00, 0x08, 0xff, 0x00, 0x00, 0x00, 0x08, 0xff,
    0x00, 0x00, 0x07, 0xbf, 0xff, 0xda, 0x30, 0x0d, 0xff, 0xff, 0xff, 0x50, 0x0a, 0xb2, 0x00, 0x7c,
    0x42, 0xff, 0x60, 0x0d, 0xfa, 0x0c, 0xd2, 0x00, 0x8e, 0x50, 0x00, 0x00, 0x00, 0x00, 0x00, 0x00,
    0x00, 0x00, 0x00, 0xdf, 0xff, 0xff, 0xf5, 0x08, 0xdf, 0xff, 0xeb, 0x30, 0x00, 0x8f, 0xf0, 0x00,
    0x00, 0x08, 0xff, 0x00, 0x00, 0x00, 0x8f, 0xf0, 0x00, 0x00, 0x08, 0xff, 0x00, 0x00, 0x00, 0x8f,
    0xf0, 0x00, 0x00, 0x08, 0xff, 0x00, 0x00, 0x00, 0x8f, 0xf0, 0x00, 0x00, 0x08, 0xff, 0x00, 0x00,
    0x00, 0x8f, 0xf0, 0x00, 0x00, 0x08, 0xff, 0x00, 0x00, 0x00, 0x8f, 0xf0, 0x00, 0x00, 0x08, 0xff,
    0x00, 0x00, 0x00, 0x8f, 0xf0, 0x00, 0x00, 0x08, 0xff, 0x00, 0x00, 0x00, 0x8f, 0xf0, 0x00, 0x00,
    0x08, 0xff, 0x00, 0x00, 0x7b, 0xff, 0xfd, 0xa3, 0x0d, 0xff, 0xff, 0xff, 0x50, 0x00, 0x1f, 0xff,
    0xff, 0xff, 0xdb, 0x72, 0x00, 0x00, 0x00, 0x00, 0x1f, 0xff, 0xff, 0xff, 0xff, 0xff, 0x91, 0x00,
    0x00, 0x00, 0x1f, 0xf7, 0x00, 0x01, 0x37, 0xdf, 0xfd, 0x20, 0x00, 0x00, 0x1f, 0xf7, 0x00, 0x00,
    0x00, 0x07, 0xff, 0xd1, 0x00, 0x00, 0x1f, 0xf7, 0x00, 0x00, 0x00, 0x00, 0x7f, 0xf8, 0x00, 0x00,
    0x1f, 0xf7, 0x00, 0x00, 0x00, 0x00, 0x0c, 0xfe, 0x10, 0x00, 0x1f, 0xf7, 0x00, 0x00, 0x00, 0x00,
    0x06, 0xff, 0x50, 0x00, 0x1f, 0xf7, 0x00, 0x00, 0x00, 0x00, 0x02, 0xff, 0x80, 0x00, 0x1f, 0xf7,
    0x00, 0x00, 0x00, 0x00, 0x00, 0xff, 0xa0, 0x2f, 0xff, 0xff, 0xff, 0xff, 0x60, 0x00, 0x00, 0xef,
    0xb0, 0x2f, 0xff, 0xff, 0xff, 0xff, 0x60, 0x00, 0x00, 0xff, 0xa0, 0x00, 0x2f, 0xf7, 0x00, 0x00,
    0x00, 0x00, 0x00, 0xff, 0x90, 0x00, 0x1f, 0xf7, 0x00, 0x00, 0x00, 0x00, 0x03, 0xff, 0x70, 0x00,
    0x1f, 0xf7, 0x00, 0x00, 0x00, 0x00, 0x07, 0xff, 0x30, 0x00, 0x1f, 0xf7, 0x00, 0x00, 0x00, 0x00,
    0x0d, 0xfd, 0x00, 0x00, 0x1f, 0xf7, 0x00, 0x00, 0x00, 0x00, 0x9f, 0xf6, 0x00, 0x00, 0x1f, 0xf7,
    0x00, 0x00, 0x00, 0x19, 0xff, 0xb0, 0x00, 0x00, 0x1f, 0xf7, 0x00, 0x12, 0x48, 0xef, 0xfc, 0x10,
    0x00, 0x00, 0x1f, 0xff, 0xff, 0xff, 0xff, 0xfe, 0x70, 0x00, 0x00, 0x00, 0x1f, 0xff, 0xff, 0xfe,
    0xda, 0x61, 0x00, 0x00, 0x00, 0x00, 0x00, 0x00, 0x00, 0x00, 0x00, 0x00, 0x00, 0x00, 0x00, 0x00,
    0x00, 0x00, 0x02, 0xbf, 0xc4, 0x00, 0x0c, 0xa0, 0x00, 0x00, 0x00, 0x00, 0x00, 0xbf, 0xff, 0xf9,
    0x15, 0xf7, 0x00, 0x00, 0x00, 0x00, 0x00, 0x3f, 0x81, 0x6e, 0xff, 0xfe, 0x10, 0x00, 0x00, 0x00,
    0x00, 0x06, 0xf1, 0x00, 0x2a, 0xed, 0x40, 0x00, 0x00, 0x00, 0x00, 0x00, 0x00, 0x00, 0x00, 0x00,
    0x00, 0x00, 0x00, 0x00, 0x00, 0x00, 0x00, 0x00, 0x00, 0x00, 0x00, 0x00, 0x00, 0x00, 0x00, 0x04,
    0xff, 0xd1, 0x00, 0x00, 0x00, 0x00, 0x0c, 0xf8, 0x00, 0x00, 0x4f, 0xff, 0x90, 0x00, 0x00, 0x00,
    0x00, 0xcf, 0x80, 0x00, 0x04, 0xff, 0xff, 0x40, 0x00, 0x00, 0x00, 0x0c, 0xf8, 0x00, 0x00, 0x4f,
    0xee, 0xfd, 0x00, 0x00, 0x00, 0x00, 0xcf, 0x80, 0x00, 0x04, 0xfd, 0x6f, 0xf8, 0x00, 0x00, 0x00,
    0x0c, 0xf8, 0x00, 0x00, 0x4f, 0xe0, 0xbf, 0xf3, 0x00, 0x00, 0x00, 0xcf, 0x80, 0x00, 0x04, 0xff,
    0x02, 0xef, 0xc0, 0x00, 0x00, 0x0c, 0xf8, 0x00, 0x00, 0x4f, 0xf0, 0x07, 0xff, 0x70, 0x00, 0x00,
    0xcf, 0x80, 0x00, 0x04, 0xff, 0x00, 0x0c, 0xfe, 0x20, 0x00, 0x0c, 0xf8, 0x00, 0x00, 0x4f, 0xf1,
    0x00, 0x3f, 0xfb, 0x00, 0x00, 0xcf, 0x80, 0x00, 0x04, 0xff, 0x10, 0x00, 0x8f, 0xf6, 0x00, 0x0c,
    0xf8, 0x00, 0x00, 0x4f, 0xf1, 0x00, 0x00, 0xdf, 0xe2, 0x00, 0xcf, 0x80, 0x00, 0x04, 0xff, 0x10,
    0x00, 0x03, 0xff, 0xa0, 0x0b, 0xf8, 0x00, 0x00, 0x4f, 0xf1, 0x00, 0x00, 0x09, 0xff, 0x50, 0xbf,
    0x80, 0x00, 0x04, 0xff, 0x10, 0x00, 0x00, 0x1d, 0xfe, 0x1b, 0xf8, 0x00, 0x00, 0x4f, 0xf1, 0x00,
    0x00, 0x00, 0x4f, 0xf9, 0xaf, 0x80, 0x00, 0x04, 0xff, 0x10, 0x00, 0x00, 0x00, 0xaf, 0xfd, 0xf8,
    0x00, 0x00, 0x4f, 0xf1, 0x00, 0x00, 0x00, 0x01, 0xef, 0xff, 0x80, 0x00, 0x04, 0xff, 0x10, 0x00,
    0x00, 0x00, 0x05, 0xff, 0xf8, 0x00, 0x00, 0x4f, 0xf1, 0x00, 0x00, 0x00, 0x00, 0x0a, 0xff, 0x80,
    0x00, 0x00, 0x00, 0x00, 0x05, 0x88, 0x30, 0x00, 0x00, 0x00, 0x00, 0x00, 0x00, 0x00, 0x00, 0x03,
    0xff, 0xb0, 0x00, 0x00, 0x00, 0x00, 0x00, 0x00, 0x00, 0x00, 0x00, 0x5f, 0xf6, 0x00, 0x00, 0x00,
    0x00, 0x00, 0x00, 0x00, 0x00, 0x00, 0x06, 0xfe, 0x20, 0x00, 0x00, 0x00, 0x00, 0x00, 0x00, 0x00,
    0x00, 0x00, 0x5f, 0xb0, 0x00, 0x00, 0x00, 0x00, 0x00, 0x00, 0x00, 0x00, 0x00, 0x00, 0x00, 0x00,
    0x00, 0x00, 0x00, 0x00, 0x00, 0x00, 0x00, 0x00, 0x00, 0x00, 0x00, 0x00, 0x00, 0x00, 0x00, 0x00,
    0x00, 0x27, 0xbe, 0xff, 0xdb, 0x71, 0x00, 0x00, 0x00, 0x00, 0x00, 0x08, 0xff, 0xff, 0xff, 0xff,
    0xfe, 0x60, 0x00, 0x00, 0x00, 0x00, 0xbf, 0xfd, 0x62, 0x11, 0x26, 0xdf, 0xf9, 0x00, 0x00, 0x00,
    0x09, 0xff, 0x90, 0x00, 0x00, 0x00, 0x0a, 0xff, 0x60, 0x00, 0x00, 0x3f, 0xfb, 0x00, 0x00, 0x00,
    0x00, 0x00, 0xdf, 0xe1, 0x00, 0x00, 0x8f, 0xf3, 0x00, 0x00, 0x00, 0x00, 0x00, 0x5f, 0xf6, 0x00,
    0x00, 0xdf, 0xd0, 0x00, 0x00, 0x00, 0x00, 0x00, 0x0e, 0xfb, 0x00, 0x01, 0xff, 0x90, 0x00, 0x00,
    0x00, 0x00, 0x00, 0x0b, 0xfe, 0x00, 0x03, 0xff, 0x70, 0x00, 0x00, 0x00, 0x00, 0x00, 0x09, 0xff,
    0x10, 0x04, 0xff, 0x60, 0x00, 0x00, 0x00, 0x00, 0x00, 0x08, 0xff, 0x20, 0x04, 0xff, 0x60, 0x00,
    0x00, 0x00, 0x00, 0x00, 0x08, 0xff, 0x20, 0x02, 0xff, 0x70, 0x00, 0x00, 0x00, 0x00, 0x00, 0x09,
    0xff, 0x10, 0x01, 0xff, 0x90, 0x00, 0x00, 0x00, 0x00, 0x00, 0x0b, 0xfe, 0x00, 0x00, 0xdf, 0xd0,
    0x00, 0x00, 0x00, 0x00, 0x00, 0x0e, 0xfb, 0x00, 0x00, 0x8f, 0xf3, 0x00, 0x00, 0x00, 0x00, 0x00,
    0x5f, 0xf6, 0x00, 0x00, 0x2f, 0xfb, 0x00, 0x00, 0x00, 0x00, 0x00, 0xdf, 0xd1, 0x00, 0x00, 0x09,
    0xff, 0x90, 0x00, 0x00, 0x00, 0x1a, 0xff, 0x40, 0x00, 0x00, 0x00, 0xbf, 0xfd, 0x62, 0x11, 0x26,
    0xdf, 0xf7, 0x00, 0x00, 0x00, 0x00, 0x08, 0xff, 0xff, 0xff, 0xff, 0xfe, 0x50, 0x00, 0x00, 0x00,
    0x00, 0x00, 0x27, 0xbe, 0xff, 0xdb, 0x71, 0x00, 0x00, 0x00, 0x00, 0x00, 0x00, 0x00, 0x00, 0x02,
    0x88, 0x60, 0x00, 0x00, 0x00, 0x00, 0x00, 0x00, 0x00, 0x00, 0x0a, 0xff, 0x50, 0x00, 0x00, 0x00,
    0x00, 0x00, 0x00, 0x00, 0x00, 0x4f, 0xf7, 0x00, 0x00, 0x00, 0x00, 0x00, 0x00, 0x00, 0x00, 0x01,
    0xdf, 0x80, 0x00, 0x00, 0x00, 0x00, 0x00, 0x00, 0x00, 0x00, 0x08, 0xf7, 0x00, 0x00, 0x00, 0x00,
    0x00, 0x00, 0x00, 0x00, 0x00, 0x00, 0x00, 0x00, 0x00, 0x00, 0x00, 0x00, 0x00, 0x00, 0x00, 0x00,
    0x00, 0x00, 0x00, 0x00, 0x00, 0x00, 0x00, 0x00, 0x00, 0x00, 0x27, 0xbe, 0xff, 0xdb, 0x71, 0x00,
    0x00, 0x00, 0x00, 0x00, 0x08, 0xff, 0xff, 0xff, 0xff, 0xfe, 0x60, 0x00, 0x00, 0x00, 0x00, 0xbf,
    0xfd, 0x62, 0x11, 0x26, 0xdf, 0xf9, 0x00, 0x00, 0x00, 0x09, 0xff, 0x90, 0x00, 0x00, 0x00, 0x0a,
    0xff, 0x60, 0x00, 0x00, 0x3f, 0xfb, 0x00, 0x00, 0x00, 0x00, 0x00, 0xdf, 0xe1, 0x00, 0x00, 0x8f,
    0xf3, 0x00, 0x00, 0x00, 0x00, 0x00, 0x5f, 0xf6, 0x00, 0x00, 0xdf, 0xd0, 0x00, 0x00, 0x00, 0x00,
    0x00, 0x0e, 0xfb, 0x00, 0x01, 0xff, 0x90, 0x00, 0x00, 0x00, 0x00, 0x00, 0x0b, 0xfe, 0x00, 0x03,
    0xff, 0x70, 0x00, 0x00, 0x00, 0x00, 0x00, 0x09, 0xff, 0x10, 0x04, 0xff, 0x60, 0x00, 0x00, 0x00,
    0x00, 0x00, 0x08, 0xff, 0x20, 0x04, 0xff, 0x60, 0x00, 0x00, 0x00, 0x00, 0x00, 0x08, 0xff, 0x20,
    0x02, 0xff, 0x70, 0x00, 0x00, 0x00, 0x00, 0x00, 0x09, 0xff, 0x10, 0x01, 0xff, 0x90, 0x00, 0x00,
    0x00, 0x00, 0x00, 0x0b, 0xfe, 0x00, 0x00, 0xdf, 0xd0, 0x00, 0x00, 0x00, 0x00, 0x00, 0x0e, 0xfb,
    0x00, 0x00, 0x8f, 0xf3, 0x00, 0x00, 0x00, 0x00, 0x00, 0x5f, 0xf6, 0x00, 0x00, 0x2f, 0xfb, 0x00,
    0x00, 0x00, 0x00, 0x00, 0xdf, 0xd1, 0x00, 0x00, 0x09, 0xff, 0x90, 0x00, 0x00, 0x00, 0x1a, 0xff,
    0x40, 0x00, 0x00, 0x00, 0xbf, 0xfd, 0x62, 0x11, 0x26, 0xdf, 0xf7, 0x00, 0x00, 0x00, 0x00, 0x08,
    0xff, 0xff, 0xff, 0xff, 0xfe, 0x50, 0x00, 0x00, 0x00, 0x00, 0x00, 0x27, 0xbe, 0xff, 0xdb, 0x71,
    0x00, 0x00, 0x00, 0x00, 0x00, 0x00, 0x00, 0x03, 0x88, 0x30, 0x00, 0x00, 0x00, 0x00, 0x00, 0x00,
    0x00, 0x00, 0x1d, 0xff, 0xd1, 0x00, 0x00, 0x00, 0x00, 0x00, 0x00, 0x00, 0x00, 0xbf, 0xdd, 0xfb,
    0x00, 0x00, 0x00, 0x00, 0x00, 0x00, 0x00, 0x09, 0xfc, 0x12, 0xdf, 0x90, 0x00, 0x00, 0x00, 0x00,
    0x00, 0x00, 0x7f, 0x90, 0x00, 0x1a, 0xf7, 0x00, 0x00, 0x00, 0x00, 0x00, 0x00, 0x00, 0x00, 0x00,
    0x00, 0x00, 0x00, 0x00, 0x00, 0x00, 0x00, 0x00, 0x00, 0x00, 0x00, 0x00, 0x00, 0x00, 0x00, 0x00,
    0x00, 0x00, 0x00, 0x27, 0xbe, 0xff, 0xdb, 0x71, 0x00, 0x00, 0x00, 0x00, 0x00, 0x08, 0xff, 0xff,
    0xff, 0xff, 0xfe, 0x60, 0x00, 0x00, 0x00, 0x00, 0xbf, 0xfd, 0x62, 0x11, 0x26, 0xdf, 0xf9, 0x00,
    0x00, 0x00, 0x09, 0xff, 0x90, 0x00, 0x00, 0x00, 0x0a, 0xff, 0x60, 0x00, 0x00, 0x3f, 0xfb, 0x00,
    0x00, 0x00, 0x00, 0x00, 0xdf, 0xe1, 0x00, 0x00, 0x8f, 0xf3, 0x00, 0x00, 0x00, 0x00, 0x00, 0x5f,
    0xf6, 0x00, 0x00, 0xdf, 0xd0, 0x00, 0x00, 0x00, 0x00, 0x00, 0x0e, 0xfb, 0x00, 0x01, 0xff, 0x90,
    0x00, 0x00, 0x00, 0x00, 0x00, 0x0b, 0xfe, 0x00, 0x03, 0xff, 0x70, 0x00, 0x00, 0x00, 0x00, 0x00,
    0x09, 0xff, 0x10, 0x04, 0xff, 0x60, 0x00, 0x00, 0x00, 0x00, 0x00, 0x08, 0xff, 0x20, 0x04, 0xff,
    0x60, 0x00, 0x00, 0x00, 0x00, 0x00, 0x08, 0xff, 0x20, 0x02, 0xff, 0x70, 0x00, 0x00, 0x00, 0x00,
    0x00, 0x09, 0xff, 0x10, 0x01, 0xff, 0x90, 0x00, 0x00, 0x00, 0x00, 0x00, 0x0b, 0xfe, 0x00, 0x00,
    0xdf, 0xd0, 0x00, 0x00, 0x00, 0x00, 0x00, 0x0e, 0xfb, 0x00, 0x00, 0x8f, 0xf3, 0x00, 0x00, 0x00,
    0x00, 0x00, 0x5f, 0xf6, 0x00, 0x00, 0x2f, 0xfb, 0x00, 0x00, 0x00, 0x00, 0x00, 0xdf, 0xd1, 0x00,
    0x00, 0x09, 0xff, 0x90, 0x00, 0x00, 0x00, 0x1a, 0xff, 0x40, 0x00, 0x00, 0x00, 0xbf, 0xfd, 0x62,
    0x11, 0x26, 0xdf, 0xf7, 0x00, 0x00, 0x00, 0x00, 0x08, 0xff, 0xff, 0xff, 0xff, 0xfe, 0x50, 0x00,
    0x00, 0x00, 0x00, 0x00, 0x27, 0xbe, 0xff, 0xdb, 0x71, 0x00, 0x00, 0x00, 0x00, 0x00, 0x00, 0x00,
    0x00, 0x00, 0x00, 0x00, 0x00, 0x00, 0x00, 0x00, 0x00, 0x00, 0x09, 0xee, 0x70, 0x00, 0x7e, 0x00,
    0x00, 0x00, 0x00, 0x00, 0x00, 0x7f, 0xff, 0xfb, 0x32, 0xdb, 0x00, 0x00, 0x00, 0x00, 0x00, 0x00,
    0xdc, 0x13, 0xcf, 0xff, 0xf5, 0x00, 0x00, 0x00, 0x00, 0x00, 0x02, 0xf5, 0x00, 0x07, 0xee, 0x70,
    0x00, 0x00, 0x00, 0x00, 0x00, 0x00, 0x00, 0x00, 0x00, 0x00, 0x00, 0x00, 0x00, 0x00, 0x00, 0x00,
    0x00, 0x00, 0x00, 0x00, 0x00, 0x00, 0x00, 0x00, 0x00, 0x00, 0x00, 0x00, 0x27, 0xbe, 0xff, 0xdb,
    0x71, 0x00, 0x00, 0x00, 0x00, 0x00, 0x08, 0xff, 0xff, 0xff, 0xff, 0xfe, 0x60, 0x00, 0x00, 0x00,
    0x00, 0xbf, 0xfd, 0x62, 0x11, 0x26, 0xdf, 0xf9, 0x00, 0x00, 0x00, 0x09, 0xff, 0x90, 0x00, 0x00,
    0x00, 0x0a, 0xff, 0x60, 0x00, 0x00, 0x3f, 0xfb, 0x00, 0x00, 0x00, 0x00, 0x00, 0xdf, 0xe1, 0x00,
    0x00, 0x8f, 0xf3, 0x00, 0x00, 0x00, 0x00, 0x00, 0x5f, 0xf6, 0x00, 0x00, 0xdf, 0xd0, 0x00, 0x00,
    0x00, 0x00, 0x00, 0x0e, 0xfb, 0x00, 0x01, 0xff, 0x90, 0x00, 0x00, 0x00, 0x00, 0x00, 0x0b, 0xfe,
    0x00, 0x03, 0xff, 0x70, 0x00, 0x00, 0x00, 0x00, 0x00, 0x09, 0xff, 0x10, 0x04, 0xff, 0x60, 0x00,
    0x00, 0x00, 0x00, 0x00, 0x08, 0xff, 0x20, 0x04, 0xff, 0x60, 0x00, 0x00, 0x00, 0x00, 0x00, 0x08,
    0xff, 0x20, 0x02, 0xff, 0x70, 0x00, 0x00, 0x00, 0x00, 0x00, 0x09, 0xff, 0x10, 0x01, 0xff, 0x90,
    0x00, 0x00, 0x00, 0x00, 0x00, 0x0b, 0xfe, 0x00, 0x00, 0xdf, 0xd0, 0x00, 0x00, 0x00, 0x00, 0x00,
    0x0e, 0xfb, 0x00, 0x00, 0x8f, 0xf3, 0x00, 0x00, 0x00, 0x00, 0x00, 0x5f, 0xf6, 0x00, 0x00, 0x2f,
    0xfb, 0x00, 0x00, 0x00, 0x00, 0x00, 0xdf, 0xd1, 0x00, 0x00, 0x09, 0xff, 0x90, 0x00, 0x00, 0x00,
    0x1a, 0xff, 0x40, 0x00, 0x00, 0x00, 0xbf, 0xfd, 0x62, 0x11, 0x26, 0xdf, 0xf7, 0x00, 0x00, 0x00,
    0x00, 0x08, 0xff, 0xff, 0xff, 0xff, 0xfe, 0x50, 0x00, 0x00, 0x00, 0x00, 0x00, 0x27, 0xbe, 0xff,
    0xdb, 0x71, 0x00, 0x00, 0x00, 0x00, 0x00, 0x00, 0x08, 0xc3, 0x00, 0x5c, 0x60, 0x00, 0x00, 0x00,
    0x00, 0x00, 0x00, 0x0e, 0xf9, 0x00, 0xaf, 0xd0, 0x00, 0x00, 0x00, 0x00, 0x00, 0x00, 0x09, 0xe4,
    0x00, 0x6e, 0x70, 0x00, 0x00, 0x00, 0x00, 0x00, 0x00, 0x00, 0x00, 0x00, 0x00, 0x00, 0x00, 0x00,
    0x00, 0x00, 0x00, 0x00, 0x00, 0x00, 0x00, 0x00, 0x00, 0x00, 0x00, 0x00, 0x00, 0x00, 0x00, 0x27,
    0xbe, 0xff, 0xdb, 0x71, 0x00, 0x00, 0x00, 0x00, 0x00, 0x08, 0xff, 0xff, 0xff, 0xff, 0xfe, 0x60,
    0x00, 0x00, 0x00, 0x00, 0xbf, 0xfd, 0x62, 0x11, 0x26, 0xdf, 0xf9, 0x00, 0x00, 0x00, 0x09, 0xff,
    0x90, 0x00, 0x00, 0x00, 0x0a, 0xff, 0x60, 0x00, 0x00, 0x3f, 0xfb, 0x00, 0x00, 0x00, 0x00, 0x00,
    0xdf, 0xe1, 0x00, 0x00, 0x8f, 0xf3, 0x00, 0x00, 0x00, 0x00, 0x00, 0x5f, 0xf6, 0x00, 0x00, 0xdf,
    0xd0, 0x00, 0x00, 0x00, 0x00, 0x00, 0x0e, 0xfb, 0x00, 0x01, 0xff, 0x90, 0x00, 0x00, 0x00, 0x00,
    0x00, 0x0b, 0xfe, 0x00, 0x03, 0xff, 0x70, 0x00, 0x00, 0x00, 0x00, 0x00, 0x09, 0xff, 0x10, 0x04,
    0xff, 0x60, 0x00, 0x00, 0x00, 0x00, 0x00, 0x08, 0xff, 0x20, 0x04, 0xff, 0x60, 0x00, 0x00, 0x00,
    0x00, 0x00, 0x08, 0xff, 0x20, 0x02, 0xff, 0x70, 0x00, 0x00, 0x00, 0x00, 0x00, 0x09, 0xff, 0x10,
    0x01, 0xff, 0x90, 0x00, 0x00, 0x00, 0x00, 0x00, 0x0b, 0xfe, 0x00, 0x00, 0xdf, 0xd0, 0x00, 0x00,
    0x00, 0x00, 0x00, 0x0e, 0xfb, 0x00, 0x00, 0x8f, 0xf3, 0x00, 0x00, 0x00, 0x00, 0x00, 0x5f, 0xf6,
    0x00, 0x00, 0x2f, 0xfb, 0x00, 0x00, 0x00, 0x00, 0x00, 0xdf, 0xd1, 0x00, 0x00, 0x09, 0xff, 0x90,
    0x00, 0x00, 0x00, 0x1a, 0xff, 0x40, 0x00, 0x00, 0x00, 0xbf, 0xfd, 0x62, 0x11, 0x26, 0xdf, 0xf7,
    0x00, 0x00, 0x00, 0x00, 0x08, 0xff, 0xff, 0xff, 0xff, 0xfe, 0x50, 0x00, 0x00, 0x00, 0x00, 0x00,
    0x27, 0xbe, 0xff, 0xdb, 0x71, 0x00, 0x00, 0x00, 0x00, 0x00, 0x00, 0x00, 0x00, 0x00, 0x00, 0x00,
    0x00, 0x5b, 0x10, 0x00, 0x00, 0x01, 0xb5, 0x00, 0x01, 0xef, 0xb1, 0x00, 0x00, 0x1b, 0xfd, 0x00,
    0x00, 0x3e, 0xfb, 0x10, 0x01, 0xbf, 0xd2, 0x00, 0x00, 0x03, 0xef, 0xb1, 0x1b, 0xfd, 0x20, 0x00,
    0x00, 0x00, 0x2e, 0xfb, 0xbf, 0xd2, 0x00, 0x00, 0x00, 0x00, 0x02, 0xef, 0xfd, 0x20, 0x00, 0x00,
    0x00, 0x00, 0x01, 0xcf, 0xfb, 0x10, 0x00, 0x00, 0x00, 0x00, 0x1c, 0xfd, 0xef, 0xb1, 0x00, 0x00,
    0x00, 0x01, 0xcf, 0xd2, 0x3e, 0xfb, 0x10, 0x00, 0x00, 0x1c, 0xfe, 0x20, 0x03, 0xef, 0xb1, 0x00,
    0x00, 0xcf, 0xe2, 0x00, 0x00, 0x3e, 0xfb, 0x00, 0x00, 0x8e, 0x20, 0x00, 0x00, 0x02, 0xe8, 0x00,
    0x00, 0x01, 0x00, 0x00, 0x00, 0x00, 0x10, 0x00, 0x00, 0x00, 0x00, 0x00, 0x00, 0x00, 0x00, 0x00,
    0x00, 0x00, 0x00, 0x00, 0x00, 0x00, 0x00, 0x00, 0x00, 0x00, 0x00, 0x00, 0x00, 0x00, 0x00, 0x00,
    0x00, 0x00, 0x00, 0x00, 0x00, 0x00, 0x00, 0x00, 0x05, 0x00, 0x00, 0x00, 0x00, 0x00, 0x27, 0xbe,
    0xff, 0xdb, 0x61, 0x8f, 0xa0, 0x00, 0x00, 0x00, 0x08, 0xff, 0xff, 0xff, 0xff, 0xfe, 0xff, 0x40,
    0x00, 0x00, 0x00, 0xbf, 0xfd, 0x62, 0x11, 0x37, 0xef, 0xfb, 0x00, 0x00, 0x00, 0x08, 0xff, 0x90,
    0x00, 0x00, 0x00, 0xbf, 0xff, 0x50, 0x00, 0x00, 0x2f, 0xfb, 0x00, 0x00, 0x00, 0x06, 0xfe, 0xdf,
    0xe1, 0x00, 0x00, 0x8f, 0xf3, 0x00, 0x00, 0x00, 0x3f, 0xf5, 0x5f, 0xf6, 0x00, 0x00, 0xdf, 0xd0,
    0x00, 0x00, 0x01, 0xcf, 0x90, 0x0e, 0xfb, 0x00, 0x01, 0xff, 0x90, 0x00, 0x00, 0x09, 0xfd, 0x10,
    0x0b, 0xfe, 0x00, 0x02, 0xff, 0x70, 0x00, 0x00, 0x5f, 0xf3, 0x00, 0x09, 0xff, 0x10, 0x04, 0xff,
    0x60, 0x00, 0x02, 0xef, 0x70, 0x00, 0x08, 0xff, 0x20, 0x04, 0xff, 0x60, 0x00, 0x0b, 0xfb, 0x00,
    0x00, 0x08, 0xff, 0x20, 0x03, 0xff, 0x70, 0x00, 0x7f, 0xe1, 0x00, 0x00, 0x09, 0xff, 0x10, 0x01,
    0xff, 0x90, 0x03, 0xff, 0x40, 0x00, 0x00, 0x0b, 0xfe, 0x00, 0x00, 0xdf, 0xc0, 0x1d, 0xf9, 0x00,
    0x00, 0x00, 0x0e, 0xfb, 0x00, 0x00, 0x9f, 0xf3, 0x9f, 0xc0, 0x00, 0x00, 0x00, 0x5f, 0xf6, 0x00,
    0x00, 0x3f, 0xfd, 0xff, 0x30, 0x00, 0x00, 0x00, 0xdf, 0xd1, 0x00, 0x00, 0x09, 0xff, 0xf6, 0x00,
    0x00, 0x00, 0x0a, 0xff, 0x40, 0x00, 0x00, 0x01, 0xef, 0xfd, 0x62, 0x11, 0x26, 0xdf, 0xf7, 0x00,
    0x00, 0x00, 0x08, 0xfe, 0xff, 0xff, 0xff, 0xff, 0xfe, 0x50, 0x00, 0x00, 0x00, 0x1e, 0xf4, 0x28,
    0xce, 0xff, 0xdb, 0x71, 0x00, 0x00, 0x00, 0x00, 0x01, 0x50, 0x00, 0x00, 0x00, 0x00, 0x00, 0x00,
    0x00, 0x00, 0x00, 0x00, 0x00, 0x38, 0x85, 0x00, 0x00, 0x00, 0x00, 0x00, 0x00, 0x00, 0x00, 0x1d,
    0xfe, 0x20, 0x00, 0x00, 0x00, 0x00, 0x00, 0x00, 0x00, 0x02, 0xef, 0xa0, 0x00, 0x00, 0x00, 0x00,
    0x00, 0x00, 0x00, 0x00, 0x3e, 0xf5, 0x00, 0x00, 0x00, 0x00, 0x00, 0x00, 0x00, 0x00, 0x02, 0xde,
    0x10, 0x00, 0x00, 0x00, 0x00, 0x00, 0x00, 0x00, 0x00, 0x00, 0x00, 0x00, 0x00, 0x00, 0x00, 0x00,
    0x00, 0x00, 0x00, 0x00, 0x00, 0x00, 0x00, 0x00, 0x00, 0x7f, 0xf1, 0x00, 0x00, 0x00, 0x00, 0x09,
    0xfe, 0x00, 0x00, 0x7f, 0xf1, 0x00, 0x00, 0x00, 0x00, 0x09, 0xfe, 0x00, 0x00, 0x7f, 0xf1, 0x00,
    0x00, 0x00, 0x00, 0x09, 0xfe, 0x00, 0x00, 0x7f, 0xf1, 0x00, 0x00, 0x00, 0x00, 0x09, 0xfe, 0x00,
    0x00, 0x7f, 0xf1, 0x00, 0x00, 0x00, 0x00, 0x09, 0xfe, 0x00, 0x00, 0x7f, 0xf1, 0x00, 0x00, 0x00,
    0x00, 0x09, 0xfe, 0x00, 0x00, 0x7f, 0xf1, 0x00, 0x00, 0x00, 0x00, 0x09, 0xfe, 0x00, 0x00, 0x7f,
    0xf1, 0x00, 0x00, 0x00, 0x00, 0x09, 0xfe, 0x00, 0x00, 0x7f, 0xf1, 0x00, 0x00, 0x00, 0x00, 0x09,
    0xfe, 0x00, 0x00, 0x7f, 0xf1, 0x00, 0x00, 0x00, 0x00, 0x09, 0xfe, 0x00, 0x00, 0x7f, 0xf1, 0x00,
    0x00, 0x00, 0x00, 0x09, 0xfe, 0x00, 0x00, 0x7f, 0xf1, 0x00, 0x00, 0x00, 0x00, 0x09, 0xfe, 0x00,
    0x00, 0x7f, 0xf1, 0x00, 0x00, 0x00, 0x00, 0x09, 0xfe, 0x00, 0x00, 0x6f, 0xf1, 0x00, 0x00, 0x00,
    0x00, 0x09, 0xfd, 0x00, 0x00, 0x4f, 0xf4, 0x00, 0x00, 0x00, 0x00, 0x0c, 0xfb, 0x00, 0x00, 0x1f,
    0xf9, 0x00, 0x00, 0x00, 0x00, 0x2f, 0xf6, 0x00, 0x00, 0x09, 0xff, 0x40, 0x00, 0x00, 0x01, 0xcf,
    0xe1, 0x00, 0x00, 0x01, 0xdf, 0xf9, 0x31, 0x12, 0x5c, 0xff, 0x50, 0x00, 0x00, 0x00, 0x2c, 0xff,
    0xff, 0xff, 0xff, 0xe5, 0x00, 0x00, 0x00, 0x00, 0x00, 0x5a, 0xde, 0xed, 0xb6, 0x10, 0x00, 0x00,
    0x00, 0x00, 0x00, 0x00, 0x00, 0x07, 0x88, 0x10, 0x00, 0x00, 0x00, 0x00, 0x00, 0x00, 0x00, 0x5f,
    0xfa, 0x00, 0x00, 0x00, 0x00, 0x00, 0x00, 0x00, 0x01, 0xdf, 0xb0, 0x00, 0x00, 0x00, 0x00, 0x00,
    0x00, 0x00, 0x09, 0xfc, 0x10, 0x00, 0x00, 0x00, 0x00, 0x00, 0x00, 0x00, 0x4f, 0xb1, 0x00, 0x00,
    0x00, 0x00, 0x00, 0x00, 0x00, 0x00, 0x00, 0x00, 0x00, 0x00, 0x00, 0x00, 0x00, 0x00, 0x00, 0x00,
    0x00, 0x00, 0x00, 0x00, 0x00, 0x00, 0x00, 0x7f, 0xf1, 0x00, 0x00, 0x00, 0x00, 0x09, 0xfe, 0x00,
    0x00, 0x7f, 0xf1, 0x00, 0x00, 0x00, 0x00, 0x09, 0xfe, 0x00, 0x00, 0x7f, 0xf1, 0x00, 0x00, 0x00,
    0x00, 0x09, 0xfe, 0x00, 0x00, 0x7f, 0xf1, 0x00, 0x00, 0x00, 0x00, 0x09, 0xfe, 0x00, 0x00, 0x7f,
    0xf1, 0x00, 0x00, 0x00, 0x00, 0x09, 0xfe, 0x00, 0x00, 0x7f, 0xf1, 0x00, 0x00, 0x00, 0x00, 0x09,
    0xfe, 0x00, 0x00, 0x7f, 0xf1, 0x00, 0x00, 0x00, 0x00, 0x09, 0xfe, 0x00, 0x00, 0x7f, 0xf1, 0x00,
    0x00, 0x00, 0x00, 0x09, 0xfe, 0x00, 0x00, 0x7f, 0xf1, 0x00, 0x00, 0x00, 0x00, 0x09, 0xfe, 0x00,
    0x00, 0x7f, 0xf1, 0x00, 0x00, 0x00, 0x00, 0x09, 0xfe, 0x00, 0x00, 0x7f, 0xf1, 0x00, 0x00, 0x00,
    0x00, 0x09, 0xfe, 0x00, 0x00, 0x7f, 0xf1, 0x00, 0x00, 0x00, 0x00, 0x09, 0xfe, 0x00, 0x00, 0x7f,
    0xf1, 0x00, 0x00, 0x00, 0x00, 0x09, 0xfe, 0x00, 0x00, 0x6f, 0xf1, 0x00, 0x00, 0x00, 0x00, 0x09,
    0xfd, 0x00, 0x00, 0x4f, 0xf4, 0x00, 0x00, 0x00, 0x00, 0x0c, 0xfb, 0x00, 0x00, 0x1f, 0xf9, 0x00,
    0x00, 0x00, 0x00, 0x2f, 0xf6, 0x00, 0x00, 0x09, 0xff, 0x40, 0x00, 0x00, 0x01, 0xcf, 0xe1, 0x00,
    0x00, 0x01, 0xdf, 0xf9, 0x31, 0x12, 0x5c, 0xff, 0x50, 0x00, 0x00, 0x00, 0x2c, 0xff, 0xff, 0xff,
    0xff, 0xe5, 0x00, 0x00, 0x00, 0x00, 0x00, 0x5a, 0xde, 0xed, 0xb6, 0x10, 0x00, 0x00, 0x00, 0x00,
    0x00, 0x00, 0x17, 0x85, 0x00, 0x00, 0x00, 0x00, 0x00, 0x00, 0x00, 0x00, 0xaf, 0xff, 0x30, 0x00,
    0x00, 0x00, 0x00, 0x00, 0x00, 0x07, 0xfe, 0xcf, 0xd2, 0x00, 0x00, 0x00, 0x00, 0x00, 0x00, 0x5f,
    0xe3, 0x0a, 0xfc, 0x10, 0x00, 0x00, 0x00, 0x00, 0x03, 0xfc, 0x20, 0x00, 0x6f, 0xc0, 0x00, 0x00,
    0x00, 0x00, 0x00, 0x00, 0x00, 0x00, 0x00, 0x00, 0x00, 0x00, 0x00, 0x00, 0x00, 0x00, 0x00, 0x00,
    0x00, 0x00, 0x00, 0x00, 0x00, 0x7f, 0xf1, 0x00, 0x00, 0x00, 0x00, 0x09, 0xfe, 0x00, 0x00, 0x7f,
    0xf1, 0x00, 0x00, 0x00, 0x00, 0x09, 0xfe, 0x00, 0x00, 0x7f, 0xf1, 0x00, 0x00, 0x00, 0x00, 0x09,
    0xfe, 0x00, 0x00, 0x7f, 0xf1, 0x00, 0x00, 0x00, 0x00, 0x09, 0xfe, 0x00, 0x00, 0x7f, 0xf1, 0x00,
    0x00, 0x00, 0x00, 0x09, 0xfe, 0x00, 0x00, 0x7f, 0xf1, 0x00, 0x00, 0x00, 0x00, 0x09, 0xfe, 0x00,
    0x00, 0x7f, 0xf1, 0x00, 0x00, 0x00, 0x00, 0x09, 0xfe, 0x00, 0x00, 0x7f, 0xf1, 0x00, 0x00, 0x00,
    0x00, 0x09, 0xfe, 0x00, 0x00, 0x7f, 0xf1, 0x00, 0x00, 0x00, 0x00, 0x09, 0xfe, 0x00, 0x00, 0x7f,
    0xf1, 0x00, 0x00, 0x00, 0x00, 0x09, 0xfe, 0x00, 0x00, 0x7f, 0xf1, 0x00, 0x00, 0x00, 0x00, 0x09,
    0xfe, 0x00, 0x00, 0x7f, 0xf1, 0x00, 0x00, 0x00, 0x00, 0x09, 0xfe, 0x00, 0x00, 0x7f, 0xf1, 0x00,
    0x00, 0x00, 0x00, 0x09, 0xfe, 0x00, 0x00, 0x6f, 0xf1, 0x00, 0x00, 0x00, 0x00, 0x09, 0xfd, 0x00,
    0x00, 0x4f, 0xf4, 0x00, 0x00, 0x00, 0x00, 0x0c, 0xfb, 0x00, 0x00, 0x1f, 0xf9, 0x00, 0x00, 0x00,
    0x00, 0x2f, 0xf6, 0x00, 0x00, 0x09, 0xff, 0x40, 0x00, 0x00, 0x01, 0xcf, 0xe1, 0x00, 0x00, 0x01,
    0xdf, 0xf9, 0x31, 0x12, 0x5c, 0xff, 0x50, 0x00, 0x00, 0x00, 0x2c, 0xff, 0xff, 0xff, 0xff, 0xe5,
    0x00, 0x00, 0x00, 0x00, 0x00, 0x5a, 0xde, 0xed, 0xb6, 0x10, 0x00, 0x00, 0x00, 0x00, 0x00, 0x4c,
    0x70, 0x02, 0xb9, 0x00, 0x00, 0x00, 0x00, 0x00, 0x00, 0xaf, 0xd0, 0x06, 0xff, 0x20, 0x00, 0x00,
    0x00, 0x00, 0x00, 0x5e, 0x80, 0x02, 0xeb, 0x00, 0x00, 0x00, 0x00, 0x00, 0x00, 0x00, 0x00, 0x00,
    0x00, 0x00, 0x00, 0x00, 0x00, 0x00, 0x00, 0x00, 0x00, 0x00, 0x00, 0x00, 0x00, 0x00, 0x00, 0x7f,
    0xf1, 0x00, 0x00, 0x00, 0x00, 0x09, 0xfe, 0x00, 0x00, 0x7f, 0xf1, 0x00, 0x00, 0x00, 0x00, 0x09,
    0xfe, 0x00, 0x00, 0x7f, 0xf1, 0x00, 0x00, 0x00, 0x00, 0x09, 0xfe, 0x00, 0x00, 0x7f, 0xf1, 0x00,
    0x00, 0x00, 0x00, 0x09, 0xfe, 0x00, 0x00, 0x7f, 0xf1, 0x00, 0x00, 0x00, 0x00, 0x09, 0xfe, 0x00,
    0x00, 0x7f, 0xf1, 0x00, 0x00, 0x00, 0x00, 0x09, 0xfe, 0x00, 0x00, 0x7f, 0xf1, 0x00, 0x00, 0x00,
    0x00, 0x09, 0xfe, 0x00, 0x00, 0x7f, 0xf1, 0x00, 0x00, 0x00, 0x00, 0x09, 0xfe, 0x00, 0x00, 0x7f,
    0xf1, 0x00, 0x00, 0x00, 0x00, 0x09, 0xfe, 0x00, 0x00, 0x7f, 0xf1, 0x00, 0x00, 0x00, 0x00, 0x09,
    0xfe, 0x00, 0x00, 0x7f, 0xf1, 0x00, 0x00, 0x00, 0x00, 0x09, 0xfe, 0x00, 0x00, 0x7f, 0xf1, 0x00,
    0x00, 0x00, 0x00, 0x09, 0xfe, 0x00, 0x00, 0x7f, 0xf1, 0x00, 0x00, 0x00, 0x00, 0x09, 0xfe, 0x00,
    0x00, 0x6f, 0xf1, 0x00, 0x00, 0x00, 0x00, 0x09, 0xfd, 0x00, 0x00, 0x4f, 0xf4, 0x00, 0x00, 0x00,
    0x00, 0x0c, 0xfb, 0x00, 0x00, 0x1f, 0xf9, 0x00, 0x00, 0x00, 0x00, 0x2f, 0xf6, 0x00, 0x00, 0x09,
    0xff, 0x40, 0x00, 0x00, 0x01, 0xcf, 0xe1, 0x00, 0x00, 0x01, 0xdf, 0xf9, 0x31, 0x12, 0x5c, 0xff,
    0x50, 0x00, 0x00, 0x00, 0x2c, 0xff, 0xff, 0xff, 0xff, 0xe5, 0x00, 0x00, 0x00, 0x00, 0x00, 0x5a,
    0xde, 0xed, 0xb6, 0x10, 0x00, 0x00, 0x00, 0x00, 0x00, 0x00, 0x28, 0x86, 0x00, 0x00, 0x00, 0x00,
    0x00, 0x00, 0xaf, 0xf5, 0x00, 0x00, 0x00, 0x00, 0x00, 0x04, 0xff, 0x70, 0x00, 0x00, 0x00, 0x00,
    0x00, 0x1d, 0xf8, 0x00, 0x00, 0x00, 0x00, 0x00, 0x00, 0x9f, 0x70, 0x00, 0x00, 0x00, 0x00, 0x00,
    0x00, 0x00, 0x00, 0x00, 0x00, 0x00, 0x00, 0x00, 0x00, 0x00, 0x00, 0x00, 0x00, 0x00, 0xbf, 0xe1,
    0x00, 0x00, 0x00, 0x00, 0x2f, 0xf9, 0x3f, 0xf8, 0x00, 0x00, 0x00, 0x00, 0xaf, 0xe1, 0x0a, 0xfe,
    0x20, 0x00, 0x00, 0x03, 0xff, 0x70, 0x02, 0xff, 0x90, 0x00, 0x00, 0x0b, 0xfe, 0x10, 0x00, 0x9f,
    0xf2, 0x00, 0x00, 0x4f, 0xf6, 0x00, 0x00, 0x1e, 0xfa, 0x00, 0x00, 0xcf, 0xd0, 0x00, 0x00, 0x08,
    0xff, 0x30, 0x05, 0xff, 0x50, 0x00, 0x00, 0x01, 0xef, 0xa0, 0x0d, 0xfc, 0x00, 0x00, 0x00, 0x00,
    0x6f, 0xf3, 0x6f, 0xf3, 0x00, 0x00, 0x00, 0x00, 0x0d, 0xfb, 0xdf, 0xa0, 0x00, 0x00, 0x00, 0x00,
    0x05, 0xff, 0xff, 0x20, 0x00, 0x00, 0x00, 0x00, 0x00, 0xcf, 0xf9, 0x00, 0x00, 0x00, 0x00, 0x00,
    0x00, 0x6f, 0xf3, 0x00, 0x00, 0x00, 0x00, 0x00, 0x00, 0x5f, 0xf3, 0x00, 0x00, 0x00, 0x00, 0x00,
    0x00, 0x5f, 0xf3, 0x00, 0x00, 0x00, 0x00, 0x00, 0x00, 0x5f, 0xf3, 0x00, 0x00, 0x00, 0x00, 0x00,
    0x00, 0x5f, 0xf3, 0x00, 0x00, 0x00, 0x00, 0x00, 0x00, 0x5f, 0xf3, 0x00, 0x00, 0x00, 0x00, 0x00,
    0x00, 0x5f, 0xf3, 0x00, 0x00, 0x00, 0x00, 0x00, 0x00, 0x5f, 0xf3, 0x00, 0x00, 0x00, 0x00, 0x4f,
    0xf4, 0x00, 0x00, 0x00, 0x00, 0x00, 0x00, 0x04, 0xff, 0x40, 0x00, 0x00, 0x00, 0x00, 0x00, 0x00,
    0x4f, 0xf4, 0x00, 0x00, 0x00, 0x00, 0x00, 0x00, 0x04, 0xff, 0x40, 0x00, 0x00, 0x00, 0x00, 0x00,
    0x00, 0x4f, 0xff, 0xff, 0xfe, 0xc9, 0x30, 0x00, 0x00, 0x04, 0xff, 0xff, 0xff, 0xff, 0xff, 0xa0,
    0x00, 0x00, 0x4f, 0xf4, 0x00, 0x12, 0x6c, 0xff, 0x90, 0x00, 0x04, 0xff, 0x40, 0x00, 0x00, 0x1c,
    0xff, 0x20, 0x00, 0x4f, 0xf4, 0x00, 0x00, 0x00, 0x4f, 0xf6, 0x00, 0x04, 0xff, 0x40, 0x00, 0x00,
    0x02, 0xff, 0x70, 0x00, 0x4f, 0xf4, 0x00, 0x00, 0x00, 0x2f, 0xf6, 0x00, 0x04, 0xff, 0x40, 0x00,
    0x00, 0x05, 0xff, 0x40, 0x00, 0x4f, 0xf4, 0x00, 0x00, 0x01, 0xdf, 0xd0, 0x00, 0x04, 0xff, 0x40,
    0x01, 0x37, 0xdf, 0xf5, 0x00, 0x00, 0x4f, 0xff, 0xff, 0xff, 0xff, 0xe5, 0x00, 0x00, 0x04, 0xff,
    0xff, 0xfe, 0xdb, 0x71, 0x00, 0x00, 0x00, 0x4f, 0xf4, 0x00, 0x00, 0x00, 0x00, 0x00, 0x00, 0x04,
    0xff, 0x40, 0x00, 0x00, 0x00, 0x00, 0x00, 0x00, 0x4f, 0xf4, 0x00, 0x00, 0x00, 0x00, 0x00, 0x00,
    0x04, 0xff, 0x40, 0x00, 0x00, 0x00, 0x00, 0x00, 0x00, 0x00, 0x18, 0xce, 0xfe, 0xd9, 0x30, 0x00,
    0x00, 0x00, 0x04, 0xef, 0xff, 0xff, 0xff, 0xf8, 0x00, 0x00, 0x00, 0x1e, 0xfe, 0x62, 0x12, 0x5c,
    0xff, 0x40, 0x00, 0x00, 0x6f, 0xf3, 0x00, 0x00, 0x01, 0xff, 0x80, 0x00, 0x00, 0x9f, 0xe0, 0x00,
    0x00, 0x00, 0xef, 0x80, 0x00, 0x00, 0x9f, 0xd0, 0x00, 0x00, 0x06, 0xff, 0x40, 0x00, 0x00, 0x9f,
    0xd0, 0x00, 0x00, 0x6f, 0xf8, 0x00, 0x00, 0x00, 0x9f, 0xd0, 0x00, 0x09, 0xff, 0x70, 0x00, 0x00,
    0x00, 0x9f, 0xd0, 0x00, 0x6f, 0xf5, 0x00, 0x00, 0x00, 0x00, 0x9f, 0xd0, 0x00, 0xaf, 0xb0, 0x00,
    0x00, 0x00, 0x00, 0x9f, 0xd0, 0x00, 0x8f, 0xe3, 0x00, 0x00, 0x00, 0x00, 0x9f, 0xd0, 0x00, 0x2e,
    0xff, 0x70, 0x00, 0x00, 0x00, 0x9f, 0xd0, 0x00, 0x02, 0xcf, 0xfb, 0x20, 0x00, 0x00, 0x9f, 0xd0,
    0x00, 0x00, 0x08, 0xff, 0xd2, 0x00, 0x00, 0x9f, 0xd0, 0x00, 0x00, 0x00, 0x4e, 0xfc, 0x00, 0x00,
    0x9f, 0xd0, 0x00, 0x00, 0x00, 0x05, 0xff, 0x40, 0x00, 0x9f, 0xd0, 0x00, 0x00, 0x00, 0x01, 0xff,
    0x60, 0x00, 0x9f, 0xd0, 0x00, 0x00, 0x00, 0x03, 0xff, 0x50, 0x00, 0x9f, 0xd0, 0x0c, 0x83, 0x11,
    0x4c, 0xff, 0x10, 0x00, 0x9f, 0xd0, 0x0d, 0xff, 0xff, 0xff, 0xf6, 0x00, 0x00, 0x9f, 0xd0, 0x05,
    0xad, 0xff, 0xda, 0x30, 0x00, 0x00, 0x00, 0x68, 0x82, 0x00, 0x00, 0x00, 0x00, 0x00, 0x00, 0x4f,
    0xfa, 0x00, 0x00, 0x00, 0x00, 0x00, 0x00, 0x06, 0xff, 0x40, 0x00, 0x00, 0x00, 0x00, 0x00, 0x00,
    0x7f, 0xd1, 0x00, 0x00, 0x00, 0x00, 0x00, 0x00, 0x06, 0xfa, 0x00, 0x00, 0x00, 0x00, 0x00, 0x00,
    0x00, 0x00, 0x00, 0x00, 0x00, 0x00, 0x00, 0x00, 0x00, 0x00, 0x00, 0x00, 0x00, 0x00, 0x01, 0x5a,
    0xde, 0xfd, 0xa3, 0x00, 0x00, 0x00, 0x0d, 0xff, 0xff, 0xff, 0xff, 0x60, 0x00, 0x00, 0x08, 0xc7,
    0x31, 0x15, 0xdf, 0xe1, 0x00, 0x00, 0x00, 0x00, 0x00, 0x00, 0x4f, 0xf4, 0x00, 0x00, 0x00, 0x00,
    0x00, 0x00, 0x0f, 0xf6, 0x00, 0x00, 0x00, 0x00, 0x00, 0x00, 0x0f, 0xf7, 0x00, 0x00, 0x01, 0x7b,
    0xdf, 0xff, 0xff, 0xf7, 0x00, 0x00, 0x5e, 0xff, 0xff, 0xff, 0xff, 0xf7, 0x00, 0x03, 0xff, 0xe7,
    0x31, 0x00, 0x0f, 0xf7, 0x00, 0x08, 0xff, 0x30, 0x00, 0x00, 0x0f, 0xf7, 0x00, 0x0a, 0xfd, 0x00,
    0x00, 0x00, 0x3f, 0xf7, 0x00, 0x0a, 0xff, 0x10, 0x00, 0x00, 0xbf, 0xf7, 0x00, 0x06, 0xff, 0xb3,
    0x12, 0x5c, 0xee, 0xf7, 0x00, 0x00, 0xbf, 0xff, 0xff, 0xfe, 0x4a, 0xf7, 0x00, 0x00, 0x07, 0xcf,
    0xed, 0x92, 0x07, 0xf7, 0x00, 0x00, 0x00, 0x00, 0x00, 0x28, 0x86, 0x00, 0x00, 0x00, 0x00, 0x00,
    0x00, 0xbf, 0xf4, 0x00, 0x00, 0x00, 0x00, 0x00, 0x05, 0xff, 0x60, 0x00, 0x00, 0x00, 0x00, 0x00,
    0x1e, 0xf7, 0x00, 0x00, 0x00, 0x00, 0x00, 0x00, 0xaf, 0x60, 0x00, 0x00, 0x00, 0x00, 0x00, 0x00,
    0x00, 0x00, 0x00, 0x00, 0x00, 0x00, 0x00, 0x00, 0x00, 0x00, 0x00, 0x00, 0x00, 0x00, 0x01, 0x5a,
    0xde, 0xfd, 0xa3, 0x00, 0x00, 0x00, 0x0d, 0xff, 0xff, 0xff, 0xff, 0x60, 0x00, 0x00, 0x08, 0xc7,
    0x31, 0x15, 0xdf, 0xe1, 0x00, 0x00, 0x00, 0x00, 0x00, 0x00, 0x4f, 0xf4, 0x00, 0x00, 0x00, 0x00,
    0x00, 0x00, 0x0f, 0xf6, 0x00, 0x00, 0x00, 0x00, 0x00, 0x00, 0x0f, 0xf7, 0x00, 0x00, 0x01, 0x7b,
    0xdf, 0xff, 0xff, 0xf7, 0x00, 0x00, 0x5e, 0xff, 0xff, 0xff, 0xff, 0xf7, 0x00, 0x03, 0xff, 0xe7,
    0x31, 0x00, 0x0f, 0xf7, 0x00, 0x08, 0xff, 0x30, 0x00, 0x00, 0x0f, 0xf7, 0x00, 0x0a, 0xfd, 0x00,
    0x00, 0x00, 0x3f, 0xf7, 0x00, 0x0a, 0xff, 0x10, 0x00, 0x00, 0xbf, 0xf7, 0x00, 0x06, 0xff, 0xb3,
    0x12, 0x5c, 0xee, 0xf7, 0x00, 0x00, 0xbf, 0xff, 0xff, 0xfe, 0x4a, 0xf7, 0x00, 0x00, 0x07, 0xcf,
    0xed, 0x92, 0x07, 0xf7, 0x00, 0x00, 0x00, 0x00, 0x48, 0x82, 0x00, 0x00, 0x00, 0x00, 0x00, 0x02,
    0xef, 0xfc, 0x00, 0x00, 0x00, 0x00, 0x00, 0x1c, 0xfc, 0xef, 0xa0, 0x00, 0x00, 0x00, 0x00, 0xaf,
    0xb1, 0x2d, 0xf8, 0x00, 0x00, 0x00, 0x09, 0xf8, 0x00, 0x01, 0xaf, 0x60, 0x00, 0x00, 0x00, 0x00,
    0x00, 0x00, 0x00, 0x00, 0x00, 0x00, 0x00, 0x00, 0x00, 0x00, 0x00, 0x00, 0x00, 0x00, 0x01, 0x5a,
    0xde, 0xfd, 0xa3, 0x00, 0x00, 0x00, 0x0d, 0xff, 0xff, 0xff, 0xff, 0x60, 0x00, 0x00, 0x08, 0xc7,
    0x31, 0x15, 0xdf, 0xe1, 0x00, 0x00, 0x00, 0x00, 0x00, 0x00, 0x4f, 0xf4, 0x00, 0x00, 0x00, 0x00,
    0x00, 0x00, 0x0f, 0xf6, 0x00, 0x00, 0x00, 0x00, 0x00, 0x00, 0x0f, 0xf7, 0x00, 0x00, 0x01, 0x7b,
    0xdf, 0xff, 0xff, 0xf7, 0x00, 0x00, 0x5e, 0xff, 0xff, 0xff, 0xff, 0xf7, 0x00, 0x03, 0xff, 0xe7,
    0x31, 0x00, 0x0f, 0xf7, 0x00, 0x08, 0xff, 0x30, 0x00, 0x00, 0x0f, 0xf7, 0x00, 0x0a, 0xfd, 0x00,
    0x00, 0x00, 0x3f, 0xf7, 0x00, 0x0a, 0xff, 0x10, 0x00, 0x00, 0xbf, 0xf7, 0x00, 0x06, 0xff, 0xb3,
    0x12, 0x5c, 0xee, 0xf7, 0x00, 0x00, 0xbf, 0xff, 0xff, 0xfe, 0x4a, 0xf7, 0x00, 0x00, 0x07, 0xcf,
    0xed, 0x92, 0x07, 0xf7, 0x00, 0x00, 0x00, 0x00, 0x00, 0x00, 0x00, 0x00, 0x00, 0x00, 0x01, 0xaf,
    0xd6, 0x00, 0x08, 0xd0, 0x00, 0x00, 0x08, 0xff, 0xff, 0xb2, 0x2e, 0xa0, 0x00, 0x00, 0x0e, 0xb1,
    0x4d, 0xff, 0xff, 0x30, 0x00, 0x00, 0x3f, 0x40, 0x01, 0x8e, 0xe6, 0x00, 0x00, 0x00, 0x00, 0x00,
    0x00, 0x00, 0x00, 0x00, 0x00, 0x00, 0x00, 0x00, 0x00, 0x00, 0x00, 0x00, 0x00, 0x00, 0x01, 0x5a,
    0xde, 0xfd, 0xa3, 0x00, 0x00, 0x00, 0x0d, 0xff, 0xff, 0xff, 0xff, 0x60, 0x00, 0x00, 0x08, 0xc7,
    0x31, 0x15, 0xdf, 0xe1, 0x00, 0x00, 0x00, 0x00, 0x00, 0x00, 0x4f, 0xf4, 0x00, 0x00, 0x00, 0x00,
    0x00, 0x00, 0x0f, 0xf6, 0x00, 0x00, 0x00, 0x00, 0x00, 0x00, 0x0f, 0xf7, 0x00, 0x00, 0x01, 0x7b,
    0xdf, 0xff, 0xff, 0xf7, 0x00, 0x00, 0x5e, 0xff, 0xff, 0xff, 0xff, 0xf7, 0x00, 0x03, 0xff, 0xe7,
    0x31, 0x00, 0x0f, 0xf7, 0x00, 0x08, 0xff, 0x30, 0x00, 0x00, 0x0f, 0xf7, 0x00, 0x0a, 0xfd, 0x00,
    0x00, 0x00, 0x3f, 0xf7, 0x00, 0x0a, 0xff, 0x10, 0x00, 0x00, 0xbf, 0xf7, 0x00, 0x06, 0xff, 0xb3,
    0x12, 0x5c, 0xee, 0xf7, 0x00, 0x00, 0xbf, 0xff, 0xff, 0xfe, 0x4a, 0xf7, 0x00, 0x00, 0x07, 0xcf,
    0xed, 0x92, 0x07, 0xf7, 0x00, 0x00, 0x00, 0x8c, 0x30, 0x05, 0xc5, 0x00, 0x00, 0x00, 0x01, 0xff,
    0x80, 0x0c, 0xfb, 0x00, 0x00, 0x00, 0x00, 0xbe, 0x30, 0x07, 0xe6, 0x00, 0x00, 0x00, 0x00, 0x00,
    0x00, 0x00, 0x00, 0x00, 0x00, 0x00, 0x00, 0x00, 0x00, 0x00, 0x00, 0x00, 0x00, 0x00, 0x01, 0x5a,
    0xde, 0xfd, 0xa3, 0x00, 0x00, 0x00, 0x0d, 0xff, 0xff, 0xff, 0xff, 0x60, 0x00, 0x00, 0x08, 0xc7,
    0x31, 0x15, 0xdf, 0xe1, 0x00, 0x00, 0x00, 0x00, 0x00, 0x00, 0x4f, 0xf4, 0x00, 0x00, 0x00, 0x00,
    0x00, 0x00, 0x0f, 0xf6, 0x00, 0x00, 0x00, 0x00, 0x00, 0x00, 0x0f, 0xf7, 0x00, 0x00, 0x01, 0x7b,
    0xdf, 0xff, 0xff, 0xf7, 0x00, 0x00, 0x5e, 0xff, 0xff, 0xff, 0xff, 0xf7, 0x00, 0x03, 0xff, 0xe7,
    0x31, 0x00, 0x0f, 0xf7, 0x00, 0x08, 0xff, 0x30, 0x00, 0x00, 0x0f, 0xf7, 0x00, 0x0a, 0xfd, 0x00,
    0x00, 0x00, 0x3f, 0xf7, 0x00, 0x0a, 0xff, 0x10, 0x00, 0x00, 0xbf, 0xf7, 0x00, 0x06, 0xff, 0xb3,
    0x12, 0x5c, 0xee, 0xf7, 0x00, 0x00, 0xbf, 0xff, 0xff, 0xfe, 0x4a, 0xf7, 0x00, 0x00, 0x07, 0xcf,
    0xed, 0x92, 0x07, 0xf7, 0x00, 0x00, 0x00, 0x01, 0xae, 0xd8, 0x00, 0x00, 0x00, 0x00, 0x00, 0x0b,
    0xd4, 0x6f, 0x80, 0x00, 0x00, 0x00, 0x00, 0x1f, 0x60, 0x0a, 0xe0, 0x00, 0x00, 0x00, 0x00, 0x1f,
    0x60, 0x09, 0xe0, 0x00, 0x00, 0x00, 0x00, 0x0d, 0xc1, 0x3e, 0xa0, 0x00, 0x00, 0x00, 0x00, 0x03,
    0xdf, 0xfb, 0x10, 0x00, 0x00, 0x00, 0x00, 0x00, 0x02, 0x10, 0x00, 0x00, 0x00, 0x00, 0x00, 0x00,
    0x00, 0x00, 0x00, 0x00, 0x00, 0x00, 0x01, 0x5a, 0xde, 0xfd, 0xa3, 0x00, 0x00, 0x00, 0x0d, 0xff,
    0xff, 0xff, 0xff, 0x60, 0x00, 0x00, 0x08, 0xc7, 0x31, 0x15, 0xdf, 0xe1, 0x00, 0x00, 0x00, 0x00,
    0x00, 0x00, 0x4f, 0xf4, 0x00, 0x00, 0x00, 0x00, 0x00, 0x00, 0x0f, 0xf6, 0x00, 0x00, 0x00, 0x00,
    0x00, 0x00, 0x0f, 0xf7, 0x00, 0x00, 0x01, 0x7b, 0xdf, 0xff, 0xff, 0xf7, 0x00, 0x00, 0x5e, 0xff,
    0xff, 0xff, 0xff, 0xf7, 0x00, 0x03, 0xff, 0xe7, 0x31, 0x00, 0x0f, 0xf7, 0x00, 0x08, 0xff, 0x30,
    0x00, 0x00, 0x0f, 0xf7, 0x00, 0x0a, 0xfd, 0x00, 0x00, 0x00, 0x3f, 0xf7, 0x00, 0x0a, 0xff, 0x10,
    0x00, 0x00, 0xbf, 0xf7, 0x00, 0x06, 0xff, 0xb3, 0x12, 0x5c, 0xee, 0xf7, 0x00, 0x00, 0xbf, 0xff,
    0xff, 0xfe, 0x4a, 0xf7, 0x00, 0x00, 0x07, 0xcf, 0xed, 0x92, 0x07, 0xf7, 0x00, 0x00, 0x02, 0x7b,
    0xef, 0xec, 0x60, 0x00, 0x7c, 0xee, 0xc6, 0x00, 0x00, 0x00, 0x4f, 0xff, 0xff, 0xff, 0xfa, 0x1c,
    0xff, 0xff, 0xff, 0xb1, 0x00, 0x00, 0x0d, 0xa5, 0x21, 0x29, 0xff, 0xdf, 0xc4, 0x11, 0x6f, 0xfa,
    0x00, 0x00, 0x00, 0x00, 0x00, 0x00, 0xaf, 0xfe, 0x10, 0x00, 0x07, 0xff, 0x30, 0x00, 0x00, 0x00,
    0x00, 0x00, 0x6f, 0xf8, 0x00, 0x00, 0x01, 0xff, 0x80, 0x00, 0x00, 0x00, 0x00, 0x00, 0x6f, 0xf5,
    0x00, 0x00, 0x00, 0xef, 0xa0, 0x00, 0x02, 0x8c, 0xef, 0xff, 0xff, 0xff, 0xff, 0xff, 0xff, 0xff,
    0xb0, 0x00, 0x6f, 0xff, 0xff, 0xff, 0xff, 0xff, 0xff, 0xff, 0xff, 0xff, 0xc0, 0x03, 0xff, 0xe6,
    0x21, 0x00, 0x6f, 0xf3, 0x00, 0x00, 0x00, 0x00, 0x00, 0x09, 0xff, 0x30, 0x00, 0x00, 0x7f, 0xf5,
    0x00, 0x00, 0x00, 0x00, 0x00, 0x0a, 0xfe, 0x00, 0x00, 0x00, 0x9f, 0xf9, 0x00, 0x00, 0x00, 0x00,
    0x00, 0x0a, 0xfe, 0x00, 0x00, 0x02, 0xef, 0xfe, 0x20, 0x00, 0x00, 0x00, 0x00, 0x06, 0xff, 0xa2,
    0x12, 0x7e, 0xf5, 0xcf, 0xe6, 0x20, 0x13, 0x7c, 0x10, 0x00, 0xbf, 0xff, 0xff, 0xff, 0x50, 0x2c,
    0xff, 0xff, 0xff, 0xff, 0x10, 0x00, 0x07, 0xce, 0xed, 0x92, 0x00, 0x00, 0x6b, 0xef, 0xec, 0x94,
    0x00, 0x00, 0x00, 0x16, 0xbd, 0xfe, 0xc9, 0x20, 0x00, 0x3d, 0xff, 0xff, 0xff, 0xf4, 0x00, 0x1d,
    0xfe, 0x72, 0x12, 0x59, 0x00, 0x09, 0xff, 0x30, 0x00, 0x00, 0x00, 0x01, 0xef, 0x90, 0x00, 0x00,
    0x00, 0x00, 0x4f, 0xf4, 0x00, 0x00, 0x00, 0x00, 0x05, 0xff, 0x20, 0x00, 0x00, 0x00, 0x00, 0x6f,
    0xf2, 0x00, 0x00, 0x00, 0x00, 0x06, 0xff, 0x20, 0x00, 0x00, 0x00, 0x00, 0x4f, 0xf4, 0x00, 0x00,
    0x00, 0x00, 0x01, 0xff, 0x90, 0x00, 0x00, 0x00, 0x00, 0x0a, 0xff, 0x30, 0x00, 0x00, 0x00, 0x00,
    0x2e, 0xfe, 0x62, 0x01, 0x49, 0x30, 0x00, 0x4d, 0xff, 0xff, 0xff, 0xf4, 0x00, 0x00, 0x17, 0xce,
    0xfe, 0xc8, 0x10, 0x00, 0x00, 0x00, 0x67, 0x00, 0x00, 0x00, 0x00, 0x00, 0x2f, 0x80, 0x00, 0x00,
    0x00, 0x00, 0x09, 0xfe, 0x80, 0x00, 0x00, 0x00, 0x00, 0x02, 0xbf, 0x70, 0x00, 0x00, 0x00, 0x00,
    0x05, 0xfa, 0x00, 0x00, 0x00, 0x07, 0x89, 0xef, 0x50, 0x00, 0x00, 0x00, 0xcf, 0xec, 0x50, 0x00,
    0x00, 0x00, 0x58, 0x83, 0x00, 0x00, 0x00, 0x00, 0x00, 0x00, 0x3f, 0xfc, 0x00, 0x00, 0x00, 0x00,
    0x00, 0x00, 0x05, 0xff, 0x60, 0x00, 0x00, 0x00, 0x00, 0x00, 0x00, 0x6f, 0xe2, 0x00, 0x00, 0x00,
    0x00, 0x00, 0x00, 0x05, 0xfb, 0x00, 0x00, 0x00, 0x00, 0x00, 0x00, 0x00, 0x00, 0x00, 0x00, 0x00,
    0x00, 0x00, 0x00, 0x00, 0x00, 0x00, 0x00, 0x00, 0x00, 0x00, 0x16, 0xce, 0xed, 0x92, 0x00, 0x00,
    0x00, 0x02, 0xdf, 0xff, 0xff, 0xff, 0x50, 0x00, 0x00, 0x1d, 0xfd, 0x51, 0x13, 0xbf, 0xf3, 0x00,
    0x00, 0x9f, 0xe2, 0x00, 0x00, 0x0d, 0xfb, 0x00, 0x00, 0xef, 0x80, 0x00, 0x00, 0x07, 0xff, 0x10,
    0x04, 0xff, 0x40, 0x00, 0x00, 0x05, 0xff, 0x40, 0x05, 0xff, 0xff, 0xff, 0xff, 0xff, 0xff, 0x50,
    0x06, 0xff, 0xff, 0xff, 0xff, 0xff, 0xff, 0x50, 0x05, 0xff, 0x20, 0x00, 0x00, 0x00, 0x00, 0x00,
    0x04, 0xff, 0x40, 0x00, 0x00, 0x00, 0x00, 0x00, 0x01, 0xef, 0x90, 0x00, 0x00, 0x00, 0x00, 0x00,
    0x00, 0x9f, 0xf4, 0x00, 0x00, 0x00, 0x00, 0x00, 0x00, 0x1d, 0xff, 0x83, 0x11, 0x25, 0x99, 0x00,
    0x00, 0x02, 0xcf, 0xff, 0xff, 0xff, 0xfa, 0x00, 0x00, 0x00, 0x05, 0xad, 0xff, 0xdb, 0x62, 0x00,
    0x00, 0x00, 0x00, 0x00, 0x18, 0x87, 0x00, 0x00, 0x00, 0x00, 0x00, 0x00, 0x9f, 0xf6, 0x00, 0x00,
    0x00, 0x00, 0x00, 0x03, 0xff, 0x80, 0x00, 0x00, 0x00, 0x00, 0x00, 0x0c, 0xf9, 0x00, 0x00, 0x00,
    0x00, 0x00, 0x00, 0x8f, 0x80, 0x00, 0x00, 0x00, 0x00, 0x00, 0x00, 0x00, 0x00, 0x00, 0x00, 0x00,
    0x00, 0x00, 0x00, 0x00, 0x00, 0x00, 0x00, 0x00, 0x00, 0x00, 0x16, 0xce, 0xed, 0x92, 0x00, 0x00,
    0x00, 0x02, 0xdf, 0xff, 0xff, 0xff, 0x50, 0x00, 0x00, 0x1d, 0xfd, 0x51, 0x13, 0xbf, 0xf3, 0x00,
    0x00, 0x9f, 0xe2, 0x00, 0x00, 0x0d, 0xfb, 0x00, 0x00, 0xef, 0x80, 0x00, 0x00, 0x07, 0xff, 0x10,
    0x04, 0xff, 0x40, 0x00, 0x00, 0x05, 0xff, 0x40, 0x05, 0xff, 0xff, 0xff, 0xff, 0xff, 0xff, 0x50,
    0x06, 0xff, 0xff, 0xff, 0xff, 0xff, 0xff, 0x50, 0x05, 0xff, 0x20, 0x00, 0x00, 0x00, 0x00, 0x00,
    0x04, 0xff, 0x40, 0x00, 0x00, 0x00, 0x00, 0x00, 0x01, 0xef, 0x90, 0x00, 0x00, 0x00, 0x00, 0x00,
    0x00, 0x9f, 0xf4, 0x00, 0x00, 0x00, 0x00, 0x00, 0x00, 0x1d, 0xff, 0x83, 0x11, 0x25, 0x99, 0x00,
    0x00, 0x02, 0xcf, 0xff, 0xff, 0xff, 0xfa, 0x00, 0x00, 0x00, 0x05, 0xad, 0xff, 0xdb, 0x62, 0x00,
    0x00, 0x00, 0x00, 0x38, 0x83, 0x00, 0x00, 0x00, 0x00, 0x00, 0x01, 0xdf, 0xfd, 0x10, 0x00, 0x00,
    0x00, 0x00, 0x0b, 0xfd, 0xdf, 0xb0, 0x00, 0x00, 0x00, 0x00, 0x9f, 0xc1, 0x2c, 0xf9, 0x00, 0x00,
    0x00, 0x07, 0xf9, 0x10, 0x01, 0x9f, 0x80, 0x00, 0x00, 0x00, 0x00, 0x00, 0x00, 0x00, 0x00, 0x00,
    0x00, 0x00, 0x00, 0x00, 0x00, 0x00, 0x00, 0x00, 0x00, 0x00, 0x16, 0xce, 0xed, 0x92, 0x00, 0x00,
    0x00, 0x02, 0xdf, 0xff, 0xff, 0xff, 0x50, 0x00, 0x00, 0x1d, 0xfd, 0x51, 0x13, 0xbf, 0xf3, 0x00,
    0x00, 0x9f, 0xe2, 0x00, 0x00, 0x0d, 0xfb, 0x00, 0x00, 0xef, 0x80, 0x00, 0x00, 0x07, 0xff, 0x10,
    0x04, 0xff, 0x40, 0x00, 0x00, 0x05, 0xff, 0x40, 0x05, 0xff, 0xff, 0xff, 0xff, 0xff, 0xff, 0x50,
    0x06, 0xff, 0xff, 0xff, 0xff, 0xff, 0xff, 0x50, 0x05, 0xff, 0x20, 0x00, 0x00, 0x00, 0x00, 0x00,
    0x04, 0xff, 0x40, 0x00, 0x00, 0x00, 0x00, 0x00, 0x01, 0xef, 0x90, 0x00, 0x00, 0x00, 0x00, 0x00,
    0x00, 0x9f, 0xf4, 0x00, 0x00, 0x00, 0x00, 0x00, 0x00, 0x1d, 0xff, 0x83, 0x11, 0x25, 0x99, 0x00,
    0x00, 0x02, 0xcf, 0xff, 0xff, 0xff, 0xfa, 0x00, 0x00, 0x00, 0x05, 0xad, 0xff, 0xdb, 0x62, 0x00,
    0x00, 0x00, 0x7c, 0x40, 0x04, 0xc6, 0x00, 0x00, 0x00, 0x00, 0xef, 0x90, 0x0a, 0xfd, 0x00, 0x00,
    0x00, 0x00, 0x9e, 0x50, 0x05, 0xe8, 0x00, 0x00, 0x00, 0x00, 0x00, 0x00, 0x00, 0x00, 0x00, 0x00,
    0x00, 0x00, 0x00, 0x00, 0x00, 0x00, 0x00, 0x00, 0x00, 0x00, 0x16, 0xce, 0xed, 0x92, 0x00, 0x00,
    0x00, 0x02, 0xdf, 0xff, 0xff, 0xff, 0x50, 0x00, 0x00, 0x1d, 0xfd, 0x51, 0x13, 0xbf, 0xf3, 0x00,
    0x00, 0x9f, 0xe2, 0x00, 0x00, 0x0d, 0xfb, 0x00, 0x00, 0xef, 0x80, 0x00, 0x00, 0x07, 0xff, 0x10,
    0x04, 0xff, 0x40, 0x00, 0x00, 0x05, 0xff, 0x40, 0x05, 0xff, 0xff, 0xff, 0xff, 0xff, 0xff, 0x50,
    0x06, 0xff, 0xff, 0xff, 0xff, 0xff, 0xff, 0x50, 0x05, 0xff, 0x20, 0x00, 0x00, 0x00, 0x00, 0x00,
    0x04, 0xff, 0x40, 0x00, 0x00, 0x00, 0x00, 0x00, 0x01, 0xef, 0x90, 0x00, 0x00, 0x00, 0x00, 0x00,
    0x00, 0x9f, 0xf4, 0x00, 0x00, 0x00, 0x00, 0x00, 0x00, 0x1d, 0xff, 0x83, 0x11, 0x25, 0x99, 0x00,
    0x00, 0x02, 0xcf, 0xff, 0xff, 0xff, 0xfa, 0x00, 0x00, 0x00, 0x05, 0xad, 0xff, 0xdb, 0x62, 0x00,
    0x07, 0x87, 0x00, 0x00, 0x08, 0xff, 0x70, 0x00, 0x00, 0xaf, 0xe2, 0x00, 0x00, 0x0a, 0xfb, 0x00,
    0x00, 0x00, 0xaf, 0x60, 0x00, 0x00, 0x00, 0x00, 0x00, 0x00, 0x00, 0x00, 0x00, 0x09, 0xfd, 0x00,
    0x00, 0x09, 0xfd, 0x00, 0x00, 0x09, 0xfd, 0x00, 0x00, 0x09, 0xfd, 0x00, 0x00, 0x09, 0xfd, 0x00,
    0x00, 0x09, 0xfd, 0x00, 0x00, 0x09, 0xfd, 0x00, 0x00, 0x09, 0xfd, 0x00, 0x00, 0x09, 0xfd, 0x00,
    0x00, 0x09, 0xfd, 0x00, 0x00, 0x09, 0xfd, 0x00, 0x00, 0x09, 0xfd, 0x00, 0x00, 0x09, 0xfd, 0x00,
    0x00, 0x09, 0xfd, 0x00, 0x00, 0x09, 0xfd, 0x00, 0x00, 0x00, 0x48, 0x84, 0x00, 0x01, 0xef, 0xe2,
    0x00, 0x09, 0xfe, 0x30, 0x00, 0x3f, 0xe4, 0x00, 0x00, 0xde, 0x40, 0x00, 0x00, 0x00, 0x00, 0x00,
    0x00, 0x00, 0x00, 0x00, 0x00, 0x9f, 0xd0, 0x00, 0x00, 0x9f, 0xd0, 0x00, 0x00, 0x9f, 0xd0, 0x00,
    0x00, 0x9f, 0xd0, 0x00, 0x00, 0x9f, 0xd0, 0x00, 0x00, 0x9f, 0xd0, 0x00, 0x00, 0x9f, 0xd0, 0x00,
    0x00, 0x9f, 0xd0, 0x00, 0x00, 0x9f, 0xd0, 0x00, 0x00, 0x9f, 0xd0, 0x00, 0x00, 0x9f, 0xd0, 0x00,
    0x00, 0x9f, 0xd0, 0x00, 0x00, 0x9f, 0xd0, 0x00, 0x00, 0x9f, 0xd0, 0x00, 0x00, 0x9f, 0xd0, 0x00,
    0x00, 0x00, 0x68, 0x70, 0x00, 0x00, 0x00, 0x5f, 0xff, 0x80, 0x00, 0x00, 0x3e, 0xfb, 0xff, 0x60,
    0x00, 0x1d, 0xf8, 0x05, 0xff, 0x40, 0x0c, 0xe5, 0x00, 0x03, 0xde, 0x30, 0x00, 0x00, 0x00, 0x00,
    0x00, 0x00, 0x00, 0x00, 0x00, 0x00, 0x00, 0x00, 0x09, 0xfd, 0x00, 0x00, 0x00, 0x00, 0x9f, 0xd0,
    0x00, 0x00, 0x00, 0x09, 0xfd, 0x00, 0x00, 0x00, 0x00, 0x9f, 0xd0, 0x00, 0x00, 0x00, 0x09, 0xfd,
    0x00, 0x00, 0x00, 0x00, 0x9f, 0xd0, 0x00, 0x00, 0x00, 0x09, 0xfd, 0x00, 0x00, 0x00, 0x00, 0x9f,
    0xd0, 0x00, 0x00, 0x00, 0x09, 0xfd, 0x00, 0x00, 0x00, 0x00, 0x9f, 0xd0, 0x00, 0x00, 0x00, 0x09,
    0xfd, 0x00, 0x00, 0x00, 0x00, 0x9f, 0xd0, 0x00, 0x00, 0x00, 0x09, 0xfd, 0x00, 0x00, 0x00, 0x00,
    0x9f, 0xd0, 0x00, 0x00, 0x00, 0x09, 0xfd, 0x00, 0x00, 0x1b, 0xa1, 0x00, 0x9c, 0x25, 0xff, 0x40,
    0x1f, 0xf7, 0x1d, 0xd1, 0x00, 0xbe, 0x30, 0x00, 0x00, 0x00, 0x00, 0x00, 0x00, 0x00, 0x00, 0x00,
    0x00, 0x9f, 0xd0, 0x00, 0x00, 0x09, 0xfd, 0x00, 0x00, 0x00, 0x9f, 0xd0, 0x00, 0x00, 0x09, 0xfd,
    0x00, 0x00, 0x00, 0x9f, 0xd0, 0x00, 0x00, 0x09, 0xfd, 0x00, 0x00, 0x00, 0x9f, 0xd0, 0x00, 0x00,
    0x09, 0xfd, 0x00, 0x00, 0x00, 0x9f, 0xd0, 0x00, 0x00, 0x09, 0xfd, 0x00, 0x00, 0x00, 0x9f, 0xd0,
    0x00, 0x00, 0x09, 0xfd, 0x00, 0x00, 0x00, 0x9f, 0xd0, 0x00, 0x00, 0x09, 0xfd, 0x00, 0x00, 0x00,
    0x9f, 0xd0, 0x00, 0x00, 0x00, 0x00, 0x00, 0x00, 0x00, 0x00, 0x00, 0x00, 0x00, 0x00, 0x4c, 0x50,
    0x00, 0x3a, 0x20, 0x00, 0x00, 0x00, 0x0b, 0xff, 0xb3, 0x9f, 0xf9, 0x00, 0x00, 0x00, 0x00, 0x07,
    0xef, 0xff, 0xd5, 0x00, 0x00, 0x00, 0x00, 0x00, 0x5d, 0xff, 0xf6, 0x00, 0x00, 0x00, 0x00, 0x03,
    0xcf, 0xfa, 0xaf, 0xf5, 0x00, 0x00, 0x00, 0x00, 0x2e, 0xc3, 0x00, 0xaf, 0xe2, 0x00, 0x00, 0x00,
    0x00, 0x20, 0x00, 0x01, 0xdf, 0xa0, 0x00, 0x00, 0x00, 0x00, 0x00, 0x00, 0x04, 0xff, 0x30, 0x00,
    0x00, 0x02, 0x9d, 0xff, 0xda, 0x3c, 0xf9, 0x00, 0x00, 0x06, 0xff, 0xff, 0xff, 0xff, 0xcf, 0xe0,
    0x00, 0x05, 0xff, 0xc5, 0x10, 0x15, 0xdf, 0xff, 0x20, 0x00, 0xdf, 0xc1, 0x00, 0x00, 0x01, 0xdf,
    0xf5, 0x00, 0x3f, 0xf5, 0x00, 0x00, 0x00, 0x05, 0xff, 0x60, 0x06, 0xff, 0x20, 0x00, 0x00, 0x00,
    0x2f, 0xf6, 0x00, 0x6f, 0xf1, 0x00, 0x00, 0x00, 0x01, 0xff, 0x50, 0x05, 0xff, 0x20, 0x00, 0x00,
    0x00, 0x3f, 0xf3, 0x00, 0x2f, 0xf6, 0x00, 0x00, 0x00, 0x07, 0xfe, 0x00, 0x00, 0xbf, 0xd1, 0x00,
    0x00, 0x01, 0xef, 0x90, 0x00, 0x03, 0xef, 0xd5, 0x10, 0x26, 0xdf, 0xd1, 0x00, 0x00, 0x04, 0xdf,
    0xff, 0xff, 0xff, 0xd2, 0x00, 0x00, 0x00, 0x01, 0x7b, 0xef, 0xeb, 0x60, 0x00, 0x00, 0x00, 0x00,
    0x00, 0x00, 0x00, 0x00, 0x00, 0x00, 0x00, 0x00, 0x02, 0xbf, 0xc4, 0x00, 0x0c, 0xa0, 0x00, 0x00,
    0x00, 0xbf, 0xff, 0xf9, 0x15, 0xf7, 0x00, 0x00, 0x00, 0x3f, 0x81, 0x6e, 0xff, 0xfe, 0x10, 0x00,
    0x00, 0x06, 0xf1, 0x00, 0x2a, 0xed, 0x40, 0x00, 0x00, 0x00, 0x00, 0x00, 0x00, 0x00, 0x00, 0x00,
    0x00, 0x00, 0x00, 0x00, 0x00, 0x00, 0x00, 0x00, 0x00, 0x00, 0x09, 0xf7, 0x03, 0xad, 0xfe, 0xc7,
    0x00, 0x00, 0x00, 0x9f, 0x97, 0xff, 0xff, 0xff, 0xfc, 0x00, 0x00, 0x09, 0xfe, 0xfb, 0x41, 0x13,
    0xbf, 0xf7, 0x00, 0x00, 0x9f, 0xfb, 0x00, 0x00, 0x00, 0xdf, 0xc0, 0x00, 0x09, 0xff, 0x40, 0x00,
    0x00, 0x08, 0xff, 0x00, 0x00, 0x9f, 0xf0, 0x00, 0x00, 0x00, 0x6f, 0xf0, 0x00, 0x09, 0xfd, 0x00,
    0x00, 0x00, 0x06, 0xff, 0x00, 0x00, 0x9f, 0xd0, 0x00, 0x00, 0x00, 0x6f, 0xf0, 0x00, 0x09, 0xfd,
    0x00, 0x00, 0x00, 0x06, 0xff, 0x00, 0x00, 0x9f, 0xd0, 0x00, 0x00, 0x00, 0x6f, 0xf0, 0x00, 0x09,
    0xfd, 0x00, 0x00, 0x00, 0x06, 0xff, 0x00, 0x00, 0x9f, 0xd0, 0x00, 0x00, 0x00, 0x6f, 0xf0, 0x00,
    0x09, 0xfd, 0x00, 0x00, 0x00, 0x06, 0xff, 0x00, 0x00, 0x9f, 0xd0, 0x00, 0x00, 0x00, 0x6f, 0xf0,
    0x00, 0x09, 0xfd, 0x00, 0x00, 0x00, 0x06, 0xff, 0x00, 0x00, 0x00, 0x18, 0x87, 0x00, 0x00, 0x00,
    0x00, 0x00, 0x00, 0x00, 0xaf, 0xf5, 0x00, 0x00, 0x00, 0x00, 0x00, 0x00, 0x01, 0xbf, 0xd1, 0x00,
    0x00, 0x00, 0x00, 0x00, 0x00, 0x01, 0xcf, 0x90, 0x00, 0x00, 0x00, 0x00, 0x00, 0x00, 0x01, 0xbf,
    0x40, 0x00, 0x00, 0x00, 0x00, 0x00, 0x00, 0x00, 0x00, 0x00, 0x00, 0x00, 0x00, 0x00, 0x00, 0x00,
    0x00, 0x00, 0x00, 0x00, 0x00, 0x00, 0x00, 0x6b, 0xef, 0xdb, 0x50, 0x00, 0x00, 0x00, 0x02, 0xdf,
    0xff, 0xff, 0xff, 0xc2, 0x00, 0x00, 0x01, 0xef, 0xe6, 0x21, 0x27, 0xef, 0xd1, 0x00, 0x00, 0x9f,
    0xf3, 0x00, 0x00, 0x03, 0xff, 0x80, 0x00, 0x1f, 0xf9, 0x00, 0x00, 0x00, 0x0a, 0xfe, 0x00, 0x04,
    0xff, 0x40, 0x00, 0x00, 0x00, 0x5f, 0xf3, 0x00, 0x6f, 0xf2, 0x00, 0x00, 0x00, 0x03, 0xff, 0x50,
    0x06, 0xff, 0x20, 0x00, 0x00, 0x00, 0x2f, 0xf6, 0x00, 0x5f, 0xf2, 0x00, 0x00, 0x00, 0x03, 0xff,
    0x50, 0x04, 0xff, 0x50, 0x00, 0x00, 0x00, 0x5f, 0xf3, 0x00, 0x0e, 0xf9, 0x00, 0x00, 0x00, 0x0a,
    0xfe, 0x00, 0x00, 0x8f, 0xf3, 0x00, 0x00, 0x04, 0xff, 0x80, 0x00, 0x01, 0xdf, 0xe6, 0x21, 0x27,
    0xef, 0xd1, 0x00, 0x00, 0x02, 0xcf, 0xff, 0xff, 0xff, 0xc2, 0x00, 0x00, 0x00, 0x00, 0x6b, 0xdf,
    0xeb, 0x60, 0x00, 0x00, 0x00, 0x00, 0x00, 0x00, 0x05, 0x88, 0x30, 0x00, 0x00, 0x00, 0x00, 0x00,
    0x02, 0xff, 0xd1, 0x00, 0x00, 0x00, 0x00, 0x00, 0x00, 0xbf, 0xd2, 0x00, 0x00, 0x00, 0x00, 0x00,
    0x00, 0x5f, 0xe3, 0x00, 0x00, 0x00, 0x00, 0x00, 0x00, 0x1e, 0xd2, 0x00, 0x00, 0x00, 0x00, 0x00,
    0x00, 0x00, 0x00, 0x00, 0x00, 0x00, 0x00, 0x00, 0x00, 0x00, 0x00, 0x00, 0x00, 0x00, 0x00, 0x00,
    0x00, 0x00, 0x6b, 0xef, 0xdb, 0x50, 0x00, 0x00, 0x00, 0x02, 0xdf, 0xff, 0xff, 0xff, 0xc2, 0x00,
    0x00, 0x01, 0xef, 0xe6, 0x21, 0x27, 0xef, 0xd1, 0x00, 0x00, 0x9f, 0xf3, 0x00, 0x00, 0x03, 0xff,
    0x80, 0x00, 0x1f, 0xf9, 0x00, 0x00, 0x00, 0x0a, 0xfe, 0x00, 0x04, 0xff, 0x40, 0x00, 0x00, 0x00,
    0x5f, 0xf3, 0x00, 0x6f, 0xf2, 0x00, 0x00, 0x00, 0x03, 0xff, 0x50, 0x06, 0xff, 0x20, 0x00, 0x00,
    0x00, 0x2f, 0xf6, 0x00, 0x5f, 0xf2, 0x00, 0x00, 0x00, 0x03, 0xff, 0x50, 0x04, 0xff, 0x50, 0x00,
    0x00, 0x00, 0x5f, 0xf3, 0x00, 0x0e, 0xf9, 0x00, 0x00, 0x00, 0x0a, 0xfe, 0x00, 0x00, 0x8f, 0xf3,
    0x00, 0x00, 0x04, 0xff, 0x80, 0x00, 0x01, 0xdf, 0xe6, 0x21, 0x27, 0xef, 0xd1, 0x00, 0x00, 0x02,
    0xcf, 0xff, 0xff, 0xff, 0xc2, 0x00, 0x00, 0x00, 0x00, 0x6b, 0xdf, 0xeb, 0x60, 0x00, 0x00, 0x00,
    0x00, 0x00, 0x07, 0x87, 0x00, 0x00, 0x00, 0x00, 0x00, 0x00, 0x06, 0xff, 0xf6, 0x00, 0x00, 0x00,
    0x00, 0x00, 0x04, 0xff, 0xbf, 0xf4, 0x00, 0x00, 0x00, 0x00, 0x02, 0xef, 0x60, 0x7f, 0xe3, 0x00,
    0x00, 0x00, 0x01, 0xde, 0x40, 0x00, 0x4d, 0xe2, 0x00, 0x00, 0x00, 0x00, 0x00, 0x00, 0x00, 0x00,
    0x00, 0x00, 0x00, 0x00, 0x00, 0x00, 0x00, 0x00, 0x00, 0x00, 0x00, 0x00, 0x00, 0x6b, 0xef, 0xdb,
    0x50, 0x00, 0x00, 0x00, 0x02, 0xdf, 0xff, 0xff, 0xff, 0xc2, 0x00, 0x00, 0x01, 0xef, 0xe6, 0x21,
    0x27, 0xef, 0xd1, 0x00, 0x00, 0x9f, 0xf3, 0x00, 0x00, 0x03, 0xff, 0x80, 0x00, 0x1f, 0xf9, 0x00,
    0x00, 0x00, 0x0a, 0xfe, 0x00, 0x04, 0xff, 0x40, 0x00, 0x00, 0x00, 0x5f, 0xf3, 0x00, 0x6f, 0xf2,
    0x00, 0x00, 0x00, 0x03, 0xff, 0x50, 0x06, 0xff, 0x20, 0x00, 0x00, 0x00, 0x2f, 0xf6, 0x00, 0x5f,
    0xf2, 0x00, 0x00, 0x00, 0x03, 0xff, 0x50, 0x04, 0xff, 0x50, 0x00, 0x00, 0x00, 0x5f, 0xf3, 0x00,
    0x0e, 0xf9, 0x00, 0x00, 0x00, 0x0a, 0xfe, 0x00, 0x00, 0x8f, 0xf3, 0x00, 0x00, 0x04, 0xff, 0x80,
    0x00, 0x01, 0xdf, 0xe6, 0x21, 0x27, 0xef, 0xd1, 0x00, 0x00, 0x02, 0xcf, 0xff, 0xff, 0xff, 0xc2,
    0x00, 0x00, 0x00, 0x00, 0x6b, 0xdf, 0xeb, 0x60, 0x00, 0x00, 0x00, 0x00, 0x00, 0x00, 0x00, 0x00,
    0x00, 0x00, 0x00, 0x00, 0x03, 0xcf, 0xb3, 0x00, 0x0e, 0x80, 0x00, 0x00, 0x00, 0xdf, 0xff, 0xf7,
    0x17, 0xf4, 0x00, 0x00, 0x00, 0x5f, 0x61, 0x7f, 0xff, 0xfd, 0x00, 0x00, 0x00, 0x08, 0xd0, 0x00,
    0x3b, 0xfc, 0x30, 0x00, 0x00, 0x00, 0x00, 0x00, 0x00, 0x00, 0x00, 0x00, 0x00, 0x00, 0x00, 0x00,
    0x00, 0x00, 0x00, 0x00, 0x00, 0x00, 0x00, 0x00, 0x6b, 0xef, 0xdb, 0x50, 0x00, 0x00, 0x00, 0x02,
    0xdf, 0xff, 0xff, 0xff, 0xc2, 0x00, 0x00, 0x01, 0xef, 0xe6, 0x21, 0x27, 0xef, 0xd1, 0x00, 0x00,
    0x9f, 0xf3, 0x00, 0x00, 0x03, 0xff, 0x80, 0x00, 0x1f, 0xf9, 0x00, 0x00, 0x00, 0x0a, 0xfe, 0x00,
    0x04, 0xff, 0x40, 0x00, 0x00, 0x00, 0x5f, 0xf3, 0x00, 0x6f, 0xf2, 0x00, 0x00, 0x00, 0x03, 0xff,
    0x50, 0x06, 0xff, 0x20, 0x00, 0x00, 0x00, 0x2f, 0xf6, 0x00, 0x5f, 0xf2, 0x00, 0x00, 0x00, 0x03,
    0xff, 0x50, 0x04, 0xff, 0x50, 0x00, 0x00, 0x00, 0x5f, 0xf3, 0x00, 0x0e, 0xf9, 0x00, 0x00, 0x00,
    0x0a, 0xfe, 0x00, 0x00, 0x8f, 0xf3, 0x00, 0x00, 0x04, 0xff, 0x80, 0x00, 0x01, 0xdf, 0xe6, 0x21,
    0x27, 0xef, 0xd1, 0x00, 0x00, 0x02, 0xcf, 0xff, 0xff, 0xff, 0xc2, 0x00, 0x00, 0x00, 0x00, 0x6b,
    0xdf, 0xeb, 0x60, 0x00, 0x00, 0x00, 0x00, 0x2b, 0x90, 0x00, 0xab, 0x10, 0x00, 0x00, 0x00, 0x06,
    0xff, 0x20, 0x2f, 0xf5, 0x00, 0x00, 0x00, 0x00, 0x3e, 0xb0, 0x00, 0xcd, 0x20, 0x00, 0x00, 0x00,
    0x00, 0x00, 0x00, 0x00, 0x00, 0x00, 0x00, 0x00, 0x00, 0x00, 0x00, 0x00, 0x00, 0x00, 0x00, 0x00,
    0x00, 0x00, 0x6b, 0xef, 0xdb, 0x50, 0x00, 0x00, 0x00, 0x02, 0xdf, 0xff, 0xff, 0xff, 0xc2, 0x00,
    0x00, 0x01, 0xef, 0xe6, 0x21, 0x27, 0xef, 0xd1, 0x00, 0x00, 0x9f, 0xf3, 0x00, 0x00, 0x03, 0xff,
    0x80, 0x00, 0x1f, 0xf9, 0x00, 0x00, 0x00, 0x0a, 0xfe, 0x00, 0x04, 0xff, 0x40, 0x00, 0x00, 0x00,
    0x5f, 0xf3, 0x00, 0x6f, 0xf2, 0x00, 0x00, 0x00, 0x03, 0xff, 0x50, 0x06, 0xff, 0x20, 0x00, 0x00,
    0x00, 0x2f, 0xf6, 0x00, 0x5f, 0xf2, 0x00, 0x00, 0x00, 0x03, 0xff, 0x50, 0x04, 0xff, 0x50, 0x00,
    0x00, 0x00, 0x5f, 0xf3, 0x00, 0x0e, 0xf9, 0x00, 0x00, 0x00, 0x0a, 0xfe, 0x00, 0x00, 0x8f, 0xf3,
    0x00, 0x00, 0x04, 0xff, 0x80, 0x00, 0x01, 0xdf, 0xe6, 0x21, 0x27, 0xef, 0xd1, 0x00, 0x00, 0x02,
    0xcf, 0xff, 0xff, 0xff, 0xc2, 0x00, 0x00, 0x00, 0x00, 0x6b, 0xdf, 0xeb, 0x60, 0x00, 0x00, 0x00,
    0x00, 0x00, 0x4e, 0xd3, 0x00, 0x00, 0x00, 0x00, 0x00, 0x00, 0x8f, 0xf7, 0x00, 0x00, 0x00, 0x00,
    0x00, 0x00, 0x3e, 0xd3, 0x00, 0x00, 0x00, 0x00, 0x00, 0x00, 0x00, 0x00, 0x00, 0x00, 0x00, 0x00,
    0x00, 0x00, 0x00, 0x00, 0x00, 0x00, 0x00, 0x00, 0x00, 0x00, 0x00, 0x00, 0x00, 0x00, 0x00, 0x09,
    0xff, 0xff, 0xff, 0xff, 0xff, 0xff, 0x90, 0x09, 0xff, 0xff, 0xff, 0xff, 0xff, 0xff, 0x90, 0x00,
    0x00, 0x00, 0x00, 0x00, 0x00, 0x00, 0x00, 0x00, 0x00, 0x00, 0x00, 0x00, 0x00, 0x00, 0x00, 0x00,
    0x00, 0x00, 0x4e, 0xd3, 0x00, 0x00, 0x00, 0x00, 0x00, 0x00, 0x8f, 0xf7, 0x00, 0x00, 0x00, 0x00,
    0x00, 0x00, 0x3e, 0xd3, 0x00, 0x00, 0x00, 0x00, 0x00, 0x00, 0x00, 0x00, 0x00, 0x00, 0x00, 0x00,
    0x00, 0x00, 0x00, 0x00, 0x00, 0x00, 0x00, 0x00, 0x00, 0x00, 0x00, 0x00, 0x00, 0x00, 0x00, 0x00,
    0x00, 0x00, 0x00, 0x00, 0x00, 0x05, 0x00, 0x00, 0x00, 0x01, 0x6b, 0xef, 0xdb, 0x57, 0xf9, 0x00,
    0x00, 0x03, 0xdf, 0xff, 0xff, 0xff, 0xff, 0x30, 0x00, 0x01, 0xef, 0xe6, 0x21, 0x29, 0xff, 0xd0,
    0x00, 0x00, 0x9f, 0xf3, 0x00, 0x00, 0xaf, 0xff, 0x70, 0x00, 0x1f, 0xf9, 0x00, 0x00, 0x6f, 0xeb,
    0xfd, 0x00, 0x04, 0xff, 0x40, 0x00, 0x3f, 0xf4, 0x5f, 0xf3, 0x00, 0x6f, 0xf2, 0x00, 0x1d, 0xf8,
    0x03, 0xff, 0x50, 0x07, 0xff, 0x20, 0x0a, 0xfb, 0x00, 0x2f, 0xf6, 0x00, 0x6f, 0xf3, 0x06, 0xfe,
    0x10, 0x03, 0xff, 0x50, 0x04, 0xff, 0x43, 0xff, 0x40, 0x00, 0x5f, 0xf3, 0x00, 0x0e, 0xfa, 0xdf,
    0x70, 0x00, 0x0a, 0xfe, 0x00, 0x00, 0x8f, 0xff, 0xb0, 0x00, 0x03, 0xff, 0x90, 0x00, 0x01, 0xdf,
    0xf8, 0x21, 0x27, 0xef, 0xd1, 0x00, 0x00, 0x3f, 0xff, 0xff, 0xff, 0xff, 0xd2, 0x00, 0x00, 0x0a,
    0xf8, 0x6b, 0xdf, 0xeb, 0x60, 0x00, 0x00, 0x00, 0x06, 0x00, 0x00, 0x00, 0x00, 0x00, 0x00, 0x00,
    0x00, 0x00, 0x07, 0x87, 0x00, 0x00, 0x00, 0x00, 0x00, 0x00, 0x00, 0x7f, 0xf7, 0x00, 0x00, 0x00,
    0x00, 0x00, 0x00, 0x00, 0x9f, 0xe2, 0x00, 0x00, 0x00, 0x00, 0x00, 0x00, 0x00, 0xaf, 0xb0, 0x00,
    0x00, 0x00, 0x00, 0x00, 0x00, 0x00, 0x9f, 0x60, 0x00, 0x00, 0x00, 0x00, 0x00, 0x00, 0x00, 0x00,
    0x00, 0x00, 0x00, 0x00, 0x00, 0x00, 0x00, 0x00, 0x00, 0x00, 0x00, 0x00, 0x0c, 0xfb, 0x00, 0x00,
    0x00, 0x08, 0xfe, 0x00, 0x00, 0xcf, 0xb0, 0x00, 0x00, 0x00, 0x8f, 0xe0, 0x00, 0x0c, 0xfb, 0x00,
    0x00, 0x00, 0x08, 0xfe, 0x00, 0x00, 0xcf, 0xb0, 0x00, 0x00, 0x00, 0x8f, 0xe0, 0x00, 0x0c, 0xfb,
    0x00, 0x00, 0x00, 0x08, 0xfe, 0x00, 0x00, 0xcf, 0xb0, 0x00, 0x00, 0x00, 0x8f, 0xe0, 0x00, 0x0c,
    0xfb, 0x00, 0x00, 0x00, 0x08, 0xfe, 0x00, 0x00, 0xcf, 0xb0, 0x00, 0x00, 0x00, 0x8f, 0xe0, 0x00,
    0x0c, 0xfb, 0x00, 0x00, 0x00, 0x09, 0xfe, 0x00, 0x00, 0xcf, 0xb0, 0x00, 0x00, 0x00, 0xbf, 0xe0,
    0x00, 0x0b, 0xfd, 0x00, 0x00, 0x00, 0x0e, 0xfe, 0x00, 0x00, 0x9f, 0xf3, 0x00, 0x00, 0x07, 0xff,
    0xe0, 0x00, 0x04, 0xff, 0xd5, 0x11, 0x38, 0xfe, 0xfe, 0x00, 0x00, 0x09, 0xff, 0xff, 0xff, 0xfb,
    0x6f, 0xe0, 0x00, 0x00, 0x05, 0xbe, 0xfe, 0xb6, 0x03, 0xfe, 0x00, 0x00, 0x00, 0x00, 0x00, 0x04,
    0x88, 0x40, 0x00, 0x00, 0x00, 0x00, 0x00, 0x01, 0xdf, 0xe2, 0x00, 0x00, 0x00, 0x00, 0x00, 0x00,
    0x8f, 0xe4, 0x00, 0x00, 0x00, 0x00, 0x00, 0x00, 0x3f, 0xf4, 0x00, 0x00, 0x00, 0x00, 0x00, 0x00,
    0x0d, 0xe4, 0x00, 0x00, 0x00, 0x00, 0x00, 0x00, 0x00, 0x00, 0x00, 0x00, 0x00, 0x00, 0x00, 0x00,
    0x00, 0x00, 0x00, 0x00, 0x00, 0x00, 0x00, 0x0c, 0xfb, 0x00, 0x00, 0x00, 0x08, 0xfe, 0x00, 0x00,
    0xcf, 0xb0, 0x00, 0x00, 0x00, 0x8f, 0xe0, 0x00, 0x0c, 0xfb, 0x00, 0x00, 0x00, 0x08, 0xfe, 0x00,
    0x00, 0xcf, 0xb0, 0x00, 0x00, 0x00, 0x8f, 0xe0, 0x00, 0x0c, 0xfb, 0x00, 0x00, 0x00, 0x08, 0xfe,
    0x00, 0x00, 0xcf, 0xb0, 0x00, 0x00, 0x00, 0x8f, 0xe0, 0x00, 0x0c, 0xfb, 0x00, 0x00, 0x00, 0x08,
    0xfe, 0x00, 0x00, 0xcf, 0xb0, 0x00, 0x00, 0x00, 0x8f, 0xe0, 0x00, 0x0c, 0xfb, 0x00, 0x00, 0x00,
    0x09, 0xfe, 0x00, 0x00, 0xcf, 0xb0, 0x00, 0x00, 0x00, 0xbf, 0xe0, 0x00, 0x0b, 0xfd, 0x00, 0x00,
    0x00, 0x0e, 0xfe, 0x00, 0x00, 0x9f, 0xf3, 0x00, 0x00, 0x07, 0xff, 0xe0, 0x00, 0x04, 0xff, 0xd5,
    0x11, 0x38, 0xfe, 0xfe, 0x00, 0x00, 0x09, 0xff, 0xff, 0xff, 0xfb, 0x6f, 0xe0, 0x00, 0x00, 0x05,
    0xbe, 0xfe, 0xb6, 0x03, 0xfe, 0x00, 0x00, 0x00, 0x00, 0x06, 0x87, 0x10, 0x00, 0x00, 0x00, 0x00,
    0x00, 0x04, 0xff, 0xf9, 0x00, 0x00, 0x00, 0x00, 0x00, 0x02, 0xef, 0xbf, 0xf6, 0x00, 0x00, 0x00,
    0x00, 0x01, 0xdf, 0x80, 0x4e, 0xf5, 0x00, 0x00, 0x00, 0x00, 0xce, 0x60, 0x00, 0x3c, 0xf3, 0x00,
    0x00, 0x00, 0x00, 0x00, 0x00, 0x00, 0x00, 0x00, 0x00, 0x00, 0x00, 0x00, 0x00, 0x00, 0x00, 0x00,
    0x00, 0x00, 0x0c, 0xfb, 0x00, 0x00, 0x00, 0x08, 0xfe, 0x00, 0x00, 0xcf, 0xb0, 0x00, 0x00, 0x00,
    0x8f, 0xe0, 0x00, 0x0c, 0xfb, 0x00, 0x00, 0x00, 0x08, 0xfe, 0x00, 0x00, 0xcf, 0xb0, 0x00, 0x00,
    0x00, 0x8f, 0xe0, 0x00, 0x0c, 0xfb, 0x00, 0x00, 0x00, 0x08, 0xfe, 0x00, 0x00, 0xcf, 0xb0, 0x00,
    0x00, 0x00, 0x8f, 0xe0, 0x00, 0x0c, 0xfb, 0x00, 0x00, 0x00, 0x08, 0xfe, 0x00, 0x00, 0xcf, 0xb0,
    0x00, 0x00, 0x00, 0x8f, 0xe0, 0x00, 0x0c, 0xfb, 0x00, 0x00, 0x00, 0x09, 0xfe, 0x00, 0x00, 0xcf,
    0xb0, 0x00, 0x00, 0x00, 0xbf, 0xe0, 0x00, 0x0b, 0xfd, 0x00, 0x00, 0x00, 0x0e, 0xfe, 0x00, 0x00,
    0x9f, 0xf3, 0x00, 0x00, 0x07, 0xff, 0xe0, 0x00, 0x04, 0xff, 0xd5, 0x11, 0x38, 0xfe, 0xfe, 0x00,
    0x00, 0x09, 0xff, 0xff, 0xff, 0xfb, 0x6f, 0xe0, 0x00, 0x00, 0x05, 0xbe, 0xfe, 0xb6, 0x03, 0xfe,
    0x00, 0x00, 0x00, 0x1a, 0xb1, 0x00, 0x8c, 0x30, 0x00, 0x00, 0x00, 0x04, 0xff, 0x40, 0x0f, 0xf8,
    0x00, 0x00, 0x00, 0x00, 0x1d, 0xd1, 0x00, 0xae, 0x40, 0x00, 0x00, 0x00, 0x00, 0x00, 0x00, 0x00,
    0x00, 0x00, 0x00, 0x00, 0x00, 0x00, 0x00, 0x00, 0x00, 0x00, 0x00, 0x00, 0x0c, 0xfb, 0x00, 0x00,
    0x00, 0x08, 0xfe, 0x00, 0x00, 0xcf, 0xb0, 0x00, 0x00, 0x00, 0x8f, 0xe0, 0x00, 0x0c, 0xfb, 0x00,
    0x00, 0x00, 0x08, 0xfe, 0x00, 0x00, 0xcf, 0xb0, 0x00, 0x00, 0x00, 0x8f, 0xe0, 0x00, 0x0c, 0xfb,
    0x00, 0x00, 0x00, 0x08, 0xfe, 0x00, 0x00, 0xcf, 0xb0, 0x00, 0x00, 0x00, 0x8f, 0xe0, 0x00, 0x0c,
    0xfb, 0x00, 0x00, 0x00, 0x08, 0xfe, 0x00, 0x00, 0xcf, 0xb0, 0x00, 0x00, 0x00, 0x8f, 0xe0, 0x00,
    0x0c, 0xfb, 0x00, 0x00, 0x00, 0x09, 0xfe, 0x00, 0x00, 0xcf, 0xb0, 0x00, 0x00, 0x00, 0xbf, 0xe0,
    0x00, 0x0b, 0xfd, 0x00, 0x00, 0x00, 0x0e, 0xfe, 0x00, 0x00, 0x9f, 0xf3, 0x00, 0x00, 0x07, 0xff,
    0xe0, 0x00, 0x04, 0xff, 0xd5, 0x11, 0x38, 0xfe, 0xfe, 0x00, 0x00, 0x09, 0xff, 0xff, 0xff, 0xfb,
    0x6f, 0xe0, 0x00, 0x00, 0x05, 0xbe, 0xfe, 0xb6, 0x03, 0xfe, 0x00, 0x00, 0x00, 0x00, 0x00, 0x78,
    0x71, 0x00, 0x00, 0x00, 0x00, 0x00, 0x7f, 0xf8, 0x00, 0x00, 0x00, 0x00, 0x00, 0x2e, 0xfa, 0x00,
    0x00, 0x00, 0x00, 0x00, 0x0a, 0xfb, 0x00, 0x00, 0x00, 0x00, 0x00, 0x05, 0xfa, 0x00, 0x00, 0x00,
    0x00, 0x00, 0x00, 0x00, 0x00, 0x00, 0x00, 0x00, 0x00, 0x00, 0x00, 0x00, 0x00, 0x00, 0x00, 0x0c,
    0xfd, 0x00, 0x00, 0x00, 0x00, 0x8f, 0xf2, 0x6f, 0xf3, 0x00, 0x00, 0x00, 0x0d, 0xfb, 0x01, 0xef,
    0x90, 0x00, 0x00, 0x04, 0xff, 0x50, 0x09, 0xfe, 0x00, 0x00, 0x00, 0x9f, 0xe0, 0x00, 0x3f, 0xf5,
    0x00, 0x00, 0x0e, 0xf9, 0x00, 0x00, 0xcf, 0xb0, 0x00, 0x05, 0xff, 0x30, 0x00, 0x06, 0xff, 0x20,
    0x00, 0xaf, 0xd0, 0x00, 0x00, 0x1e, 0xf7, 0x00, 0x1f, 0xf7, 0x00, 0x00, 0x00, 0x9f, 0xd0, 0x06,
    0xff, 0x20, 0x00, 0x00, 0x03, 0xff, 0x30, 0xbf, 0xb0, 0x00, 0x00, 0x00, 0x0c, 0xf8, 0x1f, 0xf5,
    0x00, 0x00, 0x00, 0x00, 0x6f, 0xc5, 0xfe, 0x10, 0x00, 0x00, 0x00, 0x01, 0xef, 0xbf, 0x90, 0x00,
    0x00, 0x00, 0x00, 0x0a, 0xff, 0xf3, 0x00, 0x00, 0x00, 0x00, 0x00, 0x4f, 0xfd, 0x00, 0x00, 0x00,
    0x00, 0x00, 0x01, 0xff, 0x70, 0x00, 0x00, 0x00, 0x00, 0x00, 0x6f, 0xf2, 0x00, 0x00, 0x00, 0x00,
    0x00, 0x0c, 0xfb, 0x00, 0x00, 0x00, 0x00, 0x00, 0x05, 0xff, 0x40, 0x00, 0x00, 0x00, 0x11, 0x16,
    0xef, 0xb0, 0x00, 0x00, 0x00, 0x0a, 0xff, 0xff, 0xd1, 0x00, 0x00, 0x00, 0x00, 0x9e, 0xfd, 0x91,
    0x00, 0x00, 0x00, 0x00, 0x00, 0x00, 0x9f, 0xd0, 0x00, 0x00, 0x00, 0x00, 0x00, 0x00, 0x09, 0xfd,
    0x00, 0x00, 0x00, 0x00, 0x00, 0x00, 0x00, 0x9f, 0xd0, 0x00, 0x00, 0x00, 0x00, 0x00, 0x00, 0x09,
    0xfd, 0x00, 0x00, 0x00, 0x00, 0x00, 0x00, 0x00, 0x9f, 0xd0, 0x00, 0x00, 0x00, 0x00, 0x00, 0x00,
    0x09, 0xfd, 0x00, 0x00, 0x00, 0x00, 0x00, 0x00, 0x00, 0x9f, 0xd0, 0x3a, 0xdf, 0xea, 0x40, 0x00,
    0x00, 0x09, 0xfc, 0x6f, 0xff, 0xff, 0xff, 0x80, 0x00, 0x00, 0x9f, 0xef, 0xa3, 0x11, 0x4b, 0xff,
    0x60, 0x00, 0x09, 0xff, 0xb0, 0x00, 0x00, 0x0c, 0xfe, 0x00, 0x00, 0x9f, 0xf3, 0x00, 0x00, 0x00,
    0x5f, 0xf5, 0x00, 0x09, 0xff, 0x00, 0x00, 0x00, 0x01, 0xff, 0x80, 0x00, 0x9f, 0xd0, 0x00, 0x00,
    0x00, 0x0e, 0xf9, 0x00, 0x09, 0xfd, 0x00, 0x00, 0x00, 0x00, 0xdf, 0xa0, 0x00, 0x9f, 0xd0, 0x00,
    0x00, 0x00, 0x0e, 0xf9, 0x00, 0x09, 0xff, 0x00, 0x00, 0x00, 0x01, 0xff, 0x80, 0x00, 0x9f, 0xf4,
    0x00, 0x00, 0x00, 0x5f, 0xf4, 0x00, 0x09, 0xff, 0xb0, 0x00, 0x00, 0x0c, 0xfe, 0x00, 0x00, 0x9f,
    0xef, 0xb4, 0x11, 0x4b, 0xff, 0x60, 0x00, 0x09, 0xfb, 0x8f, 0xff, 0xff, 0xff, 0x80, 0x00, 0x00,
    0x9f, 0xc0, 0x4a, 0xef, 0xea, 0x40, 0x00, 0x00, 0x09, 0xfd, 0x00, 0x00, 0x00, 0x00, 0x00, 0x00,
    0x00, 0x9f, 0xd0, 0x00, 0x00, 0x00, 0x00, 0x00, 0x00, 0x09, 0xfd, 0x00, 0x00, 0x00, 0x00, 0x00,
    0x00, 0x00, 0x9f, 0xd0, 0x00, 0x00, 0x00, 0x00, 0x00, 0x00, 0x09, 0xfd, 0x00, 0x00, 0x00, 0x00,
    0x00, 0x00, 0x00, 0x9f, 0xd0, 0x00, 0x00, 0x00, 0x00, 0x00, 0x00, 0x09, 0xfd, 0x00, 0x00, 0x00,
    0x00, 0x00, 0x00, 0x00, 0x05, 0xc5, 0x00, 0x3c, 0x80, 0x00, 0x00, 0x00, 0xcf, 0xc0, 0x08, 0xff,
    0x00, 0x00, 0x00, 0x07, 0xe7, 0x00, 0x4e, 0xa0, 0x00, 0x00, 0x00, 0x00, 0x00, 0x00, 0x00, 0x00,
    0x00, 0x00, 0x00, 0x00, 0x00, 0x00, 0x00, 0x00, 0x0c, 0xfd, 0x00, 0x00, 0x00, 0x00, 0x8f, 0xf2,
    0x6f, 0xf3, 0x00, 0x00, 0x00, 0x0d, 0xfb, 0x01, 0xef, 0x90, 0x00, 0x00, 0x04, 0xff, 0x50, 0x09,
    0xfe, 0x00, 0x00, 0x00, 0x9f, 0xe0, 0x00, 0x3f, 0xf5, 0x00, 0x00, 0x0e, 0xf9, 0x00, 0x00, 0xcf,
    0xb0, 0x00, 0x05, 0xff, 0x30, 0x00, 0x06, 0xff, 0x20, 0x00, 0xaf, 0xd0, 0x00, 0x00, 0x1e, 0xf7,
    0x00, 0x1f, 0xf7, 0x00, 0x00, 0x00, 0x9f, 0xd0, 0x06, 0xff, 0x20, 0x00, 0x00, 0x03, 0xff, 0x30,
    0xbf, 0xb0, 0x00, 0x00, 0x00, 0x0c, 0xf8, 0x1f, 0xf5, 0x00, 0x00, 0x00, 0x00, 0x6f, 0xc5, 0xfe,
    0x10, 0x00, 0x00, 0x00, 0x01, 0xef, 0xbf, 0x90, 0x00, 0x00, 0x00, 0x00, 0x0a, 0xff, 0xf3, 0x00,
    0x00, 0x00, 0x00, 0x00, 0x4f, 0xfd, 0x00, 0x00, 0x00, 0x00, 0x00, 0x01, 0xff, 0x70, 0x00, 0x00,
    0x00, 0x00, 0x00, 0x6f, 0xf2, 0x00, 0x00, 0x00, 0x00, 0x00, 0x0c, 0xfb, 0x00, 0x00, 0x00, 0x00,
    0x00, 0x05, 0xff, 0x40, 0x00, 0x00, 0x00, 0x11, 0x16, 0xef, 0xb0, 0x00, 0x00, 0x00, 0x0a, 0xff,
    0xff, 0xd1, 0x00, 0x00, 0x00, 0x00, 0x9e, 0xfd, 0x91, 0x00, 0x00, 0x00, 0x00, 0x00, 0x00, 0x00,
    0x00, 0x00, 0x00, 0xdf, 0xff, 0xff, 0xd0, 0x0d, 0xff, 0xff, 0xfd, 0x00, 0x00, 0x00, 0x00, 0x00,
    0x00, 0x00, 0x00, 0x00, 0x00, 0x00, 0x00, 0x00, 0x00, 0x00, 0x00, 0x00, 0x00, 0x00, 0x00, 0x00,
    0x00, 0x00, 0x00, 0x00, 0x00, 0x00, 0x00, 0x00, 0x00, 0x00, 0x00, 0x00, 0xdf, 0xff, 0xff, 0xd0,
    0x0d, 0xff, 0xff, 0xfd, 0x00, 0x00, 0x00, 0x00, 0x00, 0x00, 0x00, 0x00, 0x00, 0x00, 0x00, 0x00,
    0x00, 0x00, 0x00, 0x00, 0x00, 0x00, 0x00, 0x00, 0x00, 0x00, 0x00, 0x00, 0x00, 0x00, 0x00, 0x00,
    0x00, 0x00, 0x00, 0x00, 0x00, 0x00, 0x00, 0x0d, 0xff, 0xff, 0xff, 0xff, 0xff, 0xd0, 0x0d, 0xff,
    0xff, 0xff, 0xff, 0xff, 0xd0, 0x00, 0x00, 0x00, 0x00, 0x00, 0x00, 0x00, 0x00, 0x00, 0x00, 0x00,
    0x00, 0x00, 0x00, 0x00, 0x00, 0x00, 0x00, 0x00, 0x00, 0x00, 0x00, 0x00, 0x00, 0x00, 0x00, 0x00,
    0x00, 0x00, 0x00, 0x00, 0x00, 0x00, 0x00, 0x00, 0x00, 0x00, 0x00, 0x00, 0x00, 0x00, 0x00, 0x00,
    0x00, 0x00, 0x00, 0x00, 0x00, 0x00, 0x00, 0x00, 0x00, 0x00, 0x00, 0x00, 0x00, 0x0d, 0xff, 0xff,
    0xff, 0xff, 0xff, 0xff, 0xff, 0xff, 0xff, 0xff, 0xff, 0xff, 0xd0, 0x0d, 0xff, 0xff, 0xff, 0xff,
    0xff, 0xff, 0xff, 0xff, 0xff, 0xff, 0xff, 0xff, 0xd0, 0x00, 0x00, 0x00, 0x00, 0x00, 0x00, 0x00,
    0x00, 0x00, 0x00, 0x00, 0x00, 0x00, 0x00, 0x00, 0x00, 0x00, 0x00, 0x00, 0x00, 0x00, 0x00, 0x00,
    0x00, 0x00, 0x00, 0x00, 0x00, 0x00, 0x00, 0x00, 0x00, 0x00, 0x00, 0x00, 0x00, 0x00, 0x00, 0x00,
    0x00, 0x00, 0x00, 0x00, 0x00, 0x00, 0x00, 0x00, 0x00, 0x00, 0x00, 0x00, 0x00, 0x00, 0x00, 0x00,
    0x00, 0x00, 0x00, 0x00, 0x00, 0x00, 0x00, 0x00, 0x00, 0x00, 0x00, 0x00, 0x00, 0x00, 0x00, 0x00,
    0x00, 0x00, 0x00, 0x00, 0x00, 0x00, 0x00, 0x00, 0x00, 0x00, 0x00, 0x00, 0x00, 0x00, 0x7f, 0x70,
    0x0d, 0xf3, 0x04, 0xff, 0x00, 0xaf, 0xc0, 0x1e, 0xf9, 0x05, 0xff, 0x60, 0x8f, 0xf4, 0x00, 0x00,
    0x00, 0x00, 0x00, 0x00, 0x00, 0x00, 0x00, 0x00, 0x00, 0x00, 0x00, 0x00, 0x00, 0x00, 0x00, 0x00,
    0x00, 0x00, 0x00, 0x00, 0x00, 0x00, 0x00, 0x00, 0x00, 0x00, 0x00, 0x00, 0x00, 0x00, 0x00, 0x05,
    0xff, 0x70, 0x8f, 0xf3, 0x0a, 0xfe, 0x00, 0xdf, 0x80, 0x1f, 0xf3, 0x05, 0xfc, 0x00, 0x8f, 0x60,
    0x00, 0x00, 0x00, 0x00, 0x00, 0x00, 0x00, 0x00, 0x00, 0x00, 0x00, 0x00, 0x00, 0x00, 0x00, 0x00,
    0x00, 0x00, 0x00, 0x00, 0x00, 0x00, 0x00, 0x00, 0x00, 0x00, 0x00, 0x00, 0x00, 0x00, 0x00, 0x00,
    0x00, 0x00, 0xcf, 0xf0, 0x00, 0x0f, 0xfb, 0x00, 0x02, 0xff, 0x70, 0x00, 0x5f, 0xf2, 0x00, 0x08,
    0xfb, 0x00, 0x00, 0xcf, 0x50, 0x00, 0x0f, 0xd0, 0x00, 0x00, 0x00, 0x7f, 0x60, 0x05, 0xf9, 0x00,
    0xdf, 0x30, 0x0b, 0xf6, 0x04, 0xfe, 0x00, 0x2f, 0xf2, 0x0a, 0xfc, 0x00, 0x8f, 0xe0, 0x1e, 0xf9,
    0x00, 0xdf, 0xb0, 0x5f, 0xf6, 0x03, 0xff, 0x90, 0x8f, 0xf3, 0x07, 0xff, 0x60, 0x00, 0x00, 0x00,
    0x00, 0x00, 0x00, 0x00, 0x00, 0x00, 0x00, 0x00, 0x00, 0x00, 0x00, 0x00, 0x00, 0x00, 0x00, 0x00,
    0x00, 0x00, 0x00, 0x00, 0x00, 0x00, 0x00, 0x00, 0x00, 0x00, 0x00, 0x00, 0x00, 0x00, 0x00, 0x00,
    0x00, 0x00, 0x00, 0x00, 0x00, 0x00, 0x00, 0x00, 0x00, 0x00, 0x00, 0x00, 0x00, 0x00, 0x00, 0x00,
    0x00, 0x00, 0x00, 0x00, 0x00, 0x00, 0x00, 0x00, 0x00, 0x00, 0x00, 0x00, 0x00, 0x00, 0x06, 0xff,
    0x70, 0x3f, 0xf9, 0x08, 0xff, 0x30, 0x6f, 0xf6, 0x0b, 0xfd, 0x00, 0x8f, 0xf1, 0x0e, 0xf8, 0x00,
    0xbf, 0xb0, 0x2f, 0xf2, 0x00, 0xef, 0x50, 0x5f, 0xb0, 0x03, 0xfe, 0x00, 0x8f, 0x50, 0x06, 0xf8,
    0x00, 0x00, 0x00, 0x00, 0x00, 0x00, 0x00, 0x00, 0x00, 0x00, 0x00, 0x00, 0x00, 0x00, 0x00, 0x00,
    0x00, 0x00, 0x00, 0x00, 0x00, 0x00, 0x00, 0x00, 0x00, 0x00, 0x00, 0x00, 0x00, 0x00, 0x00, 0x00,
    0x00, 0x00, 0x00, 0x00, 0x00, 0x00, 0x00, 0x00, 0x00, 0x00, 0x00, 0x00, 0x00, 0x00, 0x00, 0x00,
    0x00, 0x00, 0x00, 0x00, 0x00, 0x00, 0x00, 0x00, 0x00, 0x00, 0x00, 0x00, 0x00, 0x00, 0x00, 0x00,
    0x00, 0x00, 0x00, 0xdf, 0xe0, 0x0a, 0xff, 0x20, 0x00, 0xff, 0xb0, 0x0d, 0xfe, 0x00, 0x03, 0xff,
    0x60, 0x1f, 0xf9, 0x00, 0x06, 0xff, 0x10, 0x3f, 0xf4, 0x00, 0x09, 0xfa, 0x00, 0x7f, 0xd0, 0x00,
    0x0c, 0xf4, 0x00, 0xaf, 0x70, 0x00, 0x1f, 0xd0, 0x00, 0xdf, 0x10, 0x00, 0x00, 0x07, 0xde, 0xb3,
    0x00, 0x00, 0x07, 0xff, 0xff, 0xe1, 0x00, 0x00, 0xbf, 0xff, 0xff, 0x40, 0x00, 0x0c, 0xff, 0xff,
    0xf5, 0x00, 0x00, 0xbf, 0xff, 0xff, 0x40, 0x00, 0x06, 0xff, 0xff, 0xe1, 0x00, 0x00, 0x07, 0xde,
    0xb3, 0x00, 0x00, 0x00, 0x00, 0x00, 0x00, 0x00, 0x00, 0x00, 0x00, 0x00, 0x00, 0x00, 0x00, 0x00,
    0x00, 0x00, 0x00, 0x00, 0x00, 0x00, 0x00, 0x00, 0x00, 0x00, 0x00, 0x00, 0x00, 0x00, 0x00, 0x00,
    0x00, 0x00, 0x00, 0x00, 0x00, 0x00, 0x00, 0x00, 0x00, 0x00, 0x6e, 0xc1, 0x00, 0x03, 0xde, 0x40,
    0x00, 0x0b, 0xe8, 0x00, 0x00, 0xef, 0xf6, 0x00, 0x09, 0xff, 0xb0, 0x00, 0x4f, 0xff, 0x10, 0x00,
    0xef, 0xf6, 0x00, 0x09, 0xff, 0xb0, 0x00, 0x4f, 0xff, 0x10, 0x00, 0x6e, 0xc1, 0x00, 0x02, 0xde,
    0x40, 0x00, 0x0b, 0xe8, 0x00, 0x00, 0x00, 0x00, 0x16, 0xbe, 0xfe, 0xd9, 0x50, 0x00, 0x00, 0x03,
    0xdf, 0xff, 0xff, 0xff, 0xf7, 0x00, 0x00, 0x3e, 0xfe, 0x72, 0x11, 0x5a, 0xd1, 0x00, 0x00, 0xcf,
    0xe2, 0x00, 0x00, 0x00, 0x00, 0x00, 0x05, 0xff, 0x50, 0x00, 0x00, 0x00, 0x00, 0x00, 0x0b, 0xfd,
    0x00, 0x00, 0x00, 0x00, 0x00, 0x00, 0x0e, 0xf8, 0x00, 0x00, 0x00, 0x00, 0x00, 0x4c, 0xcf, 0xfd,
    0xcc, 0xcc, 0xcc, 0x20, 0x00, 0x5f, 0xff, 0xff, 0xff, 0xff, 0xff, 0x30, 0x00, 0x00, 0x5f, 0xf2,
    0x00, 0x00, 0x00, 0x00, 0x00, 0x00, 0x6f, 0xf2, 0x00, 0x00, 0x00, 0x00, 0x00, 0x4c, 0xdf, 0xfc,
    0xcc, 0xcc, 0xc4, 0x00, 0x00, 0x5f, 0xff, 0xff, 0xff, 0xff, 0xf5, 0x00, 0x00, 0x00, 0x0e, 0xf8,
    0x00, 0x00, 0x00, 0x00, 0x00, 0x00, 0x0b, 0xfc, 0x00, 0x00, 0x00, 0x00, 0x00, 0x00, 0x05, 0xff,
    0x50, 0x00, 0x00, 0x00, 0x00, 0x00, 0x00, 0xcf, 0xe2, 0x00, 0x00, 0x00, 0x00, 0x00, 0x00, 0x2e,
    0xfe, 0x72, 0x11, 0x36, 0xb0, 0x00, 0x00, 0x03, 0xdf, 0xff, 0xff, 0xff, 0xf0, 0x00, 0x00, 0x00,
    0x16, 0xbe, 0xfe, 0xda, 0x50, 0x00, 0x12, 0x22, 0x22, 0x22, 0x22, 0x22, 0x00, 0x00, 0x06, 0xff,
    0xff, 0xff, 0xff, 0xff, 0xf2, 0x00, 0x00, 0x6f, 0x54, 0x44, 0x44, 0x44, 0x7f, 0x20, 0x00, 0x06,
    0xf1, 0x00, 0x00, 0x00, 0x04, 0xf2, 0x00, 0x00, 0x6f, 0x10, 0x00, 0x00, 0x00, 0x4f, 0x20, 0x00,
    0x06, 0xf1, 0x00, 0x00, 0x00, 0x04, 0xf2, 0x00, 0x00, 0x6f, 0x10, 0x00, 0x00, 0x00, 0x4f, 0x20,
    0x00, 0x06, 0xf1, 0x00, 0x00, 0x00, 0x04, 0xf2, 0x00, 0x00, 0x6f, 0x10, 0x00, 0x00, 0x00, 0x4f,
    0x20, 0x00, 0x06, 0xf1, 0x00, 0x00, 0x00, 0x04, 0xf2, 0x00, 0x00, 0x6f, 0x10, 0x00, 0x00, 0x00,
    0x4f, 0x20, 0x00, 0x06, 0xf1, 0x00, 0x00, 0x00, 0x04, 0xf2, 0x00, 0x00, 0x6f, 0x10, 0x00, 0x00,
    0x00, 0x4f, 0x20, 0x00, 0x06, 0xf1, 0x00, 0x00, 0x00, 0x04, 0xf2, 0x00, 0x00, 0x6f, 0x10, 0x00,
    0x00, 0x00, 0x4f, 0x20, 0x00, 0x06, 0xf1, 0x00, 0x00, 0x00, 0x04, 0xf2, 0x00, 0x00, 0x6f, 0x10,
    0x00, 0x00, 0x00, 0x4f, 0x20, 0x00, 0x06, 0xf1, 0x00, 0x00, 0x00, 0x04, 0xf2, 0x00, 0x00, 0x6f,
    0x10, 0x00, 0x00, 0x00, 0x4f, 0x20, 0x00, 0x06, 0xf3, 0x22, 0x22, 0x22, 0x26, 0xf2, 0x00, 0x00,
    0x6f, 0xff, 0xff, 0xff, 0xff, 0xff, 0x20, 0x00, 0x02, 0x44, 0x44, 0x44, 0x44, 0x44, 0x41, 0x00,
};

static const lv_font_fmt_txt_glyph_dsc_t rsvp_unicode_28_glyphs[] = {
    {.bitmap_index=0,.adv_w=0,.box_w=0,.box_h=0,.ofs_x=0,.ofs_y=0},
    {.bitmap_index=0,.adv_w=112,.box_w=0,.box_h=0,.ofs_x=0,.ofs_y=0},
    {.bitmap_index=0,.adv_w=128,.box_w=8,.box_h=20,.ofs_x=0,.ofs_y=-5},
    {.bitmap_index=80,.adv_w=256,.box_w=16,.box_h=20,.ofs_x=0,.ofs_y=0},
    {.bitmap_index=240,.adv_w=256,.box_w=16,.box_h=20,.ofs_x=0,.ofs_y=0},
    {.bitmap_index=400,.adv_w=256,.box_w=16,.box_h=16,.ofs_x=0,.ofs_y=0},
    {.bitmap_index=528,.adv_w=256,.box_w=16,.box_h=20,.ofs_x=0,.ofs_y=0},
    {.bitmap_index=688,.adv_w=240,.box_w=15,.box_h=28,.ofs_x=0,.ofs_y=-7},
    {.bitmap_index=898,.adv_w=224,.box_w=14,.box_h=21,.ofs_x=0,.ofs_y=0},
    {.bitmap_index=1045,.adv_w=256,.box_w=16,.box_h=20,.ofs_x=0,.ofs_y=0},
    {.bitmap_index=1205,.adv_w=368,.box_w=23,.box_h=20,.ofs_x=0,.ofs_y=0},
    {.bitmap_index=1435,.adv_w=160,.box_w=10,.box_h=20,.ofs_x=0,.ofs_y=0},
    {.bitmap_index=1535,.adv_w=224,.box_w=14,.box_h=14,.ofs_x=0,.ofs_y=0},
    {.bitmap_index=1633,.adv_w=256,.box_w=16,.box_h=12,.ofs_x=0,.ofs_y=0},
    {.bitmap_index=1729,.adv_w=144,.box_w=9,.box_h=9,.ofs_x=0,.ofs_y=0},
    {.bitmap_index=1770,.adv_w=368,.box_w=23,.box_h=20,.ofs_x=0,.ofs_y=0},
    {.bitmap_index=2000,.adv_w=224,.box_w=16,.box_h=24,.ofs_x=-1,.ofs_y=0},
    {.bitmap_index=2192,.adv_w=192,.box_w=12,.box_h=21,.ofs_x=0,.ofs_y=0},
    {.bitmap_index=2318,.adv_w=256,.box_w=16,.box_h=16,.ofs_x=0,.ofs_y=0},
    {.bitmap_index=2446,.adv_w=160,.box_w=10,.box_h=24,.ofs_x=0,.ofs_y=0},
    {.bitmap_index=2566,.adv_w=160,.box_w=10,.box_h=24,.ofs_x=0,.ofs_y=0},
    {.bitmap_index=2686,.adv_w=128,.box_w=8,.box_h=22,.ofs_x=0,.ofs_y=0},
    {.bitmap_index=2774,.adv_w=272,.box_w=17,.box_h=22,.ofs_x=0,.ofs_y=-7},
    {.bitmap_index=2961,.adv_w=288,.box_w=18,.box_h=25,.ofs_x=0,.ofs_y=-4},
    {.bitmap_index=3186,.adv_w=128,.box_w=8,.box_h=12,.ofs_x=0,.ofs_y=0},
    {.bitmap_index=3234,.adv_w=96,.box_w=6,.box_h=7,.ofs_x=0,.ofs_y=-7},
    {.bitmap_index=3255,.adv_w=160,.box_w=10,.box_h=24,.ofs_x=0,.ofs_y=0},
    {.bitmap_index=3375,.adv_w=176,.box_w=11,.box_h=20,.ofs_x=0,.ofs_y=0},
    {.bitmap_index=3485,.adv_w=224,.box_w=14,.box_h=14,.ofs_x=0,.ofs_y=0},
    {.bitmap_index=3583,.adv_w=336,.box_w=21,.box_h=20,.ofs_x=0,.ofs_y=0},
    {.bitmap_index=3793,.adv_w=352,.box_w=22,.box_h=20,.ofs_x=0,.ofs_y=0},
    {.bitmap_index=4013,.adv_w=352,.box_w=22,.box_h=21,.ofs_x=0,.ofs_y=0},
    {.bitmap_index=4244,.adv_w=192,.box_w=12,.box_h=20,.ofs_x=0,.ofs_y=-5},
    {.bitmap_index=4364,.adv_w=288,.box_w=18,.box_h=27,.ofs_x=0,.ofs_y=0},
    {.bitmap_index=4607,.adv_w=288,.box_w=18,.box_h=27,.ofs_x=0,.ofs_y=0},
    {.bitmap_index=4850,.adv_w=288,.box_w=18,.box_h=27,.ofs_x=0,.ofs_y=0},
    {.bitmap_index=5093,.adv_w=288,.box_w=18,.box_h=27,.ofs_x=0,.ofs_y=0},
    {.bitmap_index=5336,.adv_w=288,.box_w=18,.box_h=25,.ofs_x=0,.ofs_y=0},
    {.bitmap_index=5561,.adv_w=288,.box_w=18,.box_h=25,.ofs_x=0,.ofs_y=0},
    {.bitmap_index=5786,.adv_w=400,.box_w=26,.box_h=20,.ofs_x=-1,.ofs_y=0},
    {.bitmap_index=6046,.adv_w=288,.box_w=18,.box_h=27,.ofs_x=0,.ofs_y=-7},
    {.bitmap_index=6289,.adv_w=256,.box_w=16,.box_h=27,.ofs_x=0,.ofs_y=0},
    {.bitmap_index=6505,.adv_w=256,.box_w=16,.box_h=27,.ofs_x=0,.ofs_y=0},
    {.bitmap_index=6721,.adv_w=256,.box_w=16,.box_h=27,.ofs_x=0,.ofs_y=0},
    {.bitmap_index=6937,.adv_w=256,.box_w=16,.box_h=25,.ofs_x=0,.ofs_y=0},
    {.bitmap_index=7137,.adv_w=144,.box_w=9,.box_h=27,.ofs_x=0,.ofs_y=0},
    {.bitmap_index=7259,.adv_w=144,.box_w=9,.box_h=27,.ofs_x=0,.ofs_y=0},
    {.bitmap_index=7381,.adv_w=144,.box_w=10,.box_h=27,.ofs_x=0,.ofs_y=0},
    {.bitmap_index=7516,.adv_w=144,.box_w=9,.box_h=25,.ofs_x=0,.ofs_y=0},
    {.bitmap_index=7629,.adv_w=320,.box_w=20,.box_h=20,.ofs_x=0,.ofs_y=0},
    {.bitmap_index=7829,.adv_w=336,.box_w=21,.box_h=27,.ofs_x=0,.ofs_y=0},
    {.bitmap_index=8113,.adv_w=352,.box_w=22,.box_h=27,.ofs_x=0,.ofs_y=0},
    {.bitmap_index=8410,.adv_w=352,.box_w=22,.box_h=27,.ofs_x=0,.ofs_y=0},
    {.bitmap_index=8707,.adv_w=352,.box_w=22,.box_h=27,.ofs_x=0,.ofs_y=0},
    {.bitmap_index=9004,.adv_w=352,.box_w=22,.box_h=27,.ofs_x=0,.ofs_y=0},
    {.bitmap_index=9301,.adv_w=352,.box_w=22,.box_h=25,.ofs_x=0,.ofs_y=0},
    {.bitmap_index=9576,.adv_w=256,.box_w=16,.box_h=17,.ofs_x=0,.ofs_y=0},
    {.bitmap_index=9712,.adv_w=352,.box_w=22,.box_h=22,.ofs_x=0,.ofs_y=-1},
    {.bitmap_index=9954,.adv_w=320,.box_w=20,.box_h=27,.ofs_x=0,.ofs_y=0},
    {.bitmap_index=10224,.adv_w=320,.box_w=20,.box_h=27,.ofs_x=0,.ofs_y=0},
    {.bitmap_index=10494,.adv_w=320,.box_w=20,.box_h=27,.ofs_x=0,.ofs_y=0},
    {.bitmap_index=10764,.adv_w=320,.box_w=20,.box_h=25,.ofs_x=0,.ofs_y=0},
    {.bitmap_index=11014,.adv_w=256,.box_w=16,.box_h=27,.ofs_x=0,.ofs_y=0},
    {.bitmap_index=11230,.adv_w=272,.box_w=17,.box_h=20,.ofs_x=0,.ofs_y=0},
    {.bitmap_index=11400,.adv_w=288,.box_w=18,.box_h=21,.ofs_x=0,.ofs_y=0},
    {.bitmap_index=11589,.adv_w=256,.box_w=16,.box_h=22,.ofs_x=0,.ofs_y=0},
    {.bitmap_index=11765,.adv_w=256,.box_w=16,.box_h=22,.ofs_x=0,.ofs_y=0},
    {.bitmap_index=11941,.adv_w=256,.box_w=16,.box_h=22,.ofs_x=0,.ofs_y=0},
    {.bitmap_index=12117,.adv_w=256,.box_w=16,.box_h=22,.ofs_x=0,.ofs_y=0},
    {.bitmap_index=12293,.adv_w=256,.box_w=16,.box_h=20,.ofs_x=0,.ofs_y=0},
    {.bitmap_index=12453,.adv_w=256,.box_w=16,.box_h=23,.ofs_x=0,.ofs_y=0},
    {.bitmap_index=12637,.adv_w=384,.box_w=24,.box_h=15,.ofs_x=0,.ofs_y=0},
    {.bitmap_index=12817,.adv_w=208,.box_w=13,.box_h=22,.ofs_x=0,.ofs_y=-7},
    {.bitmap_index=12960,.adv_w=256,.box_w=16,.box_h=22,.ofs_x=0,.ofs_y=0},
    {.bitmap_index=13136,.adv_w=256,.box_w=16,.box_h=22,.ofs_x=0,.ofs_y=0},
    {.bitmap_index=13312,.adv_w=256,.box_w=16,.box_h=22,.ofs_x=0,.ofs_y=0},
    {.bitmap_index=13488,.adv_w=256,.box_w=16,.box_h=20,.ofs_x=0,.ofs_y=0},
    {.bitmap_index=13648,.adv_w=112,.box_w=8,.box_h=22,.ofs_x=-1,.ofs_y=0},
    {.bitmap_index=13736,.adv_w=112,.box_w=8,.box_h=22,.ofs_x=0,.ofs_y=0},
    {.bitmap_index=13824,.adv_w=112,.box_w=11,.box_h=22,.ofs_x=-2,.ofs_y=0},
    {.bitmap_index=13945,.adv_w=112,.box_w=9,.box_h=20,.ofs_x=-1,.ofs_y=0},
    {.bitmap_index=14035,.adv_w=272,.box_w=17,.box_h=22,.ofs_x=0,.ofs_y=0},
    {.bitmap_index=14222,.adv_w=272,.box_w=17,.box_h=22,.ofs_x=0,.ofs_y=0},
    {.bitmap_index=14409,.adv_w=272,.box_w=17,.box_h=22,.ofs_x=0,.ofs_y=0},
    {.bitmap_index=14596,.adv_w=272,.box_w=17,.box_h=22,.ofs_x=0,.ofs_y=0},
    {.bitmap_index=14783,.adv_w=272,.box_w=17,.box_h=22,.ofs_x=0,.ofs_y=0},
    {.bitmap_index=14970,.adv_w=272,.box_w=17,.box_h=22,.ofs_x=0,.ofs_y=0},
    {.bitmap_index=15157,.adv_w=272,.box_w=17,.box_h=20,.ofs_x=0,.ofs_y=0},
    {.bitmap_index=15327,.adv_w=256,.box_w=16,.box_h=16,.ofs_x=0,.ofs_y=0},
    {.bitmap_index=15455,.adv_w=272,.box_w=17,.box_h=17,.ofs_x=0,.ofs_y=-1},
    {.bitmap_index=15600,.adv_w=272,.box_w=17,.box_h=22,.ofs_x=0,.ofs_y=0},
    {.bitmap_index=15787,.adv_w=272,.box_w=17,.box_h=22,.ofs_x=0,.ofs_y=0},
    {.bitmap_index=15974,.adv_w=272,.box_w=17,.box_h=22,.ofs_x=0,.ofs_y=0},
    {.bitmap_index=16161,.adv_w=272,.box_w=17,.box_h=20,.ofs_x=0,.ofs_y=0},
    {.bitmap_index=16331,.adv_w=224,.box_w=15,.box_h=29,.ofs_x=0,.ofs_y=-7},
    {.bitmap_index=16549,.adv_w=272,.box_w=17,.box_h=28,.ofs_x=0,.ofs_y=-7},
    {.bitmap_index=16787,.adv_w=224,.box_w=15,.box_h=27,.ofs_x=0,.ofs_y=-7},
    {.bitmap_index=16990,.adv_w=256,.box_w=0,.box_h=0,.ofs_x=0,.ofs_y=0},
    {.bitmap_index=16990,.adv_w=80,.box_w=0,.box_h=0,.ofs_x=0,.ofs_y=0},
    {.bitmap_index=16990,.adv_w=48,.box_w=0,.box_h=0,.ofs_x=0,.ofs_y=0},
    {.bitmap_index=16990,.adv_w=0,.box_w=0,.box_h=0,.ofs_x=0,.ofs_y=0},
    {.bitmap_index=16990,.adv_w=144,.box_w=9,.box_h=9,.ofs_x=0,.ofs_y=0},
    {.bitmap_index=17031,.adv_w=144,.box_w=9,.box_h=9,.ofs_x=0,.ofs_y=0},
    {.bitmap_index=17072,.adv_w=224,.box_w=14,.box_h=9,.ofs_x=0,.ofs_y=0},
    {.bitmap_index=17135,.adv_w=448,.box_w=28,.box_h=9,.ofs_x=0,.ofs_y=0},
    {.bitmap_index=17261,.adv_w=80,.box_w=5,.box_h=20,.ofs_x=0,.ofs_y=0},
    {.bitmap_index=17311,.adv_w=80,.box_w=5,.box_h=20,.ofs_x=0,.ofs_y=0},
    {.bitmap_index=17361,.adv_w=112,.box_w=7,.box_h=7,.ofs_x=0,.ofs_y=-4},
    {.bitmap_index=17386,.adv_w=160,.box_w=10,.box_h=20,.ofs_x=0,.ofs_y=0},
    {.bitmap_index=17486,.adv_w=160,.box_w=10,.box_h=20,.ofs_x=0,.ofs_y=0},
    {.bitmap_index=17586,.adv_w=192,.box_w=12,.box_h=7,.ofs_x=0,.ofs_y=-4},
    {.bitmap_index=17628,.adv_w=176,.box_w=11,.box_h=14,.ofs_x=0,.ofs_y=0},
    {.bitmap_index=17705,.adv_w=352,.box_w=22,.box_h=4,.ofs_x=0,.ofs_y=0},
    {.bitmap_index=17749,.adv_w=80,.box_w=0,.box_h=0,.ofs_x=0,.ofs_y=0},
    {.bitmap_index=17749,.adv_w=272,.box_w=0,.box_h=0,.ofs_x=0,.ofs_y=0},
    {.bitmap_index=17749,.adv_w=256,.box_w=16,.box_h=20,.ofs_x=0,.ofs_y=0},
    {.bitmap_index=17909,.adv_w=272,.box_w=17,.box_h=22,.ofs_x=0,.ofs_y=-1},
};

static const uint16_t rsvp_unicode_28_unicode[] = {
    0x0, 0x1, 0x2, 0x3, 0x4, 0x5, 0x6, 0x7, 0x8, 0x9, 0xa, 0xb,
    0xc, 0xd, 0xe, 0xf, 0x10, 0x11, 0x12, 0x13, 0x14, 0x15, 0x16, 0x17,
    0x18, 0x19, 0x1a, 0x1b, 0x1c, 0x1d, 0x1e, 0x1f, 0x20, 0x21, 0x22, 0x23,
    0x24, 0x25, 0x26, 0x27, 0x28, 0x29, 0x2a, 0x2b, 0x2c, 0x2d, 0x2e, 0x2f,
    0x30, 0x31, 0x32, 0x33, 0x34, 0x35, 0x36, 0x37, 0x38, 0x39, 0x3a, 0x3b,
    0x3c, 0x3d, 0x3e, 0x3f, 0x40, 0x41, 0x42, 0x43, 0x44, 0x45, 0x46, 0x47,
    0x48, 0x49, 0x4a, 0x4b, 0x4c, 0x4d, 0x4e, 0x4f, 0x50, 0x51, 0x52, 0x53,
    0x54, 0x55, 0x56, 0x57, 0x58, 0x59, 0x5a, 0x5b, 0x5c, 0x5d, 0x5e, 0x5f,
    0x1f67, 0x1f69, 0x1f6a, 0x1f6b, 0x1f70, 0x1f71, 0x1f73, 0x1f74, 0x1f78, 0x1f79, 0x1f7a, 0x1f7c,
    0x1f7d, 0x1f7e, 0x1f82, 0x1f86, 0x1f8f, 0x1fc0, 0x200c, 0x2172,
};

static const lv_font_fmt_txt_cmap_t rsvp_unicode_28_cmaps[] = {
    {
        .range_start = 160, .range_length = 8563, .glyph_id_start = 1,
        .unicode_list = rsvp_unicode_28_unicode, .glyph_id_ofs_list = NULL,
        .list_length = 116, .type = LV_FONT_FMT_TXT_CMAP_SPARSE_TINY
    }
};

static const lv_font_fmt_txt_dsc_t rsvp_unicode_28_dsc = {
    .glyph_bitmap = rsvp_unicode_28_bitmap,
    .glyph_dsc = rsvp_unicode_28_glyphs,
    .cmaps = rsvp_unicode_28_cmaps,
    .kern_dsc = NULL,
    .kern_scale = 0,
    .cmap_num = 1,
    .bpp = 4,
    .kern_classes = 0,
    .bitmap_format = 0,
};

const lv_font_t rsvp_unicode_28 = {
    .get_glyph_dsc = lv_font_get_glyph_dsc_fmt_txt,
    .get_glyph_bitmap = lv_font_get_bitmap_fmt_txt,
    .line_height = 32,
    .base_line = 6,
    .subpx = LV_FONT_SUBPX_NONE,
    .underline_position = -1,
    .underline_thickness = 1,
    .dsc = &rsvp_unicode_28_dsc,
    .fallback = &lv_font_montserrat_28,
    .user_data = NULL,
};

/* Unicode extension font 48px generated from Noto Sans Regular 2.004; ASCII falls back to LVGL Montserrat. */
static LV_ATTRIBUTE_LARGE_CONST const uint8_t rsvp_unicode_48_bitmap[] = {
    0x00, 0x00, 0x5c, 0xec, 0x40, 0x00, 0x00, 0x00, 0x3f, 0xff, 0xfe, 0x20, 0x00, 0x00, 0x07, 0xff,
    0xff, 0xf5, 0x00, 0x00, 0x00, 0x7f, 0xff, 0xff, 0x50, 0x00, 0x00, 0x03, 0xff, 0xff, 0xf2, 0x00,
    0x00, 0x00, 0x06, 0xde, 0xc5, 0x00, 0x00, 0x00, 0x00, 0x00, 0x00, 0x00, 0x00, 0x00, 0x00, 0x00,
    0x00, 0x00, 0x00, 0x00, 0x00, 0x00, 0x00, 0x00, 0x00, 0x00, 0x00, 0x00, 0x00, 0x00, 0x00, 0x00,
    0x00, 0x00, 0x00, 0x1f, 0xfc, 0x00, 0x00, 0x00, 0x00, 0x01, 0xff, 0xd0, 0x00, 0x00, 0x00, 0x00,
    0x2f, 0xfe, 0x00, 0x00, 0x00, 0x00, 0x03, 0xff, 0xe0, 0x00, 0x00, 0x00, 0x00, 0x4f, 0xff, 0x00,
    0x00, 0x00, 0x00, 0x04, 0xff, 0xf1, 0x00, 0x00, 0x00, 0x00, 0x5f, 0xff, 0x10, 0x00, 0x00, 0x00,
    0x06, 0xff, 0xf2, 0x00, 0x00, 0x00, 0x00, 0x7f, 0xff, 0x30, 0x00, 0x00, 0x00, 0x07, 0xff, 0xf4,
    0x00, 0x00, 0x00, 0x00, 0x8f, 0xff, 0x40, 0x00, 0x00, 0x00, 0x09, 0xff, 0xf5, 0x00, 0x00, 0x00,
    0x00, 0xaf, 0xff, 0x60, 0x00, 0x00, 0x00, 0x0a, 0xff, 0xf7, 0x00, 0x00, 0x00, 0x00, 0xbf, 0xff,
    0x70, 0x00, 0x00, 0x00, 0x0c, 0xff, 0xf8, 0x00, 0x00, 0x00, 0x00, 0xdf, 0xff, 0x90, 0x00, 0x00,
    0x00, 0x0d, 0xff, 0xfa, 0x00, 0x00, 0x00, 0x00, 0xef, 0xff, 0xa0, 0x00, 0x00, 0x00, 0x0f, 0xff,
    0xfb, 0x00, 0x00, 0x00, 0x00, 0xff, 0xff, 0xc0, 0x00, 0x00, 0x00, 0x1f, 0xff, 0xfd, 0x00, 0x00,
    0x00, 0x02, 0xff, 0xff, 0xd0, 0x00, 0x00, 0x00, 0x3f, 0xff, 0xfe, 0x00, 0x00, 0x00, 0x00, 0x00,
    0x00, 0x00, 0x00, 0x05, 0xff, 0xe0, 0x00, 0x00, 0x00, 0x00, 0x00, 0x00, 0x00, 0x00, 0x00, 0x00,
    0x00, 0x5f, 0xfe, 0x00, 0x00, 0x00, 0x00, 0x00, 0x00, 0x00, 0x00, 0x00, 0x00, 0x00, 0x05, 0xff,
    0xe0, 0x00, 0x00, 0x00, 0x00, 0x00, 0x00, 0x00, 0x00, 0x00, 0x00, 0x49, 0xdf, 0xff, 0xfe, 0xb8,
    0x40, 0x00, 0x00, 0x00, 0x00, 0x00, 0x00, 0x05, 0xdf, 0xff, 0xff, 0xff, 0xff, 0xff, 0xe2, 0x00,
    0x00, 0x00, 0x00, 0x00, 0x1a, 0xff, 0xff, 0xff, 0xff, 0xff, 0xff, 0xfd, 0x00, 0x00, 0x00, 0x00,
    0x00, 0x0b, 0xff, 0xff, 0xfe, 0xa8, 0x89, 0xcf, 0xff, 0x80, 0x00, 0x00, 0x00, 0x00, 0x08, 0xff,
    0xff, 0xd5, 0x00, 0x00, 0x00, 0x16, 0xc3, 0x00, 0x00, 0x00, 0x00, 0x02, 0xff, 0xff, 0xd1, 0x00,
    0x00, 0x00, 0x00, 0x00, 0x00, 0x00, 0x00, 0x00, 0x00, 0x8f, 0xff, 0xf3, 0x00, 0x00, 0x00, 0x00,
    0x00, 0x00, 0x00, 0x00, 0x00, 0x00, 0x0d, 0xff, 0xfa, 0x00, 0x00, 0x00, 0x00, 0x00, 0x00, 0x00,
    0x00, 0x00, 0x00, 0x02, 0xff, 0xff, 0x50, 0x00, 0x00, 0x00, 0x00, 0x00, 0x00, 0x00, 0x00, 0x00,
    0x00, 0x5f, 0xff, 0xf1, 0x00, 0x00, 0x00, 0x00, 0x00, 0x00, 0x00, 0x00, 0x00, 0x00, 0x07, 0xff,
    0xfd, 0x00, 0x00, 0x00, 0x00, 0x00, 0x00, 0x00, 0x00, 0x00, 0x00, 0x00, 0x8f, 0xff, 0xc0, 0x00,
    0x00, 0x00, 0x00, 0x00, 0x00, 0x00, 0x00, 0x00, 0x00, 0x09, 0xff, 0xfb, 0x00, 0x00, 0x00, 0x00,
    0x00, 0x00, 0x00, 0x00, 0x00, 0x00, 0x00, 0x9f, 0xff, 0xa0, 0x00, 0x00, 0x00, 0x00, 0x00, 0x00,
    0x00, 0x00, 0x00, 0x00, 0x09, 0xff, 0xfb, 0x00, 0x00, 0x00, 0x00, 0x00, 0x00, 0x00, 0x00, 0x00,
    0x00, 0x00, 0x8f, 0xff, 0xc0, 0x00, 0x00, 0x00, 0x00, 0x00, 0x00, 0x00, 0x00, 0x00, 0x00, 0x07,
    0xff, 0xfe, 0x00, 0x00, 0x00, 0x00, 0x00, 0x00, 0x00, 0x00, 0x00, 0x00, 0x00, 0x4f, 0xff, 0xf2,
    0x00, 0x00, 0x00, 0x00, 0x00, 0x00, 0x00, 0x00, 0x00, 0x00, 0x01, 0xff, 0xff, 0x60, 0x00, 0x00,
    0x00, 0x00, 0x00, 0x00, 0x00, 0x00, 0x00, 0x00, 0x0c, 0xff, 0xfc, 0x00, 0x00, 0x00, 0x00, 0x00,
    0x00, 0x00, 0x00, 0x00, 0x00, 0x00, 0x6f, 0xff, 0xf7, 0x00, 0x00, 0x00, 0x00, 0x00, 0x00, 0x00,
    0x00, 0x00, 0x00, 0x00, 0xdf, 0xff, 0xf7, 0x00, 0x00, 0x00, 0x00, 0x00, 0x40, 0x00, 0x00, 0x00,
    0x00, 0x04, 0xff, 0xff, 0xfc, 0x62, 0x10, 0x13, 0x5a, 0xed, 0x00, 0x00, 0x00, 0x00, 0x00, 0x07,
    0xff, 0xff, 0xff, 0xff, 0xff, 0xff, 0xff, 0xd0, 0x00, 0x00, 0x00, 0x00, 0x00, 0x05, 0xef, 0xff,
    0xff, 0xff, 0xff, 0xff, 0xfd, 0x00, 0x00, 0x00, 0x00, 0x00, 0x00, 0x01, 0x7d, 0xff, 0xff, 0xff,
    0xff, 0xea, 0x40, 0x00, 0x00, 0x00, 0x00, 0x00, 0x00, 0x00, 0x02, 0x8f, 0xfe, 0x76, 0x41, 0x00,
    0x00, 0x00, 0x00, 0x00, 0x00, 0x00, 0x00, 0x00, 0x05, 0xff, 0xd0, 0x00, 0x00, 0x00, 0x00, 0x00,
    0x00, 0x00, 0x00, 0x00, 0x00, 0x00, 0x5f, 0xfd, 0x00, 0x00, 0x00, 0x00, 0x00, 0x00, 0x00, 0x00,
    0x00, 0x00, 0x00, 0x05, 0xff, 0xd0, 0x00, 0x00, 0x00, 0x00, 0x00, 0x00, 0x00, 0x00, 0x00, 0x00,
    0x00, 0x5f, 0xfd, 0x00, 0x00, 0x00, 0x00, 0x00, 0x00, 0x00, 0x00, 0x00, 0x00, 0x00, 0x14, 0x67,
    0x76, 0x53, 0x00, 0x00, 0x00, 0x00, 0x00, 0x00, 0x00, 0x00, 0x03, 0xaf, 0xff, 0xff, 0xff, 0xfe,
    0xa6, 0x10, 0x00, 0x00, 0x00, 0x00, 0x00, 0x08, 0xff, 0xff, 0xff, 0xff, 0xff, 0xff, 0xfe, 0x40,
    0x00, 0x00, 0x00, 0x00, 0x09, 0xff, 0xff, 0xff, 0xff, 0xff, 0xff, 0xff, 0xf2, 0x00, 0x00, 0x00,
    0x00, 0x06, 0xff, 0xff, 0xd7, 0x20, 0x01, 0x48, 0xdf, 0xfa, 0x00, 0x00, 0x00, 0x00, 0x00, 0xef,
    0xff, 0xc1, 0x00, 0x00, 0x00, 0x00, 0x3a, 0x30, 0x00, 0x00, 0x00, 0x00, 0x4f, 0xff, 0xf3, 0x00,
    0x00, 0x00, 0x00, 0x00, 0x00, 0x00, 0x00, 0x00, 0x00, 0x08, 0xff, 0xfc, 0x00, 0x00, 0x00, 0x00,
    0x00, 0x00, 0x00, 0x00, 0x00, 0x00, 0x00, 0xaf, 0xff, 0x90, 0x00, 0x00, 0x00, 0x00, 0x00, 0x00,
    0x00, 0x00, 0x00, 0x00, 0x0b, 0xff, 0xf8, 0x00, 0x00, 0x00, 0x00, 0x00, 0x00, 0x00, 0x00, 0x00,
    0x00, 0x00, 0xbf, 0xff, 0x80, 0x00, 0x00, 0x00, 0x00, 0x00, 0x00, 0x00, 0x00, 0x00, 0x00, 0x0b,
    0xff, 0xf8, 0x00, 0x00, 0x00, 0x00, 0x00, 0x00, 0x00, 0x00, 0x00, 0x00, 0x00, 0xbf, 0xff, 0x80,
    0x00, 0x00, 0x00, 0x00, 0x00, 0x00, 0x00, 0x00, 0x00, 0x00, 0x0b, 0xff, 0xf8, 0x00, 0x00, 0x00,
    0x00, 0x00, 0x00, 0x00, 0x00, 0x00, 0x00, 0x00, 0xbf, 0xff, 0x80, 0x00, 0x00, 0x00, 0x00, 0x00,
    0x00, 0x00, 0x00, 0x00, 0x00, 0x0b, 0xff, 0xf8, 0x00, 0x00, 0x00, 0x00, 0x00, 0x00, 0x00, 0x00,
    0x02, 0x77, 0x77, 0xdf, 0xff, 0xb7, 0x77, 0x77, 0x77, 0x77, 0x20, 0x00, 0x00, 0x00, 0x5f, 0xff,
    0xff, 0xff, 0xff, 0xff, 0xff, 0xff, 0xff, 0xf4, 0x00, 0x00, 0x00, 0x05, 0xff, 0xff, 0xff, 0xff,
    0xff, 0xff, 0xff, 0xff, 0xff, 0x40, 0x00, 0x00, 0x00, 0x5f, 0xff, 0xff, 0xff, 0xff, 0xff, 0xff,
    0xff, 0xff, 0xf4, 0x00, 0x00, 0x00, 0x00, 0x00, 0x00, 0xbf, 0xff, 0x80, 0x00, 0x00, 0x00, 0x00,
    0x00, 0x00, 0x00, 0x00, 0x00, 0x00, 0x0b, 0xff, 0xf8, 0x00, 0x00, 0x00, 0x00, 0x00, 0x00, 0x00,
    0x00, 0x00, 0x00, 0x00, 0xbf, 0xff, 0x80, 0x00, 0x00, 0x00, 0x00, 0x00, 0x00, 0x00, 0x00, 0x00,
    0x00, 0x0b, 0xff, 0xf8, 0x00, 0x00, 0x00, 0x00, 0x00, 0x00, 0x00, 0x00, 0x00, 0x00, 0x00, 0xbf,
    0xff, 0x80, 0x00, 0x00, 0x00, 0x00, 0x00, 0x00, 0x00, 0x00, 0x00, 0x00, 0x0b, 0xff, 0xf7, 0x00,
    0x00, 0x00, 0x00, 0x00, 0x00, 0x00, 0x00, 0x00, 0x00, 0x00, 0xcf, 0xff, 0x60, 0x00, 0x00, 0x00,
    0x00, 0x00, 0x00, 0x00, 0x00, 0x00, 0x00, 0x0f, 0xff, 0xf4, 0x00, 0x00, 0x00, 0x00, 0x00, 0x00,
    0x00, 0x00, 0x00, 0x00, 0x05, 0xff, 0xfe, 0x00, 0x00, 0x00, 0x00, 0x00, 0x00, 0x00, 0x00, 0x00,
    0x00, 0x01, 0xdf, 0xff, 0x50, 0x00, 0x00, 0x00, 0x00, 0x00, 0x00, 0x00, 0x00, 0x00, 0x02, 0xdf,
    0xff, 0x70, 0x00, 0x00, 0x00, 0x00, 0x00, 0x00, 0x00, 0x00, 0x00, 0x29, 0xef, 0xff, 0xc7, 0x77,
    0x77, 0x77, 0x77, 0x77, 0x77, 0x77, 0x77, 0x50, 0x07, 0xff, 0xff, 0xff, 0xff, 0xff, 0xff, 0xff,
    0xff, 0xff, 0xff, 0xff, 0xfa, 0x00, 0x7f, 0xff, 0xff, 0xff, 0xff, 0xff, 0xff, 0xff, 0xff, 0xff,
    0xff, 0xff, 0xa0, 0x07, 0xff, 0xff, 0xff, 0xff, 0xff, 0xff, 0xff, 0xff, 0xff, 0xff, 0xff, 0xfa,
    0x00, 0x00, 0x00, 0x02, 0x00, 0x00, 0x00, 0x00, 0x00, 0x00, 0x00, 0x00, 0x20, 0x00, 0x00, 0x00,
    0x0a, 0xe2, 0x00, 0x00, 0x00, 0x00, 0x00, 0x00, 0x00, 0xae, 0x30, 0x00, 0x00, 0x0a, 0xff, 0xd2,
    0x00, 0x5a, 0xdf, 0xec, 0x81, 0x00, 0x9f, 0xfe, 0x20, 0x00, 0x00, 0xaf, 0xff, 0xd5, 0xdf, 0xff,
    0xff, 0xff, 0xf7, 0x9f, 0xff, 0xe2, 0x00, 0x00, 0x00, 0xbf, 0xff, 0xff, 0xff, 0xff, 0xff, 0xff,
    0xff, 0xff, 0xe3, 0x00, 0x00, 0x00, 0x01, 0xcf, 0xff, 0xff, 0xea, 0x89, 0xbf, 0xff, 0xff, 0xf5,
    0x00, 0x00, 0x00, 0x00, 0x03, 0xff, 0xfe, 0x60, 0x00, 0x00, 0x2b, 0xff, 0xf9, 0x00, 0x00, 0x00,
    0x00, 0x00, 0x9f, 0xfe, 0x30, 0x00, 0x00, 0x00, 0x0a, 0xff, 0xe1, 0x00, 0x00, 0x00, 0x00, 0x1f,
    0xff, 0x60, 0x00, 0x00, 0x00, 0x00, 0x1d, 0xff, 0x70, 0x00, 0x00, 0x00, 0x06, 0xff, 0xd0, 0x00,
    0x00, 0x00, 0x00, 0x00, 0x6f, 0xfd, 0x00, 0x00, 0x00, 0x00, 0x9f, 0xfa, 0x00, 0x00, 0x00, 0x00,
    0x00, 0x03, 0xff, 0xf1, 0x00, 0x00, 0x00, 0x0a, 0xff, 0x80, 0x00, 0x00, 0x00, 0x00, 0x00, 0x1f,
    0xff, 0x20, 0x00, 0x00, 0x00, 0x9f, 0xfa, 0x00, 0x00, 0x00, 0x00, 0x00, 0x02, 0xff, 0xf1, 0x00,
    0x00, 0x00, 0x07, 0xff, 0xd0, 0x00, 0x00, 0x00, 0x00, 0x00, 0x6f, 0xfe, 0x00, 0x00, 0x00, 0x00,
    0x2f, 0xff, 0x50, 0x00, 0x00, 0x00, 0x00, 0x0d, 0xff, 0x90, 0x00, 0x00, 0x00, 0x00, 0xbf, 0xfe,
    0x30, 0x00, 0x00, 0x00, 0x0a, 0xff, 0xf3, 0x00, 0x00, 0x00, 0x00, 0x03, 0xff, 0xfe, 0x60, 0x00,
    0x00, 0x2b, 0xff, 0xfa, 0x00, 0x00, 0x00, 0x00, 0x00, 0xbf, 0xff, 0xff, 0xea, 0x89, 0xbf, 0xff,
    0xff, 0xe3, 0x00, 0x00, 0x00, 0x00, 0xaf, 0xff, 0xff, 0xff, 0xff, 0xff, 0xff, 0xff, 0xff, 0xe2,
    0x00, 0x00, 0x00, 0x9f, 0xff, 0xd5, 0xdf, 0xff, 0xff, 0xff, 0xf8, 0xaf, 0xff, 0xd1, 0x00, 0x00,
    0x0a, 0xff, 0xd2, 0x00, 0x6b, 0xef, 0xec, 0x82, 0x00, 0xaf, 0xfe, 0x20, 0x00, 0x00, 0x0a, 0xe2,
    0x00, 0x00, 0x00, 0x00, 0x00, 0x00, 0x00, 0xae, 0x30, 0x00, 0x00, 0x00, 0x02, 0x00, 0x00, 0x00,
    0x00, 0x00, 0x00, 0x00, 0x00, 0x20, 0x00, 0x00, 0x00, 0x00, 0x00, 0x00, 0x00, 0x00, 0x00, 0x00,
    0x00, 0x00, 0x00, 0x00, 0x00, 0x00, 0x00, 0x00, 0x00, 0x00, 0x00, 0x00, 0x00, 0x00, 0x00, 0x00,
    0x00, 0x00, 0x00, 0x00, 0x00, 0x00, 0x00, 0x00, 0x00, 0x00, 0x00, 0x00, 0x00, 0x00, 0x00, 0x00,
    0x00, 0x00, 0x00, 0x00, 0x00, 0x00, 0x00, 0x00, 0x00, 0x00, 0x00, 0x00, 0x00, 0x00, 0x00, 0x00,
    0x00, 0x00, 0x00, 0x00, 0x00, 0x00, 0x00, 0x00, 0x00, 0x00, 0x00, 0x1e, 0xff, 0xf6, 0x00, 0x00,
    0x00, 0x00, 0x00, 0x00, 0x00, 0x01, 0xef, 0xff, 0x60, 0x8f, 0xff, 0xd0, 0x00, 0x00, 0x00, 0x00,
    0x00, 0x00, 0x00, 0x8f, 0xff, 0xd0, 0x01, 0xef, 0xff, 0x60, 0x00, 0x00, 0x00, 0x00, 0x00, 0x00,
    0x1e, 0xff, 0xf5, 0x00, 0x06, 0xff, 0xfd, 0x00, 0x00, 0x00, 0x00, 0x00, 0x00, 0x08, 0xff, 0xfb,
    0x00, 0x00, 0x0d, 0xff, 0xf7, 0x00, 0x00, 0x00, 0x00, 0x00, 0x01, 0xef, 0xff, 0x30, 0x00, 0x00,
    0x5f, 0xff, 0xe1, 0x00, 0x00, 0x00, 0x00, 0x00, 0x8f, 0xff, 0xa0, 0x00, 0x00, 0x00, 0xcf, 0xff,
    0x70, 0x00, 0x00, 0x00, 0x00, 0x1e, 0xff, 0xf2, 0x00, 0x00, 0x00, 0x04, 0xff, 0xfe, 0x10, 0x00,
    0x00, 0x00, 0x09, 0xff, 0xf8, 0x00, 0x00, 0x00, 0x00, 0x0a, 0xff, 0xf7, 0x00, 0x00, 0x00, 0x02,
    0xff, 0xfe, 0x10, 0x00, 0x00, 0x00, 0x00, 0x2f, 0xff, 0xe1, 0x00, 0x00, 0x00, 0x9f, 0xff, 0x70,
    0x00, 0x00, 0x00, 0x00, 0x00, 0x9f, 0xff, 0x70, 0x00, 0x00, 0x2f, 0xff, 0xd0, 0x00, 0x00, 0x00,
    0x00, 0x00, 0x02, 0xef, 0xfe, 0x10, 0x00, 0x09, 0xff, 0xf5, 0x00, 0x00, 0x00, 0x00, 0x00, 0x00,
    0x08, 0xff, 0xf8, 0x00, 0x02, 0xff, 0xfc, 0x00, 0x00, 0x00, 0x00, 0x00, 0x00, 0x00, 0x1e, 0xff,
    0xe1, 0x00, 0xaf, 0xff, 0x40, 0x00, 0x00, 0x00, 0x00, 0x00, 0x00, 0x00, 0x6f, 0xff, 0x80, 0x3f,
    0xff, 0xb0, 0x00, 0x00, 0x00, 0x00, 0x00, 0x00, 0x00, 0x00, 0xdf, 0xfe, 0x1a, 0xff, 0xf3, 0x00,
    0x00, 0x00, 0x00, 0x00, 0x00, 0x00, 0x00, 0x05, 0xff, 0xfb, 0xff, 0xf9, 0x00, 0x00, 0x00, 0x00,
    0x00, 0x00, 0x05, 0x77, 0x77, 0x7e, 0xff, 0xff, 0xff, 0x97, 0x77, 0x77, 0x00, 0x00, 0x00, 0x00,
    0x9f, 0xff, 0xff, 0xff, 0xff, 0xff, 0xff, 0xff, 0xff, 0xf0, 0x00, 0x00, 0x00, 0x09, 0xff, 0xff,
    0xff, 0xff, 0xff, 0xff, 0xff, 0xff, 0xff, 0x00, 0x00, 0x00, 0x00, 0x9f, 0xff, 0xff, 0xff, 0xff,
    0xff, 0xff, 0xff, 0xff, 0xf0, 0x00, 0x00, 0x00, 0x00, 0x00, 0x00, 0x00, 0x6f, 0xff, 0xb0, 0x00,
    0x00, 0x00, 0x00, 0x00, 0x00, 0x00, 0x00, 0x00, 0x00, 0x06, 0xff, 0xfb, 0x00, 0x00, 0x00, 0x00,
    0x00, 0x00, 0x00, 0x00, 0x00, 0x00, 0x00, 0x6f, 0xff, 0xb0, 0x00, 0x00, 0x00, 0x00, 0x00, 0x00,
    0x00, 0x57, 0x77, 0x77, 0x7a, 0xff, 0xfd, 0x77, 0x77, 0x77, 0x70, 0x00, 0x00, 0x00, 0x09, 0xff,
    0xff, 0xff, 0xff, 0xff, 0xff, 0xff, 0xff, 0xff, 0x00, 0x00, 0x00, 0x00, 0x9f, 0xff, 0xff, 0xff,
    0xff, 0xff, 0xff, 0xff, 0xff, 0xf0, 0x00, 0x00, 0x00, 0x09, 0xff, 0xff, 0xff, 0xff, 0xff, 0xff,
    0xff, 0xff, 0xff, 0x00, 0x00, 0x00, 0x00, 0x00, 0x00, 0x00, 0x06, 0xff, 0xfb, 0x00, 0x00, 0x00,
    0x00, 0x00, 0x00, 0x00, 0x00, 0x00, 0x00, 0x00, 0x6f, 0xff, 0xb0, 0x00, 0x00, 0x00, 0x00, 0x00,
    0x00, 0x00, 0x00, 0x00, 0x00, 0x06, 0xff, 0xfb, 0x00, 0x00, 0x00, 0x00, 0x00, 0x00, 0x00, 0x00,
    0x00, 0x00, 0x00, 0x6f, 0xff, 0xb0, 0x00, 0x00, 0x00, 0x00, 0x00, 0x00, 0x00, 0x00, 0x00, 0x00,
    0x06, 0xff, 0xfb, 0x00, 0x00, 0x00, 0x00, 0x00, 0x00, 0x00, 0x00, 0x00, 0x00, 0x00, 0x6f, 0xff,
    0xb0, 0x00, 0x00, 0x00, 0x00, 0x00, 0x00, 0x00, 0x00, 0x00, 0x00, 0x08, 0xff, 0xf0, 0x00, 0x00,
    0x00, 0x00, 0x00, 0x00, 0x00, 0x00, 0x00, 0x00, 0x08, 0xff, 0xf0, 0x00, 0x00, 0x00, 0x00, 0x00,
    0x00, 0x00, 0x00, 0x00, 0x00, 0x08, 0xff, 0xf0, 0x00, 0x00, 0x00, 0x00, 0x00, 0x00, 0x00, 0x00,
    0x00, 0x00, 0x08, 0xff, 0xf0, 0x00, 0x00, 0x00, 0x00, 0x00, 0x00, 0x00, 0x00, 0x00, 0x00, 0x08,
    0xff, 0xf0, 0x00, 0x00, 0x00, 0x00, 0x00, 0x00, 0x00, 0x00, 0x00, 0x00, 0x08, 0xff, 0xf0, 0x00,
    0x00, 0x00, 0x00, 0x00, 0x00, 0x00, 0x00, 0x00, 0x00, 0x08, 0xff, 0xf0, 0x00, 0x00, 0x00, 0x00,
    0x00, 0x00, 0x00, 0x00, 0x00, 0x00, 0x08, 0xff, 0xf0, 0x00, 0x00, 0x00, 0x00, 0x00, 0x00, 0x00,
    0x00, 0x00, 0x00, 0x08, 0xff, 0xf0, 0x00, 0x00, 0x00, 0x00, 0x00, 0x00, 0x00, 0x00, 0x00, 0x00,
    0x08, 0xff, 0xf0, 0x00, 0x00, 0x00, 0x00, 0x00, 0x00, 0x00, 0x00, 0x00, 0x00, 0x08, 0xff, 0xf0,
    0x00, 0x00, 0x00, 0x00, 0x00, 0x00, 0x00, 0x00, 0x00, 0x00, 0x08, 0xff, 0xf0, 0x00, 0x00, 0x00,
    0x00, 0x00, 0x00, 0x00, 0x00, 0x00, 0x00, 0x08, 0xff, 0xf0, 0x00, 0x00, 0x00, 0x00, 0x00, 0x00,
    0x00, 0x00, 0x00, 0x00, 0x08, 0xff, 0xf0, 0x00, 0x00, 0x00, 0x00, 0x00, 0x00, 0x00, 0x00, 0x00,
    0x00, 0x08, 0xff, 0xf0, 0x00, 0x00, 0x00, 0x00, 0x00, 0x00, 0x00, 0x00, 0x00, 0x00, 0x08, 0xff,
    0xf0, 0x00, 0x00, 0x00, 0x00, 0x00, 0x00, 0x00, 0x00, 0x00, 0x00, 0x08, 0xff, 0xf0, 0x00, 0x00,
    0x00, 0x00, 0x00, 0x00, 0x00, 0x00, 0x00, 0x00, 0x08, 0xff, 0xf0, 0x00, 0x00, 0x00, 0x00, 0x00,
    0x00, 0x00, 0x00, 0x00, 0x00, 0x00, 0x00, 0x00, 0x00, 0x00, 0x00, 0x00, 0x00, 0x00, 0x00, 0x00,
    0x00, 0x00, 0x00, 0x00, 0x00, 0x00, 0x00, 0x00, 0x00, 0x00, 0x00, 0x00, 0x00, 0x00, 0x00, 0x00,
    0x00, 0x00, 0x00, 0x00, 0x00, 0x00, 0x00, 0x00, 0x00, 0x00, 0x00, 0x00, 0x00, 0x00, 0x00, 0x00,
    0x00, 0x00, 0x00, 0x00, 0x00, 0x00, 0x00, 0x00, 0x00, 0x00, 0x00, 0x00, 0x00, 0x00, 0x00, 0x00,
    0x00, 0x00, 0x00, 0x00, 0x00, 0x00, 0x00, 0x00, 0x00, 0x00, 0x00, 0x00, 0x00, 0x00, 0x00, 0x00,
    0x00, 0x00, 0x00, 0x00, 0x00, 0x00, 0x00, 0x00, 0x00, 0x00, 0x00, 0x00, 0x00, 0x00, 0x00, 0x00,
    0x00, 0x00, 0x00, 0x00, 0x00, 0x00, 0x00, 0x00, 0x00, 0x00, 0x00, 0x00, 0x00, 0x00, 0x00, 0x00,
    0x00, 0x00, 0x00, 0x00, 0x00, 0x00, 0x00, 0x00, 0x00, 0x00, 0x00, 0x00, 0x00, 0x00, 0x00, 0x00,
    0x00, 0x00, 0x00, 0x00, 0x00, 0x00, 0x00, 0x00, 0x00, 0x00, 0x00, 0x00, 0x00, 0x00, 0x00, 0x00,
    0x00, 0x00, 0x00, 0x00, 0x00, 0x00, 0x00, 0x00, 0x00, 0x00, 0x00, 0x00, 0x00, 0x00, 0x00, 0x00,
    0x00, 0x08, 0xff, 0xf0, 0x00, 0x00, 0x00, 0x00, 0x00, 0x00, 0x00, 0x00, 0x00, 0x00, 0x08, 0xff,
    0xf0, 0x00, 0x00, 0x00, 0x00, 0x00, 0x00, 0x00, 0x00, 0x00, 0x00, 0x08, 0xff, 0xf0, 0x00, 0x00,
    0x00, 0x00, 0x00, 0x00, 0x00, 0x00, 0x00, 0x00, 0x08, 0xff, 0xf0, 0x00, 0x00, 0x00, 0x00, 0x00,
    0x00, 0x00, 0x00, 0x00, 0x00, 0x08, 0xff, 0xf0, 0x00, 0x00, 0x00, 0x00, 0x00, 0x00, 0x00, 0x00,
    0x00, 0x00, 0x08, 0xff, 0xf0, 0x00, 0x00, 0x00, 0x00, 0x00, 0x00, 0x00, 0x00, 0x00, 0x00, 0x08,
    0xff, 0xf0, 0x00, 0x00, 0x00, 0x00, 0x00, 0x00, 0x00, 0x00, 0x00, 0x00, 0x08, 0xff, 0xf0, 0x00,
    0x00, 0x00, 0x00, 0x00, 0x00, 0x00, 0x00, 0x00, 0x00, 0x08, 0xff, 0xf0, 0x00, 0x00, 0x00, 0x00,
    0x00, 0x00, 0x00, 0x00, 0x00, 0x00, 0x08, 0xff, 0xf0, 0x00, 0x00, 0x00, 0x00, 0x00, 0x00, 0x00,
    0x00, 0x00, 0x00, 0x08, 0xff, 0xf0, 0x00, 0x00, 0x00, 0x00, 0x00, 0x00, 0x00, 0x00, 0x00, 0x00,
    0x08, 0xff, 0xf0, 0x00, 0x00, 0x00, 0x00, 0x00, 0x00, 0x00, 0x00, 0x00, 0x00, 0x08, 0xff, 0xf0,
    0x00, 0x00, 0x00, 0x00, 0x00, 0x00, 0x00, 0x00, 0x00, 0x00, 0x08, 0xff, 0xf0, 0x00, 0x00, 0x00,
    0x00, 0x00, 0x00, 0x00, 0x00, 0x00, 0x00, 0x08, 0xff, 0xf0, 0x00, 0x00, 0x00, 0x00, 0x00, 0x00,
    0x00, 0x00, 0x00, 0x00, 0x08, 0xff, 0xf0, 0x00, 0x00, 0x00, 0x00, 0x00, 0x00, 0x00, 0x00, 0x00,
    0x00, 0x08, 0xff, 0xf0, 0x00, 0x00, 0x00, 0x00, 0x00, 0x00, 0x00, 0x00, 0x00, 0x00, 0x08, 0xff,
    0xf0, 0x00, 0x00, 0x00, 0x00, 0x00, 0x00, 0x00, 0x00, 0x02, 0x7a, 0xde, 0xfe, 0xec, 0xa7, 0x20,
    0x00, 0x00, 0x00, 0x00, 0x00, 0x2a, 0xff, 0xff, 0xff, 0xff, 0xff, 0xff, 0xd7, 0x00, 0x00, 0x00,
    0x00, 0x3e, 0xff, 0xff, 0xff, 0xff, 0xff, 0xff, 0xff, 0xb0, 0x00, 0x00, 0x00, 0x0d, 0xff, 0xff,
    0xc9, 0x87, 0x89, 0xcf, 0xff, 0xf6, 0x00, 0x00, 0x00, 0x05, 0xff, 0xfe, 0x40, 0x00, 0x00, 0x00,
    0x16, 0xce, 0x10, 0x00, 0x00, 0x00, 0x8f, 0xff, 0x70, 0x00, 0x00, 0x00, 0x00, 0x00, 0x20, 0x00,
    0x00, 0x00, 0x09, 0xff, 0xf5, 0x00, 0x00, 0x00, 0x00, 0x00, 0x00, 0x00, 0x00, 0x00, 0x00, 0x7f,
    0xff, 0xa0, 0x00, 0x00, 0x00, 0x00, 0x00, 0x00, 0x00, 0x00, 0x00, 0x03, 0xff, 0xff, 0x91, 0x00,
    0x00, 0x00, 0x00, 0x00, 0x00, 0x00, 0x00, 0x00, 0x0b, 0xff, 0xff, 0xe7, 0x10, 0x00, 0x00, 0x00,
    0x00, 0x00, 0x00, 0x00, 0x00, 0x1c, 0xff, 0xff, 0xfe, 0x94, 0x00, 0x00, 0x00, 0x00, 0x00, 0x00,
    0x00, 0x00, 0x19, 0xff, 0xff, 0xff, 0xfd, 0x71, 0x00, 0x00, 0x00, 0x00, 0x00, 0x00, 0x02, 0xaf,
    0xff, 0xff, 0xff, 0xff, 0xe7, 0x00, 0x00, 0x00, 0x00, 0x00, 0x02, 0xdf, 0xff, 0xb7, 0xcf, 0xff,
    0xff, 0xfc, 0x20, 0x00, 0x00, 0x00, 0x00, 0xdf, 0xfe, 0x40, 0x00, 0x28, 0xef, 0xff, 0xfd, 0x20,
    0x00, 0x00, 0x00, 0x6f, 0xff, 0x50, 0x00, 0x00, 0x01, 0x8f, 0xff, 0xfb, 0x00, 0x00, 0x00, 0x0a,
    0xff, 0xe0, 0x00, 0x00, 0x00, 0x00, 0x5f, 0xff, 0xf2, 0x00, 0x00, 0x00, 0xbf, 0xfd, 0x00, 0x00,
    0x00, 0x00, 0x00, 0x9f, 0xff, 0x60, 0x00, 0x00, 0x0b, 0xff, 0xe1, 0x00, 0x00, 0x00, 0x00, 0x04,
    0xff, 0xf7, 0x00, 0x00, 0x00, 0x9f, 0xff, 0x80, 0x00, 0x00, 0x00, 0x00, 0x4f, 0xff, 0x60, 0x00,
    0x00, 0x03, 0xff, 0xff, 0x80, 0x00, 0x00, 0x00, 0x07, 0xff, 0xf3, 0x00, 0x00, 0x00, 0x0a, 0xff,
    0xff, 0xd6, 0x00, 0x00, 0x02, 0xef, 0xfc, 0x00, 0x00, 0x00, 0x00, 0x0a, 0xff, 0xff, 0xfd, 0x82,
    0x03, 0xef, 0xff, 0x30, 0x00, 0x00, 0x00, 0x00, 0x06, 0xef, 0xff, 0xff, 0xfc, 0xff, 0xff, 0x50,
    0x00, 0x00, 0x00, 0x00, 0x00, 0x01, 0x7d, 0xff, 0xff, 0xff, 0xff, 0x40, 0x00, 0x00, 0x00, 0x00,
    0x00, 0x00, 0x00, 0x05, 0xbf, 0xff, 0xff, 0xfd, 0x30, 0x00, 0x00, 0x00, 0x00, 0x00, 0x00, 0x00,
    0x00, 0x17, 0xef, 0xff, 0xfe, 0x30, 0x00, 0x00, 0x00, 0x00, 0x00, 0x00, 0x00, 0x00, 0x01, 0x7f,
    0xff, 0xfc, 0x00, 0x00, 0x00, 0x00, 0x00, 0x00, 0x00, 0x00, 0x00, 0x00, 0x4f, 0xff, 0xf3, 0x00,
    0x00, 0x00, 0x00, 0x00, 0x00, 0x00, 0x00, 0x00, 0x00, 0xbf, 0xff, 0x50, 0x00, 0x00, 0x00, 0x00,
    0x00, 0x00, 0x00, 0x00, 0x00, 0x0a, 0xff, 0xf5, 0x00, 0x00, 0x01, 0x20, 0x00, 0x00, 0x00, 0x00,
    0x00, 0x01, 0xef, 0xff, 0x30, 0x00, 0x00, 0x3f, 0xb7, 0x20, 0x00, 0x00, 0x00, 0x03, 0xdf, 0xff,
    0xd0, 0x00, 0x00, 0x03, 0xff, 0xff, 0xeb, 0x98, 0x78, 0xad, 0xff, 0xff, 0xf5, 0x00, 0x00, 0x00,
    0x3f, 0xff, 0xff, 0xff, 0xff, 0xff, 0xff, 0xff, 0xf7, 0x00, 0x00, 0x00, 0x01, 0x9e, 0xff, 0xff,
    0xff, 0xff, 0xff, 0xff, 0xc4, 0x00, 0x00, 0x00, 0x00, 0x00, 0x15, 0x9b, 0xde, 0xff, 0xed, 0xa7,
    0x30, 0x00, 0x00, 0x00, 0x00, 0x00, 0x00, 0x00, 0x02, 0xce, 0xa1, 0x00, 0x00, 0x2c, 0xea, 0x10,
    0x00, 0x00, 0x00, 0x00, 0x00, 0x00, 0x0a, 0xff, 0xf7, 0x00, 0x00, 0xaf, 0xff, 0x70, 0x00, 0x00,
    0x00, 0x00, 0x00, 0x00, 0x0c, 0xff, 0xf9, 0x00, 0x00, 0xcf, 0xff, 0x90, 0x00, 0x00, 0x00, 0x00,
    0x00, 0x00, 0x0a, 0xff, 0xf7, 0x00, 0x00, 0xaf, 0xff, 0x70, 0x00, 0x00, 0x00, 0x00, 0x00, 0x00,
    0x02, 0xbe, 0xa1, 0x00, 0x00, 0x2c, 0xea, 0x00, 0x00, 0x00, 0x00, 0x00, 0x00, 0x00, 0x00, 0x00,
    0x00, 0x00, 0x00, 0x00, 0x00, 0x00, 0x00, 0x00, 0x00, 0x00, 0x00, 0x00, 0x00, 0x00, 0x00, 0x00,
    0x00, 0x00, 0x00, 0x00, 0x00, 0x00, 0x00, 0x00, 0x00, 0x00, 0x00, 0x00, 0x00, 0x00, 0x00, 0x00,
    0x00, 0x00, 0x00, 0x00, 0x00, 0x00, 0x00, 0x00, 0x00, 0x00, 0x00, 0x00, 0x00, 0x00, 0x00, 0x00,
    0x00, 0x00, 0x00, 0x00, 0x00, 0x00, 0x00, 0x00, 0x00, 0x00, 0x00, 0x00, 0x00, 0x00, 0x00, 0x00,
    0x00, 0x00, 0x00, 0x00, 0x00, 0x00, 0x00, 0x00, 0x00, 0x00, 0x00, 0x00, 0x00, 0x00, 0x00, 0x00,
    0x00, 0x00, 0x00, 0x00, 0x00, 0x00, 0x00, 0x00, 0x00, 0x00, 0x00, 0x00, 0x00, 0x00, 0x00, 0x00,
    0x00, 0x00, 0x00, 0x00, 0x00, 0x00, 0x00, 0x00, 0x00, 0x00, 0x00, 0x00, 0x00, 0x00, 0x00, 0x00,
    0x00, 0x00, 0x00, 0x00, 0x00, 0x00, 0x00, 0x00, 0x00, 0x00, 0x00, 0x00, 0x00, 0x00, 0x00, 0x00,
    0x00, 0x00, 0x00, 0x00, 0x00, 0x00, 0x00, 0x00, 0x00, 0x00, 0x00, 0x00, 0x00, 0x00, 0x00, 0x00,
    0x00, 0x00, 0x00, 0x00, 0x00, 0x00, 0x00, 0x00, 0x00, 0x00, 0x00, 0x00, 0x00, 0x00, 0x00, 0x00,
    0x00, 0x00, 0x00, 0x00, 0x00, 0x00, 0x00, 0x00, 0x00, 0x00, 0x00, 0x00, 0x00, 0x00, 0x00, 0x00,
    0x00, 0x00, 0x00, 0x00, 0x00, 0x00, 0x00, 0x00, 0x00, 0x00, 0x00, 0x00, 0x00, 0x00, 0x00, 0x00,
    0x00, 0x00, 0x00, 0x00, 0x00, 0x00, 0x00, 0x00, 0x00, 0x00, 0x00, 0x00, 0x00, 0x00, 0x00, 0x00,
    0x00, 0x00, 0x00, 0x00, 0x00, 0x00, 0x00, 0x00, 0x00, 0x00, 0x00, 0x00, 0x00, 0x00, 0x00, 0x00,
    0x00, 0x00, 0x00, 0x00, 0x00, 0x00, 0x00, 0x00, 0x00, 0x00, 0x00, 0x00, 0x00, 0x00, 0x00, 0x00,
    0x00, 0x00, 0x00, 0x00, 0x00, 0x00, 0x00, 0x00, 0x00, 0x00, 0x00, 0x00, 0x00, 0x00, 0x00, 0x00,
    0x00, 0x00, 0x00, 0x00, 0x00, 0x00, 0x00, 0x00, 0x00, 0x00, 0x00, 0x00, 0x00, 0x00, 0x00, 0x00,
    0x00, 0x00, 0x00, 0x00, 0x00, 0x00, 0x00, 0x00, 0x00, 0x00, 0x00, 0x00, 0x00, 0x00, 0x00, 0x00,
    0x00, 0x00, 0x00, 0x00, 0x00, 0x00, 0x00, 0x00, 0x00, 0x00, 0x00, 0x00, 0x00, 0x00, 0x00, 0x00,
    0x00, 0x00, 0x00, 0x00, 0x00, 0x00, 0x00, 0x00, 0x00, 0x00, 0x00, 0x00, 0x00, 0x00, 0x00, 0x00,
    0x00, 0x00, 0x00, 0x00, 0x00, 0x00, 0x00, 0x00, 0x00, 0x00, 0x00, 0x00, 0x00, 0x00, 0x00, 0x00,
    0x00, 0x00, 0x00, 0x00, 0x00, 0x00, 0x00, 0x00, 0x00, 0x00, 0x00, 0x00, 0x00, 0x00, 0x00, 0x00,
    0x00, 0x00, 0x00, 0x00, 0x00, 0x00, 0x00, 0x00, 0x00, 0x00, 0x00, 0x00, 0x00, 0x00, 0x00, 0x00,
    0x00, 0x00, 0x00, 0x00, 0x00, 0x00, 0x00, 0x00, 0x00, 0x00, 0x00, 0x00, 0x00, 0x00, 0x00, 0x00,
    0x00, 0x00, 0x00, 0x00, 0x00, 0x00, 0x00, 0x00, 0x00, 0x00, 0x00, 0x00, 0x00, 0x00, 0x00, 0x00,
    0x00, 0x00, 0x00, 0x00, 0x00, 0x00, 0x00, 0x00, 0x00, 0x00, 0x00, 0x00, 0x00, 0x00, 0x00, 0x00,
    0x00, 0x00, 0x00, 0x00, 0x00, 0x00, 0x47, 0xbd, 0xef, 0xfe, 0xca, 0x62, 0x00, 0x00, 0x00, 0x00,
    0x00, 0x00, 0x00, 0x00, 0x00, 0x00, 0x00, 0x00, 0x01, 0x8d, 0xff, 0xff, 0xff, 0xff, 0xff, 0xff,
    0xc6, 0x00, 0x00, 0x00, 0x00, 0x00, 0x00, 0x00, 0x00, 0x00, 0x00, 0x00, 0x7e, 0xff, 0xff, 0xff,
    0xed, 0xde, 0xff, 0xff, 0xff, 0xd5, 0x00, 0x00, 0x00, 0x00, 0x00, 0x00, 0x00, 0x00, 0x00, 0x2c,
    0xff, 0xff, 0xb7, 0x31, 0x00, 0x00, 0x13, 0x7c, 0xff, 0xff, 0xa1, 0x00, 0x00, 0x00, 0x00, 0x00,
    0x00, 0x00, 0x04, 0xef, 0xff, 0x92, 0x00, 0x00, 0x00, 0x00, 0x00, 0x00, 0x4c, 0xff, 0xfc, 0x20,
    0x00, 0x00, 0x00, 0x00, 0x00, 0x00, 0x4e, 0xff, 0xd3, 0x00, 0x00, 0x00, 0x00, 0x00, 0x00, 0x00,
    0x00, 0x6f, 0xff, 0xd1, 0x00, 0x00, 0x00, 0x00, 0x00, 0x02, 0xef, 0xfb, 0x10, 0x00, 0x00, 0x00,
    0x36, 0x77, 0x52, 0x00, 0x00, 0x03, 0xef, 0xfc, 0x00, 0x00, 0x00, 0x00, 0x00, 0x0b, 0xff, 0xb0,
    0x00, 0x00, 0x01, 0x8e, 0xff, 0xff, 0xff, 0xd7, 0x10, 0x00, 0x2e, 0xff, 0x80, 0x00, 0x00, 0x00,
    0x00, 0x6f, 0xfd, 0x10, 0x00, 0x00, 0x4e, 0xff, 0xff, 0xff, 0xff, 0xff, 0x90, 0x00, 0x04, 0xff,
    0xf3, 0x00, 0x00, 0x00, 0x00, 0xdf, 0xf4, 0x00, 0x00, 0x03, 0xef, 0xff, 0xff, 0xff, 0xff, 0xff,
    0x30, 0x00, 0x00, 0x7f, 0xfb, 0x00, 0x00, 0x00, 0x05, 0xff, 0xa0, 0x00, 0x00, 0x1d, 0xff, 0xfe,
    0x73, 0x11, 0x38, 0xdb, 0x00, 0x00, 0x00, 0x1e, 0xff, 0x30, 0x00, 0x00, 0x0b, 0xff, 0x30, 0x00,
    0x00, 0x8f, 0xff, 0xd2, 0x00, 0x00, 0x00, 0x02, 0x00, 0x00, 0x00, 0x07, 0xff, 0x90, 0x00, 0x00,
    0x0f, 0xfd, 0x00, 0x00, 0x00, 0xef, 0xff, 0x30, 0x00, 0x00, 0x00, 0x00, 0x00, 0x00, 0x00, 0x01,
    0xff, 0xd0, 0x00, 0x00, 0x4f, 0xf8, 0x00, 0x00, 0x04, 0xff, 0xfa, 0x00, 0x00, 0x00, 0x00, 0x00,
    0x00, 0x00, 0x00, 0x00, 0xbf, 0xf2, 0x00, 0x00, 0x6f, 0xf5, 0x00, 0x00, 0x07, 0xff, 0xf5, 0x00,
    0x00, 0x00, 0x00, 0x00, 0x00, 0x00, 0x00, 0x00, 0x7f, 0xf5, 0x00, 0x00, 0x8f, 0xf3, 0x00, 0x00,
    0x0a, 0xff, 0xf2, 0x00, 0x00, 0x00, 0x00, 0x00, 0x00, 0x00, 0x00, 0x00, 0x5f, 0xf7, 0x00, 0x00,
    0x9f, 0xf2, 0x00, 0x00, 0x0b, 0xff, 0xf0, 0x00, 0x00, 0x00, 0x00, 0x00, 0x00, 0x00, 0x00, 0x00,
    0x3f, 0xf8, 0x00, 0x00, 0x9f, 0xf1, 0x00, 0x00, 0x0b, 0xff, 0xf0, 0x00, 0x00, 0x00, 0x00, 0x00,
    0x00, 0x00, 0x00, 0x00, 0x3f, 0xf9, 0x00, 0x00, 0x9f, 0xf1, 0x00, 0x00, 0x0b, 0xff, 0xf0, 0x00,
    0x00, 0x00, 0x00, 0x00, 0x00, 0x00, 0x00, 0x00, 0x3f, 0xf8, 0x00, 0x00, 0x8f, 0xf3, 0x00, 0x00,
    0x0a, 0xff, 0xf2, 0x00, 0x00, 0x00, 0x00, 0x00, 0x00, 0x00, 0x00, 0x00, 0x4f, 0xf7, 0x00, 0x00,
    0x6f, 0xf5, 0x00, 0x00, 0x07, 0xff, 0xf4, 0x00, 0x00, 0x00, 0x00, 0x00, 0x00, 0x00, 0x00, 0x00,
    0x7f, 0xf5, 0x00, 0x00, 0x4f, 0xf9, 0x00, 0x00, 0x04, 0xff, 0xf9, 0x00, 0x00, 0x00, 0x00, 0x00,
    0x00, 0x00, 0x00, 0x00, 0xaf, 0xf3, 0x00, 0x00, 0x0f, 0xfd, 0x00, 0x00, 0x00, 0xef, 0xfe, 0x10,
    0x00, 0x00, 0x00, 0x00, 0x00, 0x00, 0x00, 0x01, 0xef, 0xe0, 0x00, 0x00, 0x0b, 0xff, 0x50, 0x00,
    0x00, 0x9f, 0xff, 0xb0, 0x00, 0x00, 0x00, 0x00, 0x00, 0x00, 0x00, 0x06, 0xff, 0x90, 0x00, 0x00,
    0x05, 0xff, 0xc0, 0x00, 0x00, 0x1e, 0xff, 0xfd, 0x62, 0x01, 0x25, 0xad, 0x00, 0x00, 0x00, 0x1d,
    0xff, 0x40, 0x00, 0x00, 0x00, 0xdf, 0xf6, 0x00, 0x00, 0x05, 0xff, 0xff, 0xff, 0xff, 0xff, 0xfe,
    0x00, 0x00, 0x00, 0x7f, 0xfc, 0x00, 0x00, 0x00, 0x00, 0x6f, 0xfe, 0x30, 0x00, 0x00, 0x6f, 0xff,
    0xff, 0xff, 0xff, 0xfe, 0x00, 0x00, 0x04, 0xff, 0xf4, 0x00, 0x00, 0x00, 0x00, 0x0c, 0xff, 0xd1,
    0x00, 0x00, 0x02, 0xaf, 0xff, 0xff, 0xff, 0xb5, 0x00, 0x00, 0x2e, 0xff, 0xa0, 0x00, 0x00, 0x00,
    0x00, 0x02, 0xef, 0xfd, 0x20, 0x00, 0x00, 0x01, 0x46, 0x77, 0x52, 0x00, 0x00, 0x03, 0xdf, 0xfd,
    0x10, 0x00, 0x00, 0x00, 0x00, 0x00, 0x4e, 0xff, 0xe5, 0x00, 0x00, 0x00, 0x00, 0x00, 0x00, 0x00,
    0x00, 0x6f, 0xff, 0xe3, 0x00, 0x00, 0x00, 0x00, 0x00, 0x00, 0x04, 0xef, 0xff, 0xb3, 0x00, 0x00,
    0x00, 0x00, 0x00, 0x00, 0x4c, 0xff, 0xfe, 0x30, 0x00, 0x00, 0x00, 0x00, 0x00, 0x00, 0x00, 0x2c,
    0xff, 0xff, 0xc7, 0x31, 0x00, 0x00, 0x14, 0x7c, 0xff, 0xff, 0xc2, 0x00, 0x00, 0x00, 0x00, 0x00,
    0x00, 0x00, 0x00, 0x00, 0x8e, 0xff, 0xff, 0xff, 0xed, 0xde, 0xff, 0xff, 0xff, 0xe7, 0x00, 0x00,
    0x00, 0x00, 0x00, 0x00, 0x00, 0x00, 0x00, 0x00, 0x01, 0x8e, 0xff, 0xff, 0xff, 0xff, 0xff, 0xff,
    0xd7, 0x10, 0x00, 0x00, 0x00, 0x00, 0x00, 0x00, 0x00, 0x00, 0x00, 0x00, 0x00, 0x00, 0x48, 0xbd,
    0xef, 0xfe, 0xda, 0x73, 0x00, 0x00, 0x00, 0x00, 0x00, 0x00, 0x00, 0x00, 0x00, 0x00, 0x01, 0x21,
    0x00, 0x00, 0x00, 0x00, 0x00, 0x59, 0xdf, 0xff, 0xfe, 0xb4, 0x00, 0x00, 0x00, 0x4f, 0xff, 0xff,
    0xff, 0xff, 0xf8, 0x00, 0x00, 0x00, 0xcd, 0x83, 0x10, 0x28, 0xff, 0xf3, 0x00, 0x00, 0x01, 0x00,
    0x00, 0x00, 0x07, 0xff, 0x80, 0x00, 0x00, 0x00, 0x00, 0x00, 0x00, 0x3f, 0xfb, 0x00, 0x00, 0x00,
    0x00, 0x00, 0x00, 0x03, 0xff, 0xc0, 0x00, 0x00, 0x04, 0x9c, 0xef, 0xff, 0xff, 0xfc, 0x00, 0x00,
    0x1b, 0xff, 0xff, 0xff, 0xff, 0xff, 0xc0, 0x00, 0x0c, 0xff, 0xe8, 0x43, 0x22, 0x5f, 0xfc, 0x00,
    0x03, 0xff, 0xf3, 0x00, 0x00, 0x03, 0xff, 0xc0, 0x00, 0x6f, 0xfb, 0x00, 0x00, 0x00, 0x5f, 0xfc,
    0x00, 0x07, 0xff, 0xa0, 0x00, 0x00, 0x09, 0xff, 0xc0, 0x00, 0x5f, 0xfd, 0x00, 0x00, 0x03, 0xff,
    0xfc, 0x00, 0x01, 0xef, 0xfa, 0x42, 0x48, 0xef, 0xff, 0xc0, 0x00, 0x05, 0xff, 0xff, 0xff, 0xfe,
    0x5d, 0xfc, 0x00, 0x00, 0x03, 0xae, 0xfe, 0xb7, 0x10, 0x7b, 0x90, 0x00, 0x00, 0x00, 0x00, 0x00,
    0x00, 0x00, 0x00, 0x00, 0x00, 0x00, 0x00, 0x00, 0x00, 0x00, 0x00, 0x00, 0x00, 0x00, 0x00, 0x00,
    0x00, 0x00, 0x00, 0x00, 0x00, 0x00, 0x00, 0x00, 0x00, 0x00, 0x00, 0x00, 0x00, 0x00, 0x00, 0x00,
    0x00, 0x00, 0x00, 0x00, 0x00, 0x00, 0x00, 0x00, 0x00, 0x00, 0x00, 0x00, 0x00, 0x00, 0x00, 0x00,
    0x00, 0x00, 0x00, 0x00, 0x00, 0x00, 0x00, 0x00, 0x00, 0x00, 0x00, 0x00, 0x00, 0x00, 0x00, 0x00,
    0x00, 0x00, 0x00, 0x00, 0x00, 0x00, 0x00, 0x00, 0x00, 0x00, 0x00, 0x00, 0x00, 0x00, 0x00, 0x00,
    0x00, 0x00, 0x00, 0x00, 0x00, 0x00, 0x00, 0x00, 0x00, 0x00, 0x00, 0x00, 0x00, 0x00, 0x00, 0x00,
    0x00, 0x00, 0x00, 0x00, 0x00, 0x00, 0x00, 0x00, 0x00, 0x00, 0x00, 0x00, 0x00, 0x00, 0x00, 0x00,
    0x00, 0x00, 0x00, 0x00, 0x00, 0x00, 0x00, 0x00, 0x00, 0x00, 0x00, 0x00, 0x00, 0x00, 0x00, 0x00,
    0x00, 0x00, 0x00, 0x00, 0x00, 0x00, 0x00, 0x00, 0x00, 0x00, 0x00, 0x00, 0x00, 0x00, 0x00, 0x00,
    0x00, 0x00, 0x00, 0x00, 0x00, 0x00, 0x00, 0x00, 0x00, 0x00, 0x00, 0x00, 0x00, 0x00, 0x00, 0x00,
    0x00, 0x02, 0x50, 0x00, 0x00, 0x00, 0x05, 0x20, 0x00, 0x00, 0x00, 0x00, 0x00, 0x1d, 0xfb, 0x30,
    0x00, 0x00, 0x5f, 0xe7, 0x00, 0x00, 0x00, 0x00, 0x00, 0xbf, 0xff, 0xa0, 0x00, 0x03, 0xff, 0xff,
    0x40, 0x00, 0x00, 0x00, 0x09, 0xff, 0xfd, 0x10, 0x00, 0x2e, 0xff, 0xf7, 0x00, 0x00, 0x00, 0x00,
    0x7f, 0xff, 0xe2, 0x00, 0x01, 0xdf, 0xff, 0x90, 0x00, 0x00, 0x00, 0x04, 0xff, 0xff, 0x40, 0x00,
    0x0b, 0xff, 0xfc, 0x00, 0x00, 0x00, 0x00, 0x3e, 0xff, 0xf6, 0x00, 0x00, 0x9f, 0xff, 0xd1, 0x00,
    0x00, 0x00, 0x01, 0xdf, 0xff, 0x90, 0x00, 0x06, 0xff, 0xfe, 0x30, 0x00, 0x00, 0x00, 0x0b, 0xff,
    0xfb, 0x00, 0x00, 0x4f, 0xff, 0xf5, 0x00, 0x00, 0x00, 0x00, 0x9f, 0xff, 0xd1, 0x00, 0x03, 0xef,
    0xff, 0x80, 0x00, 0x00, 0x00, 0x01, 0xff, 0xff, 0x80, 0x00, 0x08, 0xff, 0xff, 0x10, 0x00, 0x00,
    0x00, 0x00, 0x6f, 0xff, 0xf4, 0x00, 0x01, 0xcf, 0xff, 0xc0, 0x00, 0x00, 0x00, 0x00, 0x08, 0xff,
    0xfe, 0x20, 0x00, 0x2e, 0xff, 0xf9, 0x00, 0x00, 0x00, 0x00, 0x00, 0xaf, 0xff, 0xc1, 0x00, 0x03,
    0xef, 0xff, 0x70, 0x00, 0x00, 0x00, 0x00, 0x1c, 0xff, 0xfa, 0x00, 0x00, 0x5f, 0xff, 0xf4, 0x00,
    0x00, 0x00, 0x00, 0x02, 0xef, 0xff, 0x80, 0x00, 0x07, 0xff, 0xfe, 0x20, 0x00, 0x00, 0x00, 0x00,
    0x3f, 0xff, 0xf5, 0x00, 0x00, 0xaf, 0xff, 0xd1, 0x00, 0x00, 0x00, 0x00, 0x06, 0xff, 0xfe, 0x30,
    0x00, 0x0c, 0xff, 0xfb, 0x00, 0x00, 0x00, 0x00, 0x00, 0x8f, 0xff, 0xb0, 0x00, 0x01, 0xdf, 0xff,
    0x40, 0x00, 0x00, 0x00, 0x00, 0x0a, 0xe6, 0x00, 0x00, 0x00, 0x2e, 0xb3, 0x00, 0x00, 0x00, 0x00,
    0x00, 0x01, 0x10, 0x00, 0x00, 0x00, 0x02, 0x00, 0x00, 0x00, 0x00, 0x00, 0x00, 0x00, 0x00, 0x00,
    0x00, 0x00, 0x00, 0x00, 0x00, 0x00, 0x00, 0x00, 0x00, 0x00, 0x00, 0x00, 0x00, 0x00, 0x00, 0x00,
    0x00, 0x00, 0x47, 0x77, 0x77, 0x77, 0x77, 0x77, 0x77, 0x77, 0x77, 0x77, 0x77, 0x70, 0x00, 0x09,
    0xff, 0xff, 0xff, 0xff, 0xff, 0xff, 0xff, 0xff, 0xff, 0xff, 0xfe, 0x00, 0x00, 0x9f, 0xff, 0xff,
    0xff, 0xff, 0xff, 0xff, 0xff, 0xff, 0xff, 0xff, 0xe0, 0x00, 0x09, 0xff, 0xff, 0xff, 0xff, 0xff,
    0xff, 0xff, 0xff, 0xff, 0xff, 0xfe, 0x00, 0x00, 0x00, 0x00, 0x00, 0x00, 0x00, 0x00, 0x00, 0x00,
    0x00, 0x07, 0xff, 0xe0, 0x00, 0x00, 0x00, 0x00, 0x00, 0x00, 0x00, 0x00, 0x00, 0x00, 0x00, 0x7f,
    0xfe, 0x00, 0x00, 0x00, 0x00, 0x00, 0x00, 0x00, 0x00, 0x00, 0x00, 0x00, 0x07, 0xff, 0xe0, 0x00,
    0x00, 0x00, 0x00, 0x00, 0x00, 0x00, 0x00, 0x00, 0x00, 0x00, 0x7f, 0xfe, 0x00, 0x00, 0x00, 0x00,
    0x00, 0x00, 0x00, 0x00, 0x00, 0x00, 0x00, 0x07, 0xff, 0xe0, 0x00, 0x00, 0x00, 0x00, 0x00, 0x00,
    0x00, 0x00, 0x00, 0x00, 0x00, 0x7f, 0xfe, 0x00, 0x00, 0x00, 0x00, 0x00, 0x00, 0x00, 0x00, 0x00,
    0x00, 0x00, 0x07, 0xff, 0xe0, 0x00, 0x00, 0x00, 0x00, 0x00, 0x00, 0x00, 0x00, 0x00, 0x00, 0x00,
    0x7f, 0xfe, 0x00, 0x00, 0x00, 0x00, 0x00, 0x00, 0x00, 0x00, 0x00, 0x00, 0x00, 0x07, 0xff, 0xe0,
    0x00, 0x00, 0x00, 0x00, 0x00, 0x00, 0x00, 0x00, 0x00, 0x00, 0x00, 0x00, 0x00, 0x00, 0x00, 0x00,
    0x00, 0x00, 0x00, 0x00, 0x00, 0x00, 0x00, 0x00, 0x00, 0x00, 0x00, 0x00, 0x00, 0x00, 0x00, 0x00,
    0x00, 0x00, 0x00, 0x00, 0x00, 0x00, 0x00, 0x00, 0x00, 0x00, 0x00, 0x00, 0x00, 0x00, 0x00, 0x00,
    0x00, 0x00, 0x00, 0x00, 0x00, 0x00, 0x00, 0x00, 0x00, 0x00, 0x00, 0x00, 0x00, 0x00, 0x00, 0x00,
    0x00, 0x00, 0x00, 0x00, 0x00, 0x00, 0x00, 0x00, 0x00, 0x00, 0x00, 0x00, 0x00, 0x00, 0x00, 0x00,
    0x00, 0x00, 0x01, 0x77, 0x77, 0x77, 0x77, 0x77, 0x74, 0x00, 0x1f, 0xff, 0xff, 0xff, 0xff, 0xff,
    0x80, 0x01, 0xff, 0xff, 0xff, 0xff, 0xff, 0xf8, 0x00, 0x1f, 0xff, 0xff, 0xff, 0xff, 0xff, 0x80,
    0x00, 0x00, 0x00, 0x00, 0x00, 0x00, 0x00, 0x00, 0x00, 0x00, 0x00, 0x00, 0x00, 0x00, 0x00, 0x00,
    0x00, 0x00, 0x00, 0x00, 0x00, 0x00, 0x00, 0x00, 0x00, 0x00, 0x00, 0x00, 0x00, 0x00, 0x00, 0x00,
    0x00, 0x00, 0x00, 0x00, 0x00, 0x00, 0x00, 0x00, 0x00, 0x00, 0x00, 0x00, 0x00, 0x00, 0x00, 0x00,
    0x00, 0x00, 0x00, 0x00, 0x00, 0x00, 0x00, 0x00, 0x00, 0x00, 0x00, 0x00, 0x00, 0x00, 0x00, 0x00,
    0x00, 0x00, 0x00, 0x00, 0x00, 0x00, 0x00, 0x00, 0x00, 0x00, 0x00, 0x00, 0x00, 0x00, 0x00, 0x00,
    0x00, 0x00, 0x00, 0x00, 0x00, 0x00, 0x00, 0x00, 0x00, 0x00, 0x47, 0xbd, 0xef, 0xfe, 0xca, 0x62,
    0x00, 0x00, 0x00, 0x00, 0x00, 0x00, 0x00, 0x00, 0x00, 0x00, 0x00, 0x00, 0x01, 0x8d, 0xff, 0xff,
    0xff, 0xff, 0xff, 0xff, 0xc6, 0x00, 0x00, 0x00, 0x00, 0x00, 0x00, 0x00, 0x00, 0x00, 0x00, 0x00,
    0x7e, 0xff, 0xff, 0xff, 0xed, 0xde, 0xff, 0xff, 0xff, 0xd5, 0x00, 0x00, 0x00, 0x00, 0x00, 0x00,
    0x00, 0x00, 0x00, 0x2c, 0xff, 0xff, 0xb7, 0x31, 0x00, 0x00, 0x13, 0x7c, 0xff, 0xff, 0xa1, 0x00,
    0x00, 0x00, 0x00, 0x00, 0x00, 0x00, 0x04, 0xef, 0xff, 0x92, 0x00, 0x00, 0x00, 0x00, 0x00, 0x00,
    0x4c, 0xff, 0xfc, 0x20, 0x00, 0x00, 0x00, 0x00, 0x00, 0x00, 0x4e, 0xff, 0xd3, 0x00, 0x00, 0x00,
    0x00, 0x00, 0x00, 0x00, 0x00, 0x6f, 0xff, 0xd1, 0x00, 0x00, 0x00, 0x00, 0x00, 0x02, 0xef, 0xfb,
    0x10, 0x00, 0x00, 0x00, 0x00, 0x00, 0x00, 0x00, 0x00, 0x03, 0xef, 0xfc, 0x00, 0x00, 0x00, 0x00,
    0x00, 0x0b, 0xff, 0xb0, 0x00, 0x09, 0xff, 0xff, 0xff, 0xed, 0xa6, 0x10, 0x00, 0x00, 0x2e, 0xff,
    0x80, 0x00, 0x00, 0x00, 0x00, 0x6f, 0xfd, 0x10, 0x00, 0x09, 0xff, 0xff, 0xff, 0xff, 0xff, 0xd4,
    0x00, 0x00, 0x04, 0xff, 0xf3, 0x00, 0x00, 0x00, 0x00, 0xdf, 0xf4, 0x00, 0x00, 0x09, 0xff, 0xff,
    0xff, 0xff, 0xff, 0xfe, 0x20, 0x00, 0x00, 0x7f, 0xfb, 0x00, 0x00, 0x00, 0x05, 0xff, 0xa0, 0x00,
    0x00, 0x09, 0xff, 0xf8, 0x77, 0x8b, 0xff, 0xff, 0x90, 0x00, 0x00, 0x1e, 0xff, 0x30, 0x00, 0x00,
    0x0b, 0xff, 0x30, 0x00, 0x00, 0x09, 0xff, 0xf1, 0x00, 0x00, 0x5f, 0xff, 0xe0, 0x00, 0x00, 0x07,
    0xff, 0x90, 0x00, 0x00, 0x0f, 0xfd, 0x00, 0x00, 0x00, 0x09, 0xff, 0xf1, 0x00, 0x00, 0x0b, 0xff,
    0xf1, 0x00, 0x00, 0x01, 0xff, 0xd0, 0x00, 0x00, 0x4f, 0xf8, 0x00, 0x00, 0x00, 0x09, 0xff, 0xf1,
    0x00, 0x00, 0x09, 0xff, 0xf2, 0x00, 0x00, 0x00, 0xbf, 0xf2, 0x00, 0x00, 0x6f, 0xf5, 0x00, 0x00,
    0x00, 0x09, 0xff, 0xf1, 0x00, 0x00, 0x0c, 0xff, 0xf0, 0x00, 0x00, 0x00, 0x7f, 0xf5, 0x00, 0x00,
    0x8f, 0xf3, 0x00, 0x00, 0x00, 0x09, 0xff, 0xf1, 0x00, 0x00, 0x8f, 0xff, 0xb0, 0x00, 0x00, 0x00,
    0x5f, 0xf7, 0x00, 0x00, 0x9f, 0xf2, 0x00, 0x00, 0x00, 0x09, 0xff, 0xf8, 0x78, 0x9d, 0xff, 0xff,
    0x40, 0x00, 0x00, 0x00, 0x3f, 0xf8, 0x00, 0x00, 0x9f, 0xf1, 0x00, 0x00, 0x00, 0x09, 0xff, 0xff,
    0xff, 0xff, 0xff, 0xf5, 0x00, 0x00, 0x00, 0x00, 0x3f, 0xf9, 0x00, 0x00, 0x9f, 0xf1, 0x00, 0x00,
    0x00, 0x09, 0xff, 0xff, 0xff, 0xff, 0xfc, 0x30, 0x00, 0x00, 0x00, 0x00, 0x3f, 0xf8, 0x00, 0x00,
    0x8f, 0xf3, 0x00, 0x00, 0x00, 0x09, 0xff, 0xff, 0xff, 0xff, 0xfc, 0x00, 0x00, 0x00, 0x00, 0x00,
    0x4f, 0xf7, 0x00, 0x00, 0x6f, 0xf5, 0x00, 0x00, 0x00, 0x09, 0xff, 0xf1, 0x00, 0xaf, 0xff, 0x60,
    0x00, 0x00, 0x00, 0x00, 0x7f, 0xf5, 0x00, 0x00, 0x4f, 0xf9, 0x00, 0x00, 0x00, 0x09, 0xff, 0xf1,
    0x00, 0x2e, 0xff, 0xe1, 0x00, 0x00, 0x00, 0x00, 0xaf, 0xf3, 0x00, 0x00, 0x0f, 0xfd, 0x00, 0x00,
    0x00, 0x09, 0xff, 0xf1, 0x00, 0x07, 0xff, 0xfa, 0x00, 0x00, 0x00, 0x01, 0xef, 0xe0, 0x00, 0x00,
    0x0b, 0xff, 0x50, 0x00, 0x00, 0x09, 0xff, 0xf1, 0x00, 0x00, 0xcf, 0xff, 0x40, 0x00, 0x00, 0x06,
    0xff, 0x90, 0x00, 0x00, 0x05, 0xff, 0xc0, 0x00, 0x00, 0x09, 0xff, 0xf1, 0x00, 0x00, 0x3f, 0xff,
    0xd0, 0x00, 0x00, 0x1d, 0xff, 0x40, 0x00, 0x00, 0x00, 0xdf, 0xf6, 0x00, 0x00, 0x09, 0xff, 0xf1,
    0x00, 0x00, 0x09, 0xff, 0xf8, 0x00, 0x00, 0x7f, 0xfc, 0x00, 0x00, 0x00, 0x00, 0x6f, 0xfe, 0x30,
    0x00, 0x09, 0xff, 0xf1, 0x00, 0x00, 0x01, 0xef, 0xff, 0x20, 0x04, 0xff, 0xf4, 0x00, 0x00, 0x00,
    0x00, 0x0c, 0xff, 0xd1, 0x00, 0x08, 0xcc, 0xc1, 0x00, 0x00, 0x00, 0x5c, 0xcc, 0x80, 0x2e, 0xff,
    0xa0, 0x00, 0x00, 0x00, 0x00, 0x02, 0xef, 0xfd, 0x20, 0x00, 0x00, 0x00, 0x00, 0x00, 0x00, 0x00,
    0x00, 0x03, 0xdf, 0xfd, 0x10, 0x00, 0x00, 0x00, 0x00, 0x00, 0x4e, 0xff, 0xe5, 0x00, 0x00, 0x00,
    0x00, 0x00, 0x00, 0x00, 0x00, 0x6f, 0xff, 0xe3, 0x00, 0x00, 0x00, 0x00, 0x00, 0x00, 0x04, 0xef,
    0xff, 0xb3, 0x00, 0x00, 0x00, 0x00, 0x00, 0x00, 0x4c, 0xff, 0xfe, 0x30, 0x00, 0x00, 0x00, 0x00,
    0x00, 0x00, 0x00, 0x2c, 0xff, 0xff, 0xc7, 0x31, 0x00, 0x00, 0x14, 0x7c, 0xff, 0xff, 0xc2, 0x00,
    0x00, 0x00, 0x00, 0x00, 0x00, 0x00, 0x00, 0x00, 0x8e, 0xff, 0xff, 0xff, 0xed, 0xde, 0xff, 0xff,
    0xff, 0xe7, 0x00, 0x00, 0x00, 0x00, 0x00, 0x00, 0x00, 0x00, 0x00, 0x00, 0x01, 0x8e, 0xff, 0xff,
    0xff, 0xff, 0xff, 0xff, 0xd7, 0x10, 0x00, 0x00, 0x00, 0x00, 0x00, 0x00, 0x00, 0x00, 0x00, 0x00,
    0x00, 0x00, 0x48, 0xbd, 0xef, 0xfe, 0xda, 0x73, 0x00, 0x00, 0x00, 0x00, 0x00, 0x00, 0x00, 0x17,
    0x77, 0x77, 0x77, 0x77, 0x77, 0x77, 0x77, 0x77, 0x77, 0x77, 0x77, 0x71, 0x2f, 0xff, 0xff, 0xff,
    0xff, 0xff, 0xff, 0xff, 0xff, 0xff, 0xff, 0xff, 0xf2, 0x2f, 0xff, 0xff, 0xff, 0xff, 0xff, 0xff,
    0xff, 0xff, 0xff, 0xff, 0xff, 0xf2, 0x2f, 0xff, 0xff, 0xff, 0xff, 0xff, 0xff, 0xff, 0xff, 0xff,
    0xff, 0xff, 0xf2, 0x00, 0x00, 0x00, 0x00, 0x00, 0x00, 0x00, 0x00, 0x00, 0x00, 0x00, 0x00, 0x00,
    0x00, 0x00, 0x00, 0x00, 0x00, 0x00, 0x00, 0x00, 0x00, 0x00, 0x00, 0x00, 0x00, 0x00, 0x00, 0x00,
    0x00, 0x00, 0x00, 0x00, 0x00, 0x00, 0x00, 0x00, 0x00, 0x00, 0x00, 0x00, 0x00, 0x00, 0x00, 0x00,
    0x00, 0x00, 0x00, 0x00, 0x00, 0x00, 0x00, 0x00, 0x00, 0x00, 0x00, 0x00, 0x00, 0x00, 0x00, 0x00,
    0x00, 0x00, 0x00, 0x00, 0x00, 0x00, 0x00, 0x00, 0x00, 0x00, 0x00, 0x00, 0x00, 0x00, 0x00, 0x00,
    0x00, 0x00, 0x00, 0x00, 0x00, 0x00, 0x00, 0x00, 0x00, 0x00, 0x00, 0x00, 0x00, 0x00, 0x00, 0x00,
    0x00, 0x00, 0x00, 0x00, 0x00, 0x00, 0x00, 0x00, 0x00, 0x00, 0x00, 0x00, 0x00, 0x00, 0x00, 0x00,
    0x00, 0x00, 0x00, 0x00, 0x00, 0x00, 0x00, 0x00, 0x00, 0x00, 0x00, 0x00, 0x00, 0x00, 0x00, 0x00,
    0x00, 0x00, 0x00, 0x00, 0x00, 0x00, 0x00, 0x00, 0x00, 0x00, 0x00, 0x00, 0x00, 0x00, 0x00, 0x00,
    0x00, 0x00, 0x00, 0x00, 0x00, 0x00, 0x00, 0x00, 0x00, 0x00, 0x00, 0x00, 0x00, 0x00, 0x00, 0x00,
    0x00, 0x00, 0x00, 0x00, 0x00, 0x00, 0x00, 0x00, 0x00, 0x00, 0x00, 0x00, 0x00, 0x00, 0x00, 0x00,
    0x00, 0x00, 0x00, 0x00, 0x00, 0x00, 0x00, 0x00, 0x00, 0x00, 0x00, 0x00, 0x00, 0x00, 0x00, 0x00,
    0x00, 0x00, 0x00, 0x00, 0x00, 0x00, 0x00, 0x00, 0x00, 0x00, 0x00, 0x00, 0x00, 0x00, 0x00, 0x00,
    0x00, 0x00, 0x00, 0x00, 0x00, 0x00, 0x00, 0x00, 0x00, 0x00, 0x00, 0x00, 0x00, 0x00, 0x00, 0x00,
    0x00, 0x00, 0x00, 0x00, 0x00, 0x00, 0x00, 0x00, 0x00, 0x00, 0x00, 0x00, 0x00, 0x00, 0x00, 0x00,
    0x00, 0x00, 0x00, 0x00, 0x00, 0x00, 0x00, 0x00, 0x00, 0x00, 0x00, 0x00, 0x00, 0x00, 0x00, 0x00,
    0x00, 0x00, 0x00, 0x00, 0x00, 0x00, 0x00, 0x00, 0x00, 0x00, 0x00, 0x00, 0x00, 0x00, 0x00, 0x00,
    0x00, 0x00, 0x00, 0x00, 0x00, 0x00, 0x00, 0x00, 0x00, 0x00, 0x00, 0x00, 0x00, 0x00, 0x00, 0x00,
    0x00, 0x00, 0x00, 0x00, 0x00, 0x00, 0x00, 0x00, 0x00, 0x00, 0x00, 0x00, 0x00, 0x00, 0x00, 0x00,
    0x00, 0x00, 0x00, 0x00, 0x00, 0x00, 0x00, 0x00, 0x00, 0x00, 0x00, 0x00, 0x00, 0x00, 0x00, 0x00,
    0x00, 0x00, 0x00, 0x00, 0x00, 0x00, 0x00, 0x00, 0x00, 0x00, 0x00, 0x00, 0x00, 0x00, 0x00, 0x00,
    0x00, 0x00, 0x00, 0x00, 0x00, 0x00, 0x00, 0x00, 0x00, 0x00, 0x00, 0x00, 0x00, 0x00, 0x00, 0x00,
    0x00, 0x00, 0x00, 0x00, 0x00, 0x00, 0x00, 0x00, 0x00, 0x00, 0x00, 0x00, 0x00, 0x00, 0x00, 0x00,
    0x00, 0x00, 0x00, 0x00, 0x00, 0x00, 0x00, 0x00, 0x00, 0x00, 0x00, 0x00, 0x00, 0x00, 0x00, 0x00,
    0x00, 0x00, 0x00, 0x00, 0x00, 0x00, 0x00, 0x00, 0x00, 0x00, 0x00, 0x00, 0x00, 0x00, 0x00, 0x00,
    0x00, 0x00, 0x00, 0x00, 0x00, 0x00, 0x00, 0x00, 0x00, 0x00, 0x00, 0x00, 0x00, 0x00, 0x00, 0x00,
    0x00, 0x00, 0x00, 0x00, 0x00, 0x00, 0x00, 0x00, 0x00, 0x00, 0x00, 0x00, 0x00, 0x00, 0x00, 0x00,
    0x00, 0x00, 0x00, 0x00, 0x00, 0x00, 0x00, 0x00, 0x00, 0x00, 0x00, 0x00, 0x00, 0x00, 0x00, 0x00,
    0x00, 0x00, 0x00, 0x00, 0x00, 0x00, 0x00, 0x00, 0x00, 0x00, 0x00, 0x00, 0x00, 0x00, 0x00, 0x00,
    0x00, 0x00, 0x00, 0x00, 0x00, 0x00, 0x00, 0x00, 0x00, 0x00, 0x16, 0xac, 0xcb, 0x84, 0x00, 0x00,
    0x00, 0x00, 0x00, 0x00, 0x6e, 0xff, 0xff, 0xff, 0xfb, 0x10, 0x00, 0x00, 0x00, 0x00, 0x8f, 0xff,
    0xff, 0xff, 0xff, 0xfd, 0x20, 0x00, 0x00, 0x00, 0x4f, 0xff, 0xb4, 0x10, 0x27, 0xef, 0xfc, 0x00,
    0x00, 0x00, 0x0c, 0xff, 0xa0, 0x00, 0x00, 0x03, 0xff, 0xf4, 0x00, 0x00, 0x01, 0xff, 0xf2, 0x00,
    0x00, 0x00, 0x09, 0xff, 0x90, 0x00, 0x00, 0x4f, 0xfd, 0x00, 0x00, 0x00, 0x00, 0x5f, 0xfc, 0x00,
    0x00, 0x05, 0xff, 0xc0, 0x00, 0x00, 0x00, 0x04, 0xff, 0xd0, 0x00, 0x00, 0x4f, 0xfd, 0x00, 0x00,
    0x00, 0x00, 0x4f, 0xfc, 0x00, 0x00, 0x02, 0xff, 0xf1, 0x00, 0x00, 0x00, 0x08, 0xff, 0xa0, 0x00,
    0x00, 0x0d, 0xff, 0x90, 0x00, 0x00, 0x01, 0xef, 0xf6, 0x00, 0x00, 0x00, 0x6f, 0xff, 0x92, 0x00,
    0x04, 0xdf, 0xfd, 0x00, 0x00, 0x00, 0x00, 0xaf, 0xff, 0xfe, 0xde, 0xff, 0xfe, 0x30, 0x00, 0x00,
    0x00, 0x00, 0x9f, 0xff, 0xff, 0xff, 0xfd, 0x30, 0x00, 0x00, 0x00, 0x00, 0x00, 0x39, 0xce, 0xfe,
    0xb6, 0x00, 0x00, 0x00, 0x00, 0x00, 0x00, 0x00, 0x00, 0x00, 0x00, 0x00, 0x00, 0x00, 0x00, 0x00,
    0x00, 0x00, 0x00, 0x00, 0x00, 0x00, 0x00, 0x00, 0x00, 0x00, 0x00, 0x00, 0x00, 0x00, 0x00, 0x00,
    0x00, 0x00, 0x00, 0x00, 0x00, 0x00, 0x00, 0x00, 0x00, 0x00, 0x00, 0x00, 0x00, 0x00, 0x00, 0x00,
    0x00, 0x00, 0x00, 0x00, 0x00, 0x00, 0x00, 0x00, 0x00, 0x00, 0x00, 0x00, 0x00, 0x00, 0x00, 0x00,
    0x00, 0x00, 0x00, 0x00, 0x00, 0x00, 0x00, 0x00, 0x00, 0x00, 0x00, 0x00, 0x00, 0x00, 0x00, 0x00,
    0x00, 0x00, 0x00, 0x00, 0x00, 0x00, 0x00, 0x00, 0x00, 0x00, 0x00, 0x00, 0x00, 0x00, 0x00, 0x00,
    0x00, 0x00, 0x00, 0x00, 0x00, 0x00, 0x00, 0x00, 0x00, 0x00, 0x00, 0x00, 0x00, 0x00, 0x00, 0x00,
    0x00, 0x00, 0x00, 0x00, 0x00, 0x00, 0x00, 0x00, 0x00, 0x00, 0x00, 0x00, 0x00, 0x00, 0x00, 0x00,
    0x00, 0x00, 0x00, 0x00, 0x00, 0x00, 0x00, 0x00, 0x00, 0x00, 0x00, 0x00, 0x00, 0x00, 0x00, 0x00,
    0x00, 0x00, 0x00, 0x00, 0x00, 0x00, 0x00, 0x00, 0x00, 0x00, 0x00, 0x00, 0x00, 0x00, 0x00, 0x00,
    0x00, 0x00, 0x00, 0x00, 0x00, 0x00, 0x00, 0x00, 0x00, 0x00, 0x00, 0x00, 0x00, 0x00, 0x00, 0x00,
    0x00, 0x00, 0x00, 0x00, 0x00, 0x00, 0x00, 0x00, 0x00, 0x00, 0x00, 0x00, 0x00, 0x00, 0x00, 0x00,
    0x00, 0x00, 0x00, 0x00, 0x00, 0x00, 0x00, 0x00, 0x00, 0x00, 0x00, 0x00, 0x00, 0x00, 0x00, 0x00,
    0x00, 0x00, 0x00, 0x00, 0x00, 0x00, 0x00, 0x00, 0x00, 0x00, 0x00, 0x00, 0x01, 0xff, 0xf6, 0x00,
    0x00, 0x00, 0x00, 0x00, 0x00, 0x00, 0x00, 0x00, 0x00, 0x00, 0x1f, 0xff, 0x60, 0x00, 0x00, 0x00,
    0x00, 0x00, 0x00, 0x00, 0x00, 0x00, 0x00, 0x01, 0xff, 0xf6, 0x00, 0x00, 0x00, 0x00, 0x00, 0x00,
    0x00, 0x00, 0x00, 0x00, 0x00, 0x1f, 0xff, 0x60, 0x00, 0x00, 0x00, 0x00, 0x00, 0x00, 0x00, 0x00,
    0x00, 0x00, 0x01, 0xff, 0xf6, 0x00, 0x00, 0x00, 0x00, 0x00, 0x00, 0x00, 0x00, 0x00, 0x00, 0x00,
    0x1f, 0xff, 0x60, 0x00, 0x00, 0x00, 0x00, 0x00, 0x00, 0x00, 0x00, 0x00, 0x00, 0x01, 0xff, 0xf6,
    0x00, 0x00, 0x00, 0x00, 0x00, 0x00, 0x00, 0x00, 0x00, 0x00, 0x00, 0x1f, 0xff, 0x60, 0x00, 0x00,
    0x00, 0x00, 0x00, 0x00, 0x00, 0x00, 0x00, 0x00, 0x01, 0xff, 0xf6, 0x00, 0x00, 0x00, 0x00, 0x00,
    0x00, 0x04, 0x77, 0x77, 0x77, 0x77, 0x8f, 0xff, 0xa7, 0x77, 0x77, 0x77, 0x77, 0x00, 0x00, 0x9f,
    0xff, 0xff, 0xff, 0xff, 0xff, 0xff, 0xff, 0xff, 0xff, 0xff, 0xe0, 0x00, 0x09, 0xff, 0xff, 0xff,
    0xff, 0xff, 0xff, 0xff, 0xff, 0xff, 0xff, 0xfe, 0x00, 0x00, 0x9f, 0xff, 0xff, 0xff, 0xff, 0xff,
    0xff, 0xff, 0xff, 0xff, 0xff, 0xe0, 0x00, 0x00, 0x00, 0x00, 0x00, 0x00, 0x1f, 0xff, 0x60, 0x00,
    0x00, 0x00, 0x00, 0x00, 0x00, 0x00, 0x00, 0x00, 0x00, 0x01, 0xff, 0xf6, 0x00, 0x00, 0x00, 0x00,
    0x00, 0x00, 0x00, 0x00, 0x00, 0x00, 0x00, 0x1f, 0xff, 0x60, 0x00, 0x00, 0x00, 0x00, 0x00, 0x00,
    0x00, 0x00, 0x00, 0x00, 0x01, 0xff, 0xf6, 0x00, 0x00, 0x00, 0x00, 0x00, 0x00, 0x00, 0x00, 0x00,
    0x00, 0x00, 0x1f, 0xff, 0x60, 0x00, 0x00, 0x00, 0x00, 0x00, 0x00, 0x00, 0x00, 0x00, 0x00, 0x01,
    0xff, 0xf6, 0x00, 0x00, 0x00, 0x00, 0x00, 0x00, 0x00, 0x00, 0x00, 0x00, 0x00, 0x1f, 0xff, 0x60,
    0x00, 0x00, 0x00, 0x00, 0x00, 0x00, 0x00, 0x00, 0x00, 0x00, 0x01, 0xff, 0xf6, 0x00, 0x00, 0x00,
    0x00, 0x00, 0x00, 0x00, 0x00, 0x00, 0x00, 0x00, 0x1f, 0xff, 0x60, 0x00, 0x00, 0x00, 0x00, 0x00,
    0x00, 0x00, 0x00, 0x00, 0x00, 0x01, 0xff, 0xf6, 0x00, 0x00, 0x00, 0x00, 0x00, 0x00, 0x00, 0x00,
    0x00, 0x00, 0x00, 0x00, 0x00, 0x00, 0x00, 0x00, 0x00, 0x00, 0x00, 0x00, 0x47, 0x77, 0x77, 0x77,
    0x77, 0x77, 0x77, 0x77, 0x77, 0x77, 0x77, 0x70, 0x00, 0x09, 0xff, 0xff, 0xff, 0xff, 0xff, 0xff,
    0xff, 0xff, 0xff, 0xff, 0xff, 0x00, 0x00, 0x9f, 0xff, 0xff, 0xff, 0xff, 0xff, 0xff, 0xff, 0xff,
    0xff, 0xff, 0xf0, 0x00, 0x09, 0xff, 0xff, 0xff, 0xff, 0xff, 0xff, 0xff, 0xff, 0xff, 0xff, 0xff,
    0x00, 0x00, 0x00, 0x39, 0xde, 0xfd, 0xb5, 0x00, 0x00, 0x00, 0x02, 0xbf, 0xff, 0xff, 0xff, 0xfc,
    0x10, 0x00, 0x04, 0xef, 0xff, 0xff, 0xff, 0xff, 0xfc, 0x00, 0x00, 0x2e, 0xff, 0x83, 0x00, 0x4c,
    0xff, 0xf5, 0x00, 0x00, 0x5b, 0x20, 0x00, 0x00, 0x1e, 0xff, 0x90, 0x00, 0x00, 0x00, 0x00, 0x00,
    0x00, 0xbf, 0xfb, 0x00, 0x00, 0x00, 0x00, 0x00, 0x00, 0x0b, 0xff, 0xa0, 0x00, 0x00, 0x00, 0x00,
    0x00, 0x00, 0xdf, 0xf7, 0x00, 0x00, 0x00, 0x00, 0x00, 0x00, 0x5f, 0xff, 0x20, 0x00, 0x00, 0x00,
    0x00, 0x00, 0x1d, 0xff, 0x90, 0x00, 0x00, 0x00, 0x00, 0x00, 0x0b, 0xff, 0xc0, 0x00, 0x00, 0x00,
    0x00, 0x00, 0x0a, 0xff, 0xd2, 0x00, 0x00, 0x00, 0x00, 0x00, 0x0a, 0xff, 0xe2, 0x00, 0x00, 0x00,
    0x00, 0x00, 0x0b, 0xff, 0xe2, 0x00, 0x00, 0x00, 0x00, 0x00, 0x1b, 0xff, 0xd2, 0x00, 0x00, 0x00,
    0x00, 0x00, 0x1c, 0xff, 0xd2, 0x00, 0x00, 0x00, 0x00, 0x00, 0x1c, 0xff, 0xd2, 0x00, 0x00, 0x00,
    0x00, 0x00, 0x1c, 0xff, 0xc1, 0x00, 0x00, 0x00, 0x00, 0x00, 0x0b, 0xff, 0xff, 0xff, 0xff, 0xff,
    0xff, 0xa0, 0x00, 0xdf, 0xff, 0xff, 0xff, 0xff, 0xff, 0xfa, 0x00, 0x0d, 0xff, 0xff, 0xff, 0xff,
    0xff, 0xff, 0xa0, 0x00, 0x00, 0x00, 0x00, 0x00, 0x00, 0x00, 0x00, 0x00, 0x00, 0x00, 0x00, 0x00,
    0x00, 0x00, 0x00, 0x00, 0x00, 0x00, 0x00, 0x00, 0x00, 0x00, 0x00, 0x00, 0x00, 0x00, 0x00, 0x00,
    0x00, 0x00, 0x00, 0x00, 0x00, 0x00, 0x00, 0x00, 0x00, 0x00, 0x00, 0x00, 0x00, 0x00, 0x00, 0x00,
    0x00, 0x00, 0x00, 0x00, 0x00, 0x00, 0x00, 0x00, 0x00, 0x00, 0x00, 0x00, 0x00, 0x00, 0x00, 0x00,
    0x00, 0x00, 0x00, 0x00, 0x00, 0x00, 0x00, 0x00, 0x00, 0x00, 0x00, 0x00, 0x00, 0x00, 0x00, 0x00,
    0x00, 0x00, 0x00, 0x00, 0x00, 0x00, 0x00, 0x00, 0x00, 0x00, 0x00, 0x00, 0x00, 0x00, 0x00, 0x00,
    0x00, 0x00, 0x00, 0x00, 0x00, 0x00, 0x00, 0x00, 0x00, 0x00, 0x00, 0x00, 0x00, 0x00, 0x00, 0x00,
    0x00, 0x00, 0x00, 0x00, 0x00, 0x00, 0x00, 0x00, 0x00, 0x00, 0x00, 0x00, 0x00, 0x00, 0x00, 0x00,
    0x00, 0x00, 0x00, 0x00, 0x00, 0x00, 0x00, 0x00, 0x00, 0x00, 0x00, 0x00, 0x00, 0x00, 0x00, 0x00,
    0x00, 0x00, 0x00, 0x00, 0x00, 0x00, 0x00, 0x00, 0x00, 0x00, 0x00, 0x00, 0x00, 0x00, 0x00, 0x00,
    0x00, 0x00, 0x00, 0x00, 0x00, 0x00, 0x00, 0x00, 0x00, 0x00, 0x00, 0x00, 0x00, 0x00, 0x00, 0x01,
    0x7b, 0xde, 0xfe, 0xb7, 0x10, 0x00, 0x00, 0x08, 0xef, 0xff, 0xff, 0xff, 0xfe, 0x30, 0x00, 0x0c,
    0xff, 0xff, 0xff, 0xff, 0xff, 0xfe, 0x20, 0x00, 0x4f, 0xfa, 0x51, 0x00, 0x3b, 0xff, 0xf8, 0x00,
    0x00, 0x41, 0x00, 0x00, 0x00, 0x0d, 0xff, 0xb0, 0x00, 0x00, 0x00, 0x00, 0x00, 0x00, 0xbf, 0xfb,
    0x00, 0x00, 0x00, 0x00, 0x00, 0x00, 0x2e, 0xff, 0x70, 0x00, 0x00, 0x00, 0x00, 0x02, 0x6d, 0xff,
    0xd1, 0x00, 0x00, 0x01, 0xff, 0xff, 0xff, 0xff, 0xc2, 0x00, 0x00, 0x00, 0x1f, 0xff, 0xff, 0xff,
    0xa1, 0x00, 0x00, 0x00, 0x01, 0xff, 0xff, 0xff, 0xff, 0xf7, 0x00, 0x00, 0x00, 0x00, 0x00, 0x12,
    0x6c, 0xff, 0xf8, 0x00, 0x00, 0x00, 0x00, 0x00, 0x00, 0x0a, 0xff, 0xf1, 0x00, 0x00, 0x00, 0x00,
    0x00, 0x00, 0x3f, 0xff, 0x50, 0x00, 0x00, 0x00, 0x00, 0x00, 0x01, 0xff, 0xf6, 0x00, 0x00, 0x00,
    0x00, 0x00, 0x00, 0x3f, 0xff, 0x50, 0x25, 0x00, 0x00, 0x00, 0x00, 0x0b, 0xff, 0xf1, 0x03, 0xfd,
    0x84, 0x20, 0x01, 0x4b, 0xff, 0xfa, 0x00, 0x3f, 0xff, 0xff, 0xff, 0xff, 0xff, 0xfd, 0x20, 0x02,
    0xdf, 0xff, 0xff, 0xff, 0xff, 0xfc, 0x20, 0x00, 0x00, 0x49, 0xce, 0xff, 0xec, 0x94, 0x00, 0x00,
    0x00, 0x00, 0x00, 0x00, 0x00, 0x00, 0x00, 0x00, 0x00, 0x00, 0x00, 0x00, 0x00, 0x00, 0x00, 0x00,
    0x00, 0x00, 0x00, 0x00, 0x00, 0x00, 0x00, 0x00, 0x00, 0x00, 0x00, 0x00, 0x00, 0x00, 0x00, 0x00,
    0x00, 0x00, 0x00, 0x00, 0x00, 0x00, 0x00, 0x00, 0x00, 0x00, 0x00, 0x00, 0x00, 0x00, 0x00, 0x00,
    0x00, 0x00, 0x00, 0x00, 0x00, 0x00, 0x00, 0x00, 0x00, 0x00, 0x00, 0x00, 0x00, 0x00, 0x00, 0x00,
    0x00, 0x00, 0x00, 0x00, 0x00, 0x00, 0x00, 0x00, 0x00, 0x00, 0x00, 0x00, 0x00, 0x00, 0x00, 0x00,
    0x00, 0x00, 0x00, 0x00, 0x00, 0x00, 0x00, 0x00, 0x00, 0x00, 0x00, 0x00, 0x00, 0x00, 0x00, 0x00,
    0x00, 0x00, 0x00, 0x00, 0x00, 0x00, 0x00, 0x00, 0x00, 0x00, 0x00, 0x00, 0x00, 0x00, 0x00, 0x00,
    0x00, 0x00, 0x00, 0x00, 0x00, 0x00, 0x00, 0x00, 0x00, 0x00, 0x00, 0x00, 0x00, 0x00, 0x00, 0x00,
    0x00, 0x00, 0x00, 0x00, 0x00, 0x00, 0x00, 0x00, 0x00, 0x00, 0x00, 0x00, 0x00, 0x00, 0x00, 0x00,
    0x00, 0x00, 0x00, 0x00, 0x00, 0x00, 0x00, 0x00, 0x00, 0x00, 0x00, 0x00, 0x00, 0x00, 0x00, 0x00,
    0x00, 0x00, 0x00, 0x00, 0x00, 0x00, 0x00, 0x00, 0x00, 0x00, 0x00, 0x00, 0x00, 0x00, 0x58, 0x88,
    0x84, 0x00, 0x00, 0x00, 0x2e, 0xff, 0xff, 0x30, 0x00, 0x00, 0x0a, 0xff, 0xff, 0x50, 0x00, 0x00,
    0x05, 0xff, 0xff, 0x70, 0x00, 0x00, 0x01, 0xef, 0xff, 0x70, 0x00, 0x00, 0x00, 0xaf, 0xff, 0x80,
    0x00, 0x00, 0x00, 0x5f, 0xff, 0x70, 0x00, 0x00, 0x00, 0x1e, 0xff, 0x50, 0x00, 0x00, 0x00, 0x00,
    0x00, 0x00, 0x00, 0x00, 0x00, 0x00, 0x00, 0x00, 0x00, 0x00, 0x00, 0x00, 0x00, 0x00, 0x00, 0x00,
    0x00, 0x00, 0x00, 0x00, 0x00, 0x00, 0x00, 0x00, 0x00, 0x00, 0x00, 0x00, 0x00, 0x00, 0x00, 0x00,
    0x00, 0x00, 0x00, 0x00, 0x00, 0x00, 0x00, 0x00, 0x00, 0x00, 0x00, 0x00, 0x00, 0x00, 0x00, 0x00,
    0x00, 0x00, 0x00, 0x00, 0x00, 0x00, 0x00, 0x00, 0x00, 0x00, 0x00, 0x00, 0x00, 0x00, 0x00, 0x00,
    0x00, 0x00, 0x00, 0x00, 0x00, 0x00, 0x00, 0x00, 0x00, 0x00, 0x00, 0x00, 0x00, 0x00, 0x00, 0x00,
    0x00, 0x00, 0x00, 0x00, 0x00, 0x00, 0x00, 0x00, 0x00, 0x00, 0x00, 0x00, 0x00, 0x00, 0x00, 0x00,
    0x00, 0x00, 0x00, 0x00, 0x00, 0x00, 0x00, 0x00, 0x00, 0x00, 0x00, 0x00, 0x00, 0x00, 0x00, 0x00,
    0x00, 0x00, 0x00, 0x00, 0x00, 0x00, 0x00, 0x00, 0x00, 0x00, 0x00, 0x00, 0x00, 0x00, 0x00, 0x00,
    0x00, 0x00, 0x00, 0x00, 0x00, 0x00, 0x00, 0x00, 0x00, 0x00, 0x00, 0x00, 0x00, 0x00, 0x00, 0x00,
    0x00, 0x00, 0x00, 0x00, 0x00, 0x00, 0x00, 0x00, 0x00, 0x00, 0x00, 0x00, 0x00, 0x00, 0x00, 0x00,
    0x00, 0x00, 0x00, 0x00, 0x00, 0x00, 0x00, 0x00, 0x00, 0x00, 0x00, 0x00, 0x00, 0x00, 0x00, 0x00,
    0x00, 0x00, 0x00, 0x00, 0x00, 0x00, 0x00, 0x00, 0x00, 0x00, 0x00, 0x00, 0x00, 0x00, 0xef, 0xff,
    0x40, 0x00, 0x00, 0x00, 0x00, 0x00, 0x06, 0xff, 0xfc, 0x00, 0x00, 0x00, 0x00, 0xef, 0xff, 0x40,
    0x00, 0x00, 0x00, 0x00, 0x00, 0x06, 0xff, 0xfc, 0x00, 0x00, 0x00, 0x00, 0xef, 0xff, 0x40, 0x00,
    0x00, 0x00, 0x00, 0x00, 0x06, 0xff, 0xfc, 0x00, 0x00, 0x00, 0x00, 0xef, 0xff, 0x40, 0x00, 0x00,
    0x00, 0x00, 0x00, 0x06, 0xff, 0xfc, 0x00, 0x00, 0x00, 0x00, 0xef, 0xff, 0x40, 0x00, 0x00, 0x00,
    0x00, 0x00, 0x06, 0xff, 0xfc, 0x00, 0x00, 0x00, 0x00, 0xef, 0xff, 0x40, 0x00, 0x00, 0x00, 0x00,
    0x00, 0x06, 0xff, 0xfc, 0x00, 0x00, 0x00, 0x00, 0xef, 0xff, 0x40, 0x00, 0x00, 0x00, 0x00, 0x00,
    0x06, 0xff, 0xfc, 0x00, 0x00, 0x00, 0x00, 0xef, 0xff, 0x40, 0x00, 0x00, 0x00, 0x00, 0x00, 0x06,
    0xff, 0xfc, 0x00, 0x00, 0x00, 0x00, 0xef, 0xff, 0x40, 0x00, 0x00, 0x00, 0x00, 0x00, 0x06, 0xff,
    0xfc, 0x00, 0x00, 0x00, 0x00, 0xef, 0xff, 0x40, 0x00, 0x00, 0x00, 0x00, 0x00, 0x06, 0xff, 0xfc,
    0x00, 0x00, 0x00, 0x00, 0xef, 0xff, 0x40, 0x00, 0x00, 0x00, 0x00, 0x00, 0x06, 0xff, 0xfc, 0x00,
    0x00, 0x00, 0x00, 0xef, 0xff, 0x40, 0x00, 0x00, 0x00, 0x00, 0x00, 0x06, 0xff, 0xfc, 0x00, 0x00,
    0x00, 0x00, 0xef, 0xff, 0x40, 0x00, 0x00, 0x00, 0x00, 0x00, 0x06, 0xff, 0xfc, 0x00, 0x00, 0x00,
    0x00, 0xef, 0xff, 0x40, 0x00, 0x00, 0x00, 0x00, 0x00, 0x06, 0xff, 0xfc, 0x00, 0x00, 0x00, 0x00,
    0xef, 0xff, 0x40, 0x00, 0x00, 0x00, 0x00, 0x00, 0x07, 0xff, 0xfc, 0x00, 0x00, 0x00, 0x00, 0xef,
    0xff, 0x40, 0x00, 0x00, 0x00, 0x00, 0x00, 0x08, 0xff, 0xfc, 0x00, 0x00, 0x00, 0x00, 0xef, 0xff,
    0x50, 0x00, 0x00, 0x00, 0x00, 0x00, 0x0a, 0xff, 0xfc, 0x00, 0x00, 0x00, 0x00, 0xef, 0xff, 0x50,
    0x00, 0x00, 0x00, 0x00, 0x00, 0x0d, 0xff, 0xfc, 0x00, 0x00, 0x00, 0x00, 0xef, 0xff, 0x80, 0x00,
    0x00, 0x00, 0x00, 0x00, 0x3f, 0xff, 0xfc, 0x00, 0x00, 0x00, 0x00, 0xef, 0xff, 0xc0, 0x00, 0x00,
    0x00, 0x00, 0x00, 0xaf, 0xff, 0xfc, 0x00, 0x00, 0x00, 0x00, 0xef, 0xff, 0xf5, 0x00, 0x00, 0x00,
    0x00, 0x06, 0xff, 0xff, 0xfc, 0x00, 0x00, 0x00, 0x00, 0xef, 0xff, 0xff, 0x60, 0x00, 0x00, 0x01,
    0x8f, 0xff, 0xff, 0xfc, 0x00, 0x00, 0x00, 0x00, 0xef, 0xff, 0xff, 0xfd, 0xa8, 0x89, 0xbf, 0xff,
    0xe6, 0xff, 0xfc, 0x00, 0x00, 0x00, 0x00, 0xef, 0xff, 0xff, 0xff, 0xff, 0xff, 0xff, 0xff, 0x50,
    0xff, 0xfc, 0x00, 0x00, 0x00, 0x00, 0xef, 0xff, 0x6d, 0xff, 0xff, 0xff, 0xff, 0xd3, 0x00, 0xdf,
    0xfc, 0x00, 0x00, 0x00, 0x00, 0xef, 0xff, 0x31, 0x6b, 0xef, 0xec, 0xa5, 0x00, 0x00, 0xaf, 0xfc,
    0x00, 0x00, 0x00, 0x00, 0xef, 0xff, 0x30, 0x00, 0x00, 0x00, 0x00, 0x00, 0x00, 0x00, 0x00, 0x00,
    0x00, 0x00, 0x00, 0xef, 0xff, 0x40, 0x00, 0x00, 0x00, 0x00, 0x00, 0x00, 0x00, 0x00, 0x00, 0x00,
    0x00, 0x00, 0xef, 0xff, 0x40, 0x00, 0x00, 0x00, 0x00, 0x00, 0x00, 0x00, 0x00, 0x00, 0x00, 0x00,
    0x00, 0xef, 0xff, 0x40, 0x00, 0x00, 0x00, 0x00, 0x00, 0x00, 0x00, 0x00, 0x00, 0x00, 0x00, 0x00,
    0xef, 0xff, 0x40, 0x00, 0x00, 0x00, 0x00, 0x00, 0x00, 0x00, 0x00, 0x00, 0x00, 0x00, 0x00, 0xef,
    0xff, 0x40, 0x00, 0x00, 0x00, 0x00, 0x00, 0x00, 0x00, 0x00, 0x00, 0x00, 0x00, 0x00, 0xef, 0xff,
    0x40, 0x00, 0x00, 0x00, 0x00, 0x00, 0x00, 0x00, 0x00, 0x00, 0x00, 0x00, 0x00, 0xef, 0xff, 0x40,
    0x00, 0x00, 0x00, 0x00, 0x00, 0x00, 0x00, 0x00, 0x00, 0x00, 0x00, 0x00, 0xef, 0xff, 0x40, 0x00,
    0x00, 0x00, 0x00, 0x00, 0x00, 0x00, 0x00, 0x00, 0x00, 0x00, 0x00, 0xef, 0xff, 0x40, 0x00, 0x00,
    0x00, 0x00, 0x00, 0x00, 0x00, 0x00, 0x00, 0x00, 0x00, 0x00, 0xef, 0xff, 0x40, 0x00, 0x00, 0x00,
    0x00, 0x00, 0x00, 0x00, 0x00, 0x00, 0x00, 0x00, 0x00, 0x00, 0x00, 0x16, 0x9b, 0xcd, 0xdd, 0xdd,
    0xdd, 0xdd, 0xdd, 0xdd, 0x50, 0x00, 0x00, 0x00, 0x00, 0x02, 0x9f, 0xff, 0xff, 0xff, 0xff, 0xff,
    0xff, 0xff, 0xff, 0xf5, 0x00, 0x00, 0x00, 0x00, 0x03, 0xef, 0xff, 0xff, 0xff, 0xff, 0xff, 0xff,
    0xff, 0xff, 0xff, 0x50, 0x00, 0x00, 0x00, 0x02, 0xef, 0xff, 0xff, 0xff, 0xff, 0xff, 0xfa, 0x00,
    0x00, 0x7f, 0xf5, 0x00, 0x00, 0x00, 0x00, 0xbf, 0xff, 0xff, 0xff, 0xff, 0xff, 0xff, 0xa0, 0x00,
    0x07, 0xff, 0x50, 0x00, 0x00, 0x00, 0x4f, 0xff, 0xff, 0xff, 0xff, 0xff, 0xff, 0xfa, 0x00, 0x00,
    0x7f, 0xf5, 0x00, 0x00, 0x00, 0x0a, 0xff, 0xff, 0xff, 0xff, 0xff, 0xff, 0xff, 0xa0, 0x00, 0x07,
    0xff, 0x50, 0x00, 0x00, 0x00, 0xdf, 0xff, 0xff, 0xff, 0xff, 0xff, 0xff, 0xfa, 0x00, 0x00, 0x7f,
    0xf5, 0x00, 0x00, 0x00, 0x1f, 0xff, 0xff, 0xff, 0xff, 0xff, 0xff, 0xff, 0xa0, 0x00, 0x07, 0xff,
    0x50, 0x00, 0x00, 0x03, 0xff, 0xff, 0xff, 0xff, 0xff, 0xff, 0xff, 0xfa, 0x00, 0x00, 0x7f, 0xf5,
    0x00, 0x00, 0x00, 0x4f, 0xff, 0xff, 0xff, 0xff, 0xff, 0xff, 0xff, 0xa0, 0x00, 0x07, 0xff, 0x50,
    0x00, 0x00, 0x05, 0xff, 0xff, 0xff, 0xff, 0xff, 0xff, 0xff, 0xfa, 0x00, 0x00, 0x7f, 0xf5, 0x00,
    0x00, 0x00, 0x5f, 0xff, 0xff, 0xff, 0xff, 0xff, 0xff, 0xff, 0xa0, 0x00, 0x07, 0xff, 0x50, 0x00,
    0x00, 0x05, 0xff, 0xff, 0xff, 0xff, 0xff, 0xff, 0xff, 0xfa, 0x00, 0x00, 0x7f, 0xf5, 0x00, 0x00,
    0x00, 0x4f, 0xff, 0xff, 0xff, 0xff, 0xff, 0xff, 0xff, 0xa0, 0x00, 0x07, 0xff, 0x50, 0x00, 0x00,
    0x02, 0xff, 0xff, 0xff, 0xff, 0xff, 0xff, 0xff, 0xfa, 0x00, 0x00, 0x7f, 0xf5, 0x00, 0x00, 0x00,
    0x0e, 0xff, 0xff, 0xff, 0xff, 0xff, 0xff, 0xff, 0xa0, 0x00, 0x07, 0xff, 0x50, 0x00, 0x00, 0x00,
    0xbf, 0xff, 0xff, 0xff, 0xff, 0xff, 0xff, 0xfa, 0x00, 0x00, 0x7f, 0xf5, 0x00, 0x00, 0x00, 0x06,
    0xff, 0xff, 0xff, 0xff, 0xff, 0xff, 0xff, 0xa0, 0x00, 0x07, 0xff, 0x50, 0x00, 0x00, 0x00, 0x1d,
    0xff, 0xff, 0xff, 0xff, 0xff, 0xff, 0xfa, 0x00, 0x00, 0x7f, 0xf5, 0x00, 0x00, 0x00, 0x00, 0x5f,
    0xff, 0xff, 0xff, 0xff, 0xff, 0xff, 0xa0, 0x00, 0x07, 0xff, 0x50, 0x00, 0x00, 0x00, 0x00, 0x7f,
    0xff, 0xff, 0xff, 0xff, 0xff, 0xfa, 0x00, 0x00, 0x7f, 0xf5, 0x00, 0x00, 0x00, 0x00, 0x00, 0x5d,
    0xff, 0xff, 0xff, 0xff, 0xff, 0xa0, 0x00, 0x07, 0xff, 0x50, 0x00, 0x00, 0x00, 0x00, 0x00, 0x04,
    0x9b, 0xdd, 0xdb, 0x9f, 0xfa, 0x00, 0x00, 0x7f, 0xf5, 0x00, 0x00, 0x00, 0x00, 0x00, 0x00, 0x00,
    0x00, 0x00, 0x02, 0xff, 0xa0, 0x00, 0x07, 0xff, 0x50, 0x00, 0x00, 0x00, 0x00, 0x00, 0x00, 0x00,
    0x00, 0x00, 0x2f, 0xfa, 0x00, 0x00, 0x7f, 0xf5, 0x00, 0x00, 0x00, 0x00, 0x00, 0x00, 0x00, 0x00,
    0x00, 0x02, 0xff, 0xa0, 0x00, 0x07, 0xff, 0x50, 0x00, 0x00, 0x00, 0x00, 0x00, 0x00, 0x00, 0x00,
    0x00, 0x2f, 0xfa, 0x00, 0x00, 0x7f, 0xf5, 0x00, 0x00, 0x00, 0x00, 0x00, 0x00, 0x00, 0x00, 0x00,
    0x02, 0xff, 0xa0, 0x00, 0x07, 0xff, 0x50, 0x00, 0x00, 0x00, 0x00, 0x00, 0x00, 0x00, 0x00, 0x00,
    0x2f, 0xfa, 0x00, 0x00, 0x7f, 0xf5, 0x00, 0x00, 0x00, 0x00, 0x00, 0x00, 0x00, 0x00, 0x00, 0x02,
    0xff, 0xa0, 0x00, 0x07, 0xff, 0x50, 0x00, 0x00, 0x00, 0x00, 0x00, 0x00, 0x00, 0x00, 0x00, 0x2f,
    0xfa, 0x00, 0x00, 0x7f, 0xf5, 0x00, 0x00, 0x00, 0x00, 0x00, 0x00, 0x00, 0x00, 0x00, 0x02, 0xff,
    0xa0, 0x00, 0x07, 0xff, 0x50, 0x00, 0x00, 0x00, 0x00, 0x00, 0x00, 0x00, 0x00, 0x00, 0x2f, 0xfa,
    0x00, 0x00, 0x7f, 0xf5, 0x00, 0x00, 0x00, 0x00, 0x00, 0x00, 0x00, 0x00, 0x00, 0x02, 0xff, 0xa0,
    0x00, 0x07, 0xff, 0x50, 0x00, 0x00, 0x00, 0x00, 0x00, 0x00, 0x00, 0x00, 0x00, 0x2f, 0xfa, 0x00,
    0x00, 0x7f, 0xf5, 0x00, 0x00, 0x00, 0x00, 0x00, 0x00, 0x00, 0x00, 0x00, 0x02, 0xff, 0xa0, 0x00,
    0x07, 0xff, 0x50, 0x00, 0x00, 0x00, 0x00, 0x00, 0x00, 0x00, 0x00, 0x00, 0x2f, 0xfa, 0x00, 0x00,
    0x7f, 0xf5, 0x00, 0x00, 0x00, 0x00, 0x00, 0x00, 0x00, 0x00, 0x00, 0x02, 0xff, 0xa0, 0x00, 0x07,
    0xff, 0x50, 0x00, 0x00, 0x00, 0x00, 0x00, 0x00, 0x00, 0x00, 0x00, 0x2f, 0xfa, 0x00, 0x00, 0x7f,
    0xf5, 0x00, 0x00, 0x00, 0x00, 0x00, 0x00, 0x00, 0x00, 0x00, 0x02, 0xff, 0xa0, 0x00, 0x07, 0xff,
    0x50, 0x00, 0x00, 0x00, 0x00, 0x00, 0x00, 0x00, 0x00, 0x00, 0x2f, 0xfa, 0x00, 0x00, 0x7f, 0xf5,
    0x00, 0x00, 0x00, 0x00, 0x00, 0x00, 0x00, 0x00, 0x00, 0x01, 0x77, 0x50, 0x00, 0x03, 0x77, 0x30,
    0x00, 0x00, 0x00, 0x00, 0x6d, 0xec, 0x40, 0x00, 0x00, 0x00, 0x3f, 0xff, 0xfe, 0x20, 0x00, 0x00,
    0x07, 0xff, 0xff, 0xf5, 0x00, 0x00, 0x00, 0x7f, 0xff, 0xff, 0x50, 0x00, 0x00, 0x03, 0xff, 0xff,
    0xe1, 0x00, 0x00, 0x00, 0x05, 0xde, 0xc4, 0x00, 0x00, 0x00, 0x00, 0x00, 0x00, 0x00, 0x00, 0x00,
    0x00, 0x00, 0x00, 0x00, 0x00, 0x00, 0x00, 0x00, 0x00, 0x00, 0x00, 0x00, 0x00, 0x00, 0x00, 0x00,
    0x00, 0x00, 0x00, 0x00, 0x00, 0x00, 0x00, 0x00, 0x00, 0x00, 0x00, 0x00, 0x00, 0x00, 0x00, 0x00,
    0x00, 0x00, 0x00, 0x00, 0x00, 0x00, 0x00, 0x00, 0x00, 0x00, 0x00, 0x00, 0x00, 0x00, 0x00, 0x00,
    0x00, 0x00, 0x00, 0x00, 0x00, 0x00, 0x00, 0x00, 0x00, 0x00, 0x00, 0x00, 0x00, 0x00, 0x00, 0x00,
    0x00, 0x00, 0x00, 0x00, 0x00, 0x00, 0x00, 0x00, 0x00, 0x00, 0x00, 0x00, 0x00, 0x00, 0x00, 0x00,
    0x00, 0x00, 0x00, 0x00, 0x00, 0x00, 0x58, 0x81, 0x00, 0x00, 0x00, 0x1e, 0xfc, 0x00, 0x00, 0x00,
    0x08, 0xff, 0x40, 0x00, 0x00, 0x01, 0xef, 0xfb, 0x60, 0x00, 0x00, 0x5d, 0xff, 0xff, 0xc2, 0x00,
    0x00, 0x02, 0x8f, 0xff, 0xc0, 0x00, 0x00, 0x00, 0x7f, 0xff, 0x10, 0x00, 0x00, 0x05, 0xff, 0xf2,
    0x00, 0x00, 0x00, 0xbf, 0xfe, 0x04, 0xba, 0xab, 0xef, 0xff, 0x80, 0x5f, 0xff, 0xff, 0xff, 0x90,
    0x04, 0xef, 0xfe, 0xc9, 0x30, 0x00, 0x00, 0x00, 0x00, 0x19, 0xff, 0xf8, 0x00, 0x00, 0x00, 0x00,
    0x00, 0x3d, 0xff, 0xff, 0x80, 0x00, 0x00, 0x00, 0x00, 0x6e, 0xff, 0xff, 0xf8, 0x00, 0x00, 0x00,
    0x01, 0xaf, 0xff, 0xdc, 0xff, 0x80, 0x00, 0x00, 0x01, 0xdf, 0xff, 0xb1, 0xcf, 0xf8, 0x00, 0x00,
    0x00, 0x09, 0xff, 0x70, 0x0d, 0xff, 0x80, 0x00, 0x00, 0x00, 0x1b, 0x40, 0x00, 0xdf, 0xf8, 0x00,
    0x00, 0x00, 0x00, 0x00, 0x00, 0x0d, 0xff, 0x80, 0x00, 0x00, 0x00, 0x00, 0x00, 0x00, 0xdf, 0xf8,
    0x00, 0x00, 0x00, 0x00, 0x00, 0x00, 0x0d, 0xff, 0x80, 0x00, 0x00, 0x00, 0x00, 0x00, 0x00, 0xdf,
    0xf8, 0x00, 0x00, 0x00, 0x00, 0x00, 0x00, 0x0d, 0xff, 0x80, 0x00, 0x00, 0x00, 0x00, 0x00, 0x00,
    0xdf, 0xf8, 0x00, 0x00, 0x00, 0x00, 0x00, 0x00, 0x0d, 0xff, 0x80, 0x00, 0x00, 0x00, 0x00, 0x00,
    0x00, 0xdf, 0xf8, 0x00, 0x00, 0x00, 0x00, 0x00, 0x00, 0x0d, 0xff, 0x80, 0x00, 0x00, 0x00, 0x00,
    0x00, 0x00, 0xdf, 0xf8, 0x00, 0x00, 0x00, 0x00, 0x00, 0x00, 0x0d, 0xff, 0x80, 0x00, 0x00, 0x00,
    0x00, 0x00, 0x00, 0xdf, 0xf8, 0x00, 0x00, 0x00, 0x00, 0x00, 0x00, 0x0d, 0xff, 0x80, 0x00, 0x00,
    0x00, 0x00, 0x00, 0x00, 0xdf, 0xf8, 0x00, 0x00, 0x00, 0x00, 0x00, 0x00, 0x00, 0x00, 0x00, 0x00,
    0x00, 0x00, 0x00, 0x00, 0x00, 0x00, 0x00, 0x00, 0x00, 0x00, 0x00, 0x00, 0x00, 0x00, 0x00, 0x00,
    0x00, 0x00, 0x00, 0x00, 0x00, 0x00, 0x00, 0x00, 0x00, 0x00, 0x00, 0x00, 0x00, 0x00, 0x00, 0x00,
    0x00, 0x00, 0x00, 0x00, 0x00, 0x00, 0x00, 0x00, 0x00, 0x00, 0x00, 0x00, 0x00, 0x00, 0x00, 0x00,
    0x00, 0x00, 0x00, 0x00, 0x00, 0x00, 0x00, 0x00, 0x00, 0x00, 0x00, 0x00, 0x00, 0x00, 0x00, 0x00,
    0x00, 0x00, 0x00, 0x00, 0x00, 0x00, 0x00, 0x00, 0x00, 0x00, 0x00, 0x00, 0x00, 0x00, 0x00, 0x00,
    0x00, 0x00, 0x00, 0x00, 0x00, 0x00, 0x00, 0x00, 0x00, 0x00, 0x00, 0x00, 0x00, 0x00, 0x00, 0x00,
    0x00, 0x00, 0x00, 0x00, 0x00, 0x00, 0x00, 0x00, 0x00, 0x00, 0x00, 0x00, 0x00, 0x00, 0x00, 0x00,
    0x00, 0x00, 0x00, 0x00, 0x00, 0x00, 0x00, 0x00, 0x00, 0x00, 0x00, 0x00, 0x00, 0x00, 0x00, 0x00,
    0x00, 0x00, 0x00, 0x00, 0x00, 0x00, 0x00, 0x00, 0x00, 0x00, 0x00, 0x00, 0x00, 0x00, 0x00, 0x00,
    0x00, 0x00, 0x00, 0x00, 0x00, 0x00, 0x00, 0x00, 0x00, 0x00, 0x00, 0x00, 0x00, 0x00, 0x00, 0x00,
    0x00, 0x00, 0x00, 0x00, 0x00, 0x00, 0x00, 0x12, 0x00, 0x00, 0x00, 0x00, 0x00, 0x00, 0x06, 0xcf,
    0xff, 0xfc, 0x71, 0x00, 0x00, 0x00, 0x02, 0xcf, 0xff, 0xff, 0xff, 0xfd, 0x20, 0x00, 0x00, 0x1d,
    0xff, 0xa3, 0x11, 0x3a, 0xff, 0xd1, 0x00, 0x00, 0x8f, 0xf9, 0x00, 0x00, 0x00, 0x9f, 0xf9, 0x00,
    0x00, 0xef, 0xf1, 0x00, 0x00, 0x00, 0x1f, 0xff, 0x10, 0x03, 0xff, 0xc0, 0x00, 0x00, 0x00, 0x0b,
    0xff, 0x50, 0x06, 0xff, 0xa0, 0x00, 0x00, 0x00, 0x09, 0xff, 0x70, 0x07, 0xff, 0x90, 0x00, 0x00,
    0x00, 0x08, 0xff, 0x80, 0x06, 0xff, 0x90, 0x00, 0x00, 0x00, 0x08, 0xff, 0x80, 0x05, 0xff, 0xa0,
    0x00, 0x00, 0x00, 0x09, 0xff, 0x70, 0x02, 0xff, 0xd0, 0x00, 0x00, 0x00, 0x0c, 0xff, 0x40, 0x00,
    0xdf, 0xf3, 0x00, 0x00, 0x00, 0x2f, 0xfe, 0x00, 0x00, 0x6f, 0xfb, 0x00, 0x00, 0x00, 0xbf, 0xf7,
    0x00, 0x00, 0x0b, 0xff, 0xc5, 0x33, 0x5c, 0xff, 0xc0, 0x00, 0x00, 0x00, 0x9f, 0xff, 0xff, 0xff,
    0xfa, 0x10, 0x00, 0x00, 0x00, 0x03, 0x9d, 0xee, 0xda, 0x40, 0x00, 0x00, 0x00, 0x00, 0x00, 0x00,
    0x00, 0x00, 0x00, 0x00, 0x00, 0x00, 0x00, 0x00, 0x00, 0x00, 0x00, 0x00, 0x00, 0x00, 0x00, 0x00,
    0x00, 0x00, 0x00, 0x00, 0x00, 0x00, 0x00, 0x00, 0x00, 0x00, 0x00, 0x00, 0x00, 0x00, 0x00, 0x00,
    0x00, 0x00, 0x00, 0x00, 0x00, 0x00, 0x00, 0x00, 0x00, 0x00, 0x00, 0x00, 0x00, 0x00, 0x00, 0x00,
    0x00, 0x00, 0x00, 0x00, 0x00, 0x00, 0x00, 0x00, 0x00, 0x00, 0x00, 0x00, 0x00, 0x00, 0x00, 0x00,
    0x00, 0x00, 0x00, 0x00, 0x00, 0x00, 0x00, 0x00, 0x00, 0x00, 0x00, 0x00, 0x00, 0x00, 0x00, 0x00,
    0x00, 0x00, 0x00, 0x00, 0x00, 0x00, 0x00, 0x00, 0x00, 0x00, 0x00, 0x00, 0x00, 0x00, 0x00, 0x00,
    0x00, 0x00, 0x00, 0x00, 0x00, 0x00, 0x00, 0x00, 0x00, 0x00, 0x00, 0x00, 0x00, 0x00, 0x00, 0x00,
    0x00, 0x00, 0x00, 0x00, 0x00, 0x00, 0x00, 0x00, 0x00, 0x00, 0x00, 0x00, 0x00, 0x00, 0x00, 0x00,
    0x00, 0x00, 0x00, 0x00, 0x00, 0x00, 0x00, 0x00, 0x00, 0x00, 0x00, 0x00, 0x00, 0x00, 0x00, 0x00,
    0x00, 0x00, 0x00, 0x00, 0x00, 0x00, 0x00, 0x00, 0x00, 0x00, 0x00, 0x00, 0x00, 0x00, 0x00, 0x00,
    0x00, 0x00, 0x00, 0x00, 0x00, 0x00, 0x00, 0x00, 0x00, 0x61, 0x00, 0x00, 0x00, 0x02, 0x50, 0x00,
    0x00, 0x00, 0x00, 0x00, 0x4c, 0xfb, 0x00, 0x00, 0x01, 0x8f, 0xf5, 0x00, 0x00, 0x00, 0x00, 0x00,
    0xcf, 0xff, 0x90, 0x00, 0x05, 0xff, 0xfe, 0x30, 0x00, 0x00, 0x00, 0x00, 0x2d, 0xff, 0xf7, 0x00,
    0x00, 0x8f, 0xff, 0xd1, 0x00, 0x00, 0x00, 0x00, 0x03, 0xff, 0xff, 0x50, 0x00, 0x0a, 0xff, 0xfc,
    0x10, 0x00, 0x00, 0x00, 0x00, 0x5f, 0xff, 0xe3, 0x00, 0x01, 0xcf, 0xff, 0xa0, 0x00, 0x00, 0x00,
    0x00, 0x08, 0xff, 0xfd, 0x10, 0x00, 0x2e, 0xff, 0xf8, 0x00, 0x00, 0x00, 0x00, 0x00, 0xbf, 0xff,
    0xc0, 0x00, 0x04, 0xff, 0xff, 0x50, 0x00, 0x00, 0x00, 0x00, 0x1d, 0xff, 0xfa, 0x00, 0x00, 0x6f,
    0xff, 0xf4, 0x00, 0x00, 0x00, 0x00, 0x02, 0xef, 0xff, 0x70, 0x00, 0x09, 0xff, 0xfe, 0x20, 0x00,
    0x00, 0x00, 0x00, 0xaf, 0xff, 0xe0, 0x00, 0x02, 0xff, 0xff, 0x70, 0x00, 0x00, 0x00, 0x06, 0xff,
    0xff, 0x40, 0x00, 0x1c, 0xff, 0xfc, 0x00, 0x00, 0x00, 0x00, 0x3f, 0xff, 0xf6, 0x00, 0x00, 0xaf,
    0xff, 0xd1, 0x00, 0x00, 0x00, 0x02, 0xef, 0xff, 0x80, 0x00, 0x08, 0xff, 0xfe, 0x30, 0x00, 0x00,
    0x00, 0x0c, 0xff, 0xfb, 0x00, 0x00, 0x5f, 0xff, 0xf4, 0x00, 0x00, 0x00, 0x00, 0xaf, 0xff, 0xc1,
    0x00, 0x03, 0xef, 0xff, 0x60, 0x00, 0x00, 0x00, 0x07, 0xff, 0xfe, 0x20, 0x00, 0x1d, 0xff, 0xf9,
    0x00, 0x00, 0x00, 0x00, 0x4f, 0xff, 0xf3, 0x00, 0x00, 0xbf, 0xff, 0xb0, 0x00, 0x00, 0x00, 0x00,
    0xcf, 0xff, 0x60, 0x00, 0x05, 0xff, 0xfc, 0x10, 0x00, 0x00, 0x00, 0x00, 0x18, 0xf8, 0x00, 0x00,
    0x00, 0x3c, 0xe2, 0x00, 0x00, 0x00, 0x00, 0x00, 0x00, 0x20, 0x00, 0x00, 0x00, 0x00, 0x20, 0x00,
    0x00, 0x00, 0x00, 0x00, 0x00, 0x00, 0x00, 0x00, 0x00, 0x00, 0x00, 0x00, 0x00, 0x00, 0x00, 0x00,
    0x00, 0x00, 0x00, 0x00, 0x00, 0x00, 0x00, 0x00, 0x00, 0x00, 0x00, 0x00, 0x00, 0x00, 0x2b, 0xff,
    0xf6, 0x00, 0x00, 0x00, 0x00, 0x00, 0x00, 0x00, 0x5f, 0xff, 0x40, 0x00, 0x00, 0x00, 0x00, 0x05,
    0xef, 0xff, 0xf6, 0x00, 0x00, 0x00, 0x00, 0x00, 0x00, 0x01, 0xdf, 0xfa, 0x00, 0x00, 0x00, 0x00,
    0x01, 0xaf, 0xff, 0xff, 0xf6, 0x00, 0x00, 0x00, 0x00, 0x00, 0x00, 0x09, 0xff, 0xe1, 0x00, 0x00,
    0x00, 0x00, 0x4e, 0xff, 0xf8, 0xdf, 0xf6, 0x00, 0x00, 0x00, 0x00, 0x00, 0x00, 0x3f, 0xff, 0x60,
    0x00, 0x00, 0x00, 0x02, 0xff, 0xfe, 0x50, 0xef, 0xf6, 0x00, 0x00, 0x00, 0x00, 0x00, 0x00, 0xcf,
    0xfc, 0x00, 0x00, 0x00, 0x00, 0x00, 0x7f, 0xb2, 0x00, 0xff, 0xf6, 0x00, 0x00, 0x00, 0x00, 0x00,
    0x06, 0xff, 0xf3, 0x00, 0x00, 0x00, 0x00, 0x00, 0x05, 0x00, 0x00, 0xff, 0xf6, 0x00, 0x00, 0x00,
    0x00, 0x00, 0x1e, 0xff, 0x90, 0x00, 0x00, 0x00, 0x00, 0x00, 0x00, 0x00, 0x00, 0xff, 0xf6, 0x00,
    0x00, 0x00, 0x00, 0x00, 0xaf, 0xfe, 0x10, 0x00, 0x00, 0x00, 0x00, 0x00, 0x00, 0x00, 0x00, 0xff,
    0xf6, 0x00, 0x00, 0x00, 0x00, 0x04, 0xff, 0xf5, 0x00, 0x00, 0x00, 0x00, 0x00, 0x00, 0x00, 0x00,
    0x00, 0xff, 0xf6, 0x00, 0x00, 0x00, 0x00, 0x0d, 0xff, 0xb0, 0x00, 0x00, 0x00, 0x00, 0x00, 0x00,
    0x00, 0x00, 0x00, 0xff, 0xf6, 0x00, 0x00, 0x00, 0x00, 0x7f, 0xff, 0x20, 0x00, 0x00, 0x00, 0x00,
    0x00, 0x00, 0x00, 0x00, 0x00, 0xff, 0xf6, 0x00, 0x00, 0x00, 0x02, 0xff, 0xf7, 0x00, 0x00, 0x00,
    0x00, 0x00, 0x00, 0x00, 0x00, 0x00, 0x00, 0xff, 0xf6, 0x00, 0x00, 0x00, 0x0b, 0xff, 0xd0, 0x00,
    0x00, 0x00, 0x00, 0x00, 0x00, 0x00, 0x00, 0x00, 0x00, 0xff, 0xf6, 0x00, 0x00, 0x00, 0x5f, 0xff,
    0x40, 0x00, 0x00, 0x7f, 0xff, 0x60, 0x00, 0x00, 0x00, 0x00, 0x00, 0xff, 0xf6, 0x00, 0x00, 0x01,
    0xdf, 0xfa, 0x00, 0x00, 0x03, 0xff, 0xff, 0x60, 0x00, 0x00, 0x00, 0x00, 0x00, 0xff, 0xf6, 0x00,
    0x00, 0x09, 0xff, 0xe1, 0x00, 0x00, 0x0c, 0xff, 0xff, 0x60, 0x00, 0x00, 0x00, 0x00, 0x00, 0xff,
    0xf6, 0x00, 0x00, 0x3f, 0xff, 0x60, 0x00, 0x00, 0x8f, 0xff, 0xff, 0x60, 0x00, 0x00, 0x00, 0x00,
    0x00, 0xff, 0xf6, 0x00, 0x00, 0xcf, 0xfc, 0x00, 0x00, 0x04, 0xff, 0xbf, 0xff, 0x60, 0x00, 0x00,
    0x00, 0x00, 0x00, 0xff, 0xf6, 0x00, 0x06, 0xff, 0xf3, 0x00, 0x00, 0x1d, 0xfe, 0x3f, 0xff, 0x60,
    0x00, 0x00, 0x00, 0x00, 0x00, 0xff, 0xf6, 0x00, 0x1e, 0xff, 0x90, 0x00, 0x00, 0xaf, 0xf5, 0x2f,
    0xff, 0x60, 0x00, 0x00, 0x00, 0x00, 0x00, 0x00, 0x00, 0x00, 0xaf, 0xfd, 0x10, 0x00, 0x05, 0xff,
    0xa0, 0x3f, 0xff, 0x60, 0x00, 0x00, 0x00, 0x00, 0x00, 0x00, 0x00, 0x04, 0xff, 0xf5, 0x00, 0x00,
    0x2e, 0xfe, 0x10, 0x3f, 0xff, 0x60, 0x00, 0x00, 0x00, 0x00, 0x00, 0x00, 0x00, 0x0d, 0xff, 0xb0,
    0x00, 0x00, 0xbf, 0xf5, 0x00, 0x3f, 0xff, 0x60, 0x00, 0x00, 0x00, 0x00, 0x00, 0x00, 0x00, 0x7f,
    0xff, 0x20, 0x00, 0x07, 0xff, 0x90, 0x00, 0x3f, 0xff, 0x60, 0x00, 0x00, 0x00, 0x00, 0x00, 0x00,
    0x02, 0xff, 0xf7, 0x00, 0x00, 0x3f, 0xfd, 0x10, 0x00, 0x3f, 0xff, 0x60, 0x00, 0x00, 0x00, 0x00,
    0x00, 0x00, 0x0b, 0xff, 0xd0, 0x00, 0x00, 0xcf, 0xf4, 0x00, 0x00, 0x3f, 0xff, 0x60, 0x00, 0x00,
    0x00, 0x00, 0x00, 0x00, 0x5f, 0xff, 0x40, 0x00, 0x07, 0xff, 0xfd, 0xdd, 0xdd, 0xdf, 0xff, 0xed,
    0xd4, 0x00, 0x00, 0x00, 0x00, 0x01, 0xdf, 0xfa, 0x00, 0x00, 0x08, 0xff, 0xff, 0xff, 0xff, 0xff,
    0xff, 0xff, 0xf5, 0x00, 0x00, 0x00, 0x00, 0x09, 0xff, 0xe1, 0x00, 0x00, 0x08, 0xff, 0xff, 0xff,
    0xff, 0xff, 0xff, 0xff, 0xf5, 0x00, 0x00, 0x00, 0x00, 0x3f, 0xff, 0x60, 0x00, 0x00, 0x00, 0x00,
    0x00, 0x00, 0x00, 0x3f, 0xff, 0x60, 0x00, 0x00, 0x00, 0x00, 0x00, 0xcf, 0xfc, 0x00, 0x00, 0x00,
    0x00, 0x00, 0x00, 0x00, 0x00, 0x3f, 0xff, 0x60, 0x00, 0x00, 0x00, 0x00, 0x06, 0xff, 0xf3, 0x00,
    0x00, 0x00, 0x00, 0x00, 0x00, 0x00, 0x00, 0x3f, 0xff, 0x60, 0x00, 0x00, 0x00, 0x00, 0x1e, 0xff,
    0x80, 0x00, 0x00, 0x00, 0x00, 0x00, 0x00, 0x00, 0x00, 0x3f, 0xff, 0x60, 0x00, 0x00, 0x00, 0x00,
    0xaf, 0xfd, 0x10, 0x00, 0x00, 0x00, 0x00, 0x00, 0x00, 0x00, 0x00, 0x3f, 0xff, 0x60, 0x00, 0x00,
    0x00, 0x00, 0x7f, 0xff, 0xc0, 0x00, 0x00, 0x00, 0x00, 0x00, 0x00, 0x0c, 0xff, 0xc0, 0x00, 0x00,
    0x00, 0x00, 0x00, 0x01, 0xbf, 0xff, 0xfc, 0x00, 0x00, 0x00, 0x00, 0x00, 0x00, 0x06, 0xff, 0xf3,
    0x00, 0x00, 0x00, 0x00, 0x00, 0x05, 0xef, 0xff, 0xff, 0xc0, 0x00, 0x00, 0x00, 0x00, 0x00, 0x01,
    0xef, 0xf9, 0x00, 0x00, 0x00, 0x00, 0x00, 0x19, 0xff, 0xfd, 0x9f, 0xfc, 0x00, 0x00, 0x00, 0x00,
    0x00, 0x00, 0x9f, 0xfe, 0x10, 0x00, 0x00, 0x00, 0x00, 0x0a, 0xff, 0xfb, 0x18, 0xff, 0xc0, 0x00,
    0x00, 0x00, 0x00, 0x00, 0x4f, 0xff, 0x60, 0x00, 0x00, 0x00, 0x00, 0x00, 0x3f, 0xf7, 0x00, 0x8f,
    0xfc, 0x00, 0x00, 0x00, 0x00, 0x00, 0x0c, 0xff, 0xb0, 0x00, 0x00, 0x00, 0x00, 0x00, 0x00, 0x63,
    0x00, 0x09, 0xff, 0xc0, 0x00, 0x00, 0x00, 0x00, 0x07, 0xff, 0xf2, 0x00, 0x00, 0x00, 0x00, 0x00,
    0x00, 0x00, 0x00, 0x00, 0x9f, 0xfc, 0x00, 0x00, 0x00, 0x00, 0x02, 0xef, 0xf8, 0x00, 0x00, 0x00,
    0x00, 0x00, 0x00, 0x00, 0x00, 0x00, 0x09, 0xff, 0xc0, 0x00, 0x00, 0x00, 0x00, 0xbf, 0xfd, 0x10,
    0x00, 0x00, 0x00, 0x00, 0x00, 0x00, 0x00, 0x00, 0x00, 0x9f, 0xfc, 0x00, 0x00, 0x00, 0x00, 0x5f,
    0xff, 0x40, 0x00, 0x00, 0x00, 0x00, 0x00, 0x00, 0x00, 0x00, 0x00, 0x09, 0xff, 0xc0, 0x00, 0x00,
    0x00, 0x1d, 0xff, 0xa0, 0x00, 0x00, 0x00, 0x00, 0x00, 0x00, 0x00, 0x00, 0x00, 0x00, 0x9f, 0xfc,
    0x00, 0x00, 0x00, 0x08, 0xff, 0xe2, 0x00, 0x00, 0x00, 0x00, 0x00, 0x00, 0x00, 0x00, 0x00, 0x00,
    0x09, 0xff, 0xc0, 0x00, 0x00, 0x03, 0xff, 0xf7, 0x00, 0x00, 0x00, 0x00, 0x00, 0x00, 0x00, 0x00,
    0x00, 0x00, 0x00, 0x9f, 0xfc, 0x00, 0x00, 0x00, 0xcf, 0xfc, 0x00, 0x01, 0x59, 0xab, 0xa8, 0x40,
    0x00, 0x00, 0x00, 0x00, 0x00, 0x09, 0xff, 0xc0, 0x00, 0x00, 0x6f, 0xff, 0x30, 0x07, 0xef, 0xff,
    0xff, 0xff, 0xb2, 0x00, 0x00, 0x00, 0x00, 0x00, 0x9f, 0xfc, 0x00, 0x00, 0x1e, 0xff, 0x90, 0x2c,
    0xff, 0xff, 0xff, 0xff, 0xff, 0xd1, 0x00, 0x00, 0x00, 0x00, 0x09, 0xff, 0xc0, 0x00, 0x09, 0xff,
    0xe1, 0x01, 0xcf, 0xf9, 0x41, 0x13, 0xaf, 0xff, 0x80, 0x00, 0x00, 0x00, 0x00, 0x9f, 0xfc, 0x00,
    0x04, 0xff, 0xf5, 0x00, 0x02, 0xa2, 0x00, 0x00, 0x00, 0xcf, 0xfc, 0x00, 0x00, 0x00, 0x00, 0x09,
    0xff, 0xc0, 0x00, 0xcf, 0xfb, 0x00, 0x00, 0x00, 0x00, 0x00, 0x00, 0x08, 0xff, 0xe0, 0x00, 0x00,
    0x00, 0x00, 0x9f, 0xfc, 0x00, 0x7f, 0xff, 0x20, 0x00, 0x00, 0x00, 0x00, 0x00, 0x00, 0x8f, 0xfd,
    0x00, 0x00, 0x00, 0x00, 0x00, 0x00, 0x00, 0x2e, 0xff, 0x80, 0x00, 0x00, 0x00, 0x00, 0x00, 0x00,
    0x0b, 0xff, 0xa0, 0x00, 0x00, 0x00, 0x00, 0x00, 0x00, 0x0b, 0xff, 0xd1, 0x00, 0x00, 0x00, 0x00,
    0x00, 0x00, 0x03, 0xff, 0xf4, 0x00, 0x00, 0x00, 0x00, 0x00, 0x00, 0x05, 0xff, 0xf4, 0x00, 0x00,
    0x00, 0x00, 0x00, 0x00, 0x01, 0xcf, 0xfa, 0x00, 0x00, 0x00, 0x00, 0x00, 0x00, 0x01, 0xdf, 0xfa,
    0x00, 0x00, 0x00, 0x00, 0x00, 0x00, 0x00, 0xbf, 0xfc, 0x10, 0x00, 0x00, 0x00, 0x00, 0x00, 0x00,
    0x8f, 0xfe, 0x20, 0x00, 0x00, 0x00, 0x00, 0x00, 0x00, 0xbf, 0xfd, 0x10, 0x00, 0x00, 0x00, 0x00,
    0x00, 0x00, 0x3f, 0xff, 0x70, 0x00, 0x00, 0x00, 0x00, 0x00, 0x01, 0xbf, 0xfd, 0x20, 0x00, 0x00,
    0x00, 0x00, 0x00, 0x00, 0x0c, 0xff, 0xc0, 0x00, 0x00, 0x00, 0x00, 0x00, 0x01, 0xcf, 0xfc, 0x10,
    0x00, 0x00, 0x00, 0x00, 0x00, 0x00, 0x06, 0xff, 0xf3, 0x00, 0x00, 0x00, 0x00, 0x00, 0x01, 0xcf,
    0xfc, 0x10, 0x00, 0x00, 0x00, 0x00, 0x00, 0x00, 0x01, 0xef, 0xf9, 0x00, 0x00, 0x00, 0x00, 0x00,
    0x02, 0xdf, 0xfb, 0x10, 0x00, 0x00, 0x00, 0x00, 0x00, 0x00, 0x00, 0x9f, 0xfe, 0x10, 0x00, 0x00,
    0x00, 0x00, 0x02, 0xdf, 0xf9, 0x00, 0x00, 0x00, 0x00, 0x00, 0x00, 0x00, 0x00, 0x4f, 0xff, 0x50,
    0x00, 0x00, 0x00, 0x00, 0x03, 0xef, 0xfe, 0x77, 0x77, 0x77, 0x77, 0x60, 0x00, 0x00, 0x00, 0x0c,
    0xff, 0xb0, 0x00, 0x00, 0x00, 0x00, 0x00, 0xaf, 0xff, 0xff, 0xff, 0xff, 0xff, 0xfd, 0x00, 0x00,
    0x00, 0x07, 0xff, 0xf2, 0x00, 0x00, 0x00, 0x00, 0x00, 0x0a, 0xff, 0xff, 0xff, 0xff, 0xff, 0xff,
    0xd0, 0x00, 0x00, 0x02, 0xef, 0xf8, 0x00, 0x00, 0x00, 0x00, 0x00, 0x00, 0xaf, 0xff, 0xff, 0xff,
    0xff, 0xff, 0xfd, 0x00, 0x00, 0x01, 0x59, 0xbc, 0xcb, 0x83, 0x00, 0x00, 0x00, 0x00, 0x00, 0x00,
    0x00, 0x00, 0x06, 0x66, 0x30, 0x00, 0x00, 0x00, 0x7e, 0xff, 0xff, 0xff, 0xff, 0xa1, 0x00, 0x00,
    0x00, 0x00, 0x00, 0x00, 0x00, 0x7f, 0xff, 0x20, 0x00, 0x00, 0x0c, 0xff, 0xff, 0xff, 0xff, 0xff,
    0xfa, 0x00, 0x00, 0x00, 0x00, 0x00, 0x00, 0x02, 0xef, 0xf8, 0x00, 0x00, 0x00, 0x07, 0xff, 0xc6,
    0x21, 0x15, 0xdf, 0xff, 0x40, 0x00, 0x00, 0x00, 0x00, 0x00, 0x0a, 0xff, 0xd1, 0x00, 0x00, 0x00,
    0x00, 0x84, 0x00, 0x00, 0x00, 0x2f, 0xff, 0x90, 0x00, 0x00, 0x00, 0x00, 0x00, 0x4f, 0xff, 0x50,
    0x00, 0x00, 0x00, 0x00, 0x00, 0x00, 0x00, 0x00, 0x0d, 0xff, 0xa0, 0x00, 0x00, 0x00, 0x00, 0x00,
    0xdf, 0xfb, 0x00, 0x00, 0x00, 0x00, 0x00, 0x00, 0x00, 0x00, 0x00, 0x0d, 0xff, 0x90, 0x00, 0x00,
    0x00, 0x00, 0x07, 0xff, 0xf2, 0x00, 0x00, 0x00, 0x00, 0x00, 0x00, 0x00, 0x00, 0x00, 0x4f, 0xff,
    0x50, 0x00, 0x00, 0x00, 0x00, 0x2f, 0xff, 0x70, 0x00, 0x00, 0x00, 0x00, 0x00, 0x00, 0x00, 0x00,
    0x16, 0xef, 0xfb, 0x00, 0x00, 0x00, 0x00, 0x00, 0xbf, 0xfd, 0x00, 0x00, 0x00, 0x00, 0x00, 0x00,
    0x02, 0xdd, 0xdd, 0xff, 0xff, 0xb1, 0x00, 0x00, 0x00, 0x00, 0x05, 0xff, 0xf4, 0x00, 0x00, 0x00,
    0x00, 0x00, 0x00, 0x02, 0xff, 0xff, 0xff, 0xf9, 0x10, 0x00, 0x00, 0x00, 0x00, 0x1d, 0xff, 0xa0,
    0x00, 0x00, 0x00, 0x00, 0x00, 0x00, 0x02, 0xff, 0xff, 0xff, 0xff, 0xe6, 0x00, 0x00, 0x00, 0x00,
    0x8f, 0xfe, 0x20, 0x00, 0x00, 0x00, 0x00, 0x00, 0x00, 0x00, 0x00, 0x01, 0x26, 0xcf, 0xff, 0x60,
    0x00, 0x00, 0x02, 0xff, 0xf7, 0x00, 0x00, 0x00, 0x00, 0x00, 0x00, 0x00, 0x00, 0x00, 0x00, 0x00,
    0x0b, 0xff, 0xe0, 0x00, 0x00, 0x0b, 0xff, 0xc0, 0x00, 0x00, 0x00, 0x00, 0x00, 0x00, 0x00, 0x00,
    0x00, 0x00, 0x00, 0x04, 0xff, 0xf3, 0x00, 0x00, 0x5f, 0xff, 0x40, 0x00, 0x00, 0xbf, 0xff, 0x20,
    0x00, 0x00, 0x00, 0x00, 0x00, 0x00, 0x03, 0xff, 0xf4, 0x00, 0x01, 0xef, 0xf9, 0x00, 0x00, 0x06,
    0xff, 0xff, 0x20, 0x00, 0x00, 0x00, 0x00, 0x00, 0x00, 0x05, 0xff, 0xf3, 0x00, 0x09, 0xff, 0xe1,
    0x00, 0x00, 0x2e, 0xff, 0xff, 0x20, 0x00, 0x36, 0x00, 0x00, 0x00, 0x00, 0x1c, 0xff, 0xe0, 0x00,
    0x3f, 0xff, 0x60, 0x00, 0x00, 0xcf, 0xff, 0xff, 0x20, 0x00, 0x4f, 0xe9, 0x52, 0x10, 0x25, 0xcf,
    0xff, 0x80, 0x00, 0xcf, 0xfc, 0x00, 0x00, 0x08, 0xff, 0xdf, 0xff, 0x20, 0x00, 0x4f, 0xff, 0xff,
    0xff, 0xff, 0xff, 0xfc, 0x10, 0x06, 0xff, 0xf3, 0x00, 0x00, 0x4f, 0xfd, 0x6f, 0xff, 0x20, 0x00,
    0x2c, 0xff, 0xff, 0xff, 0xff, 0xff, 0x91, 0x00, 0x1e, 0xff, 0x90, 0x00, 0x01, 0xdf, 0xf3, 0x6f,
    0xff, 0x20, 0x00, 0x00, 0x37, 0xac, 0xcc, 0xca, 0x72, 0x00, 0x00, 0x9f, 0xfe, 0x10, 0x00, 0x09,
    0xff, 0x80, 0x7f, 0xff, 0x20, 0x00, 0x00, 0x00, 0x00, 0x00, 0x00, 0x00, 0x00, 0x04, 0xff, 0xf6,
    0x00, 0x00, 0x5f, 0xfc, 0x00, 0x7f, 0xff, 0x20, 0x00, 0x00, 0x00, 0x00, 0x00, 0x00, 0x00, 0x00,
    0x0c, 0xff, 0xb0, 0x00, 0x01, 0xef, 0xf3, 0x00, 0x7f, 0xff, 0x20, 0x00, 0x00, 0x00, 0x00, 0x00,
    0x00, 0x00, 0x00, 0x7f, 0xff, 0x30, 0x00, 0x0b, 0xff, 0x60, 0x00, 0x7f, 0xff, 0x20, 0x00, 0x00,
    0x00, 0x00, 0x00, 0x00, 0x00, 0x02, 0xef, 0xf8, 0x00, 0x00, 0x6f, 0xfb, 0x00, 0x00, 0x7f, 0xff,
    0x20, 0x00, 0x00, 0x00, 0x00, 0x00, 0x00, 0x00, 0x0a, 0xff, 0xd1, 0x00, 0x02, 0xef, 0xe1, 0x00,
    0x00, 0x7f, 0xff, 0x20, 0x00, 0x00, 0x00, 0x00, 0x00, 0x00, 0x00, 0x4f, 0xff, 0x50, 0x00, 0x0b,
    0xff, 0xed, 0xdd, 0xdd, 0xef, 0xff, 0xdd, 0xd1, 0x00, 0x00, 0x00, 0x00, 0x00, 0x00, 0xdf, 0xfb,
    0x00, 0x00, 0x0c, 0xff, 0xff, 0xff, 0xff, 0xff, 0xff, 0xff, 0xf1, 0x00, 0x00, 0x00, 0x00, 0x00,
    0x07, 0xff, 0xf2, 0x00, 0x00, 0x0c, 0xff, 0xff, 0xff, 0xff, 0xff, 0xff, 0xff, 0xf1, 0x00, 0x00,
    0x00, 0x00, 0x00, 0x2f, 0xff, 0x80, 0x00, 0x00, 0x00, 0x00, 0x00, 0x00, 0x00, 0x7f, 0xff, 0x20,
    0x00, 0x00, 0x00, 0x00, 0x00, 0x00, 0xbf, 0xfd, 0x00, 0x00, 0x00, 0x00, 0x00, 0x00, 0x00, 0x00,
    0x7f, 0xff, 0x20, 0x00, 0x00, 0x00, 0x00, 0x00, 0x05, 0xff, 0xf4, 0x00, 0x00, 0x00, 0x00, 0x00,
    0x00, 0x00, 0x00, 0x7f, 0xff, 0x20, 0x00, 0x00, 0x00, 0x00, 0x00, 0x1d, 0xff, 0xa0, 0x00, 0x00,
    0x00, 0x00, 0x00, 0x00, 0x00, 0x00, 0x7f, 0xff, 0x20, 0x00, 0x00, 0x00, 0x00, 0x00, 0x8f, 0xfe,
    0x20, 0x00, 0x00, 0x00, 0x00, 0x00, 0x00, 0x00, 0x00, 0x7f, 0xff, 0x20, 0x00, 0x00, 0x00, 0x00,
    0x00, 0x00, 0x8d, 0xea, 0x20, 0x00, 0x00, 0x00, 0x00, 0x00, 0x00, 0x00, 0x6f, 0xff, 0xfc, 0x00,
    0x00, 0x00, 0x00, 0x00, 0x00, 0x00, 0x0b, 0xff, 0xff, 0xf1, 0x00, 0x00, 0x00, 0x00, 0x00, 0x00,
    0x00, 0xbf, 0xff, 0xff, 0x10, 0x00, 0x00, 0x00, 0x00, 0x00, 0x00, 0x07, 0xff, 0xff, 0xc0, 0x00,
    0x00, 0x00, 0x00, 0x00, 0x00, 0x00, 0x08, 0xee, 0xb2, 0x00, 0x00, 0x00, 0x00, 0x00, 0x00, 0x00,
    0x00, 0x00, 0x00, 0x00, 0x00, 0x00, 0x00, 0x00, 0x00, 0x00, 0x00, 0x00, 0x00, 0x00, 0x00, 0x00,
    0x00, 0x00, 0x00, 0x00, 0x00, 0x00, 0x00, 0x00, 0x00, 0x00, 0x00, 0x00, 0x00, 0x00, 0x00, 0x00,
    0x01, 0x33, 0x30, 0x00, 0x00, 0x00, 0x00, 0x00, 0x00, 0x00, 0x00, 0x5f, 0xff, 0x00, 0x00, 0x00,
    0x00, 0x00, 0x00, 0x00, 0x00, 0x06, 0xff, 0xf0, 0x00, 0x00, 0x00, 0x00, 0x00, 0x00, 0x00, 0x00,
    0x8f, 0xfe, 0x00, 0x00, 0x00, 0x00, 0x00, 0x00, 0x00, 0x00, 0x0d, 0xff, 0xc0, 0x00, 0x00, 0x00,
    0x00, 0x00, 0x00, 0x00, 0x07, 0xff, 0xf8, 0x00, 0x00, 0x00, 0x00, 0x00, 0x00, 0x00, 0x05, 0xff,
    0xff, 0x20, 0x00, 0x00, 0x00, 0x00, 0x00, 0x00, 0x06, 0xff, 0xff, 0x80, 0x00, 0x00, 0x00, 0x00,
    0x00, 0x00, 0x08, 0xff, 0xff, 0xb0, 0x00, 0x00, 0x00, 0x00, 0x00, 0x00, 0x0a, 0xff, 0xff, 0xa0,
    0x00, 0x00, 0x00, 0x00, 0x00, 0x00, 0x1b, 0xff, 0xff, 0x90, 0x00, 0x00, 0x00, 0x00, 0x00, 0x00,
    0x0b, 0xff, 0xff, 0x70, 0x00, 0x00, 0x00, 0x00, 0x00, 0x00, 0x07, 0xff, 0xff, 0x60, 0x00, 0x00,
    0x00, 0x00, 0x00, 0x00, 0x02, 0xef, 0xff, 0x70, 0x00, 0x00, 0x00, 0x00, 0x00, 0x00, 0x00, 0x7f,
    0xff, 0xc0, 0x00, 0x00, 0x00, 0x00, 0x00, 0x00, 0x00, 0x0a, 0xff, 0xf6, 0x00, 0x00, 0x00, 0x00,
    0x00, 0x00, 0x00, 0x00, 0xcf, 0xff, 0x40, 0x00, 0x00, 0x00, 0x00, 0x00, 0x00, 0x00, 0x0c, 0xff,
    0xf3, 0x00, 0x00, 0x00, 0x00, 0x00, 0x00, 0x00, 0x00, 0xbf, 0xff, 0x50, 0x00, 0x00, 0x00, 0x00,
    0x00, 0x00, 0x00, 0x08, 0xff, 0xfa, 0x00, 0x00, 0x00, 0x00, 0x00, 0x00, 0x10, 0x00, 0x4f, 0xff,
    0xf6, 0x00, 0x00, 0x00, 0x00, 0x04, 0xbe, 0x10, 0x00, 0xbf, 0xff, 0xfb, 0x51, 0x00, 0x13, 0x7c,
    0xff, 0xf6, 0x00, 0x02, 0xef, 0xff, 0xff, 0xff, 0xff, 0xff, 0xff, 0xff, 0xc0, 0x00, 0x03, 0xdf,
    0xff, 0xff, 0xff, 0xff, 0xff, 0xff, 0xe8, 0x00, 0x00, 0x01, 0x7d, 0xff, 0xff, 0xff, 0xff, 0xea,
    0x51, 0x00, 0x00, 0x00, 0x00, 0x02, 0x56, 0x77, 0x65, 0x20, 0x00, 0x00, 0x00, 0x00, 0x00, 0x00,
    0x00, 0x07, 0x88, 0x88, 0x10, 0x00, 0x00, 0x00, 0x00, 0x00, 0x00, 0x00, 0x00, 0x00, 0x00, 0x00,
    0x00, 0x9f, 0xff, 0xf8, 0x00, 0x00, 0x00, 0x00, 0x00, 0x00, 0x00, 0x00, 0x00, 0x00, 0x00, 0x00,
    0x00, 0xcf, 0xff, 0xf3, 0x00, 0x00, 0x00, 0x00, 0x00, 0x00, 0x00, 0x00, 0x00, 0x00, 0x00, 0x00,
    0x01, 0xdf, 0xff, 0xc0, 0x00, 0x00, 0x00, 0x00, 0x00, 0x00, 0x00, 0x00, 0x00, 0x00, 0x00, 0x00,
    0x02, 0xdf, 0xff, 0x70, 0x00, 0x00, 0x00, 0x00, 0x00, 0x00, 0x00, 0x00, 0x00, 0x00, 0x00, 0x00,
    0x02, 0xdf, 0xff, 0x30, 0x00, 0x00, 0x00, 0x00, 0x00, 0x00, 0x00, 0x00, 0x00, 0x00, 0x00, 0x00,
    0x02, 0xdf, 0xfd, 0x10, 0x00, 0x00, 0x00, 0x00, 0x00, 0x00, 0x00, 0x00, 0x00, 0x00, 0x00, 0x00,
    0x01, 0xbf, 0xf8, 0x00, 0x00, 0x00, 0x00, 0x00, 0x00, 0x00, 0x00, 0x00, 0x00, 0x00, 0x00, 0x00,
    0x00, 0x00, 0x00, 0x00, 0x00, 0x00, 0x00, 0x00, 0x00, 0x00, 0x00, 0x00, 0x00, 0x00, 0x00, 0x00,
    0x00, 0x00, 0x00, 0x00, 0x00, 0x00, 0x00, 0x00, 0x00, 0x00, 0x00, 0x00, 0x00, 0x00, 0x00, 0x00,
    0x00, 0x00, 0x00, 0x00, 0x00, 0x00, 0x00, 0x00, 0x00, 0x00, 0x00, 0x00, 0x00, 0x00, 0x00, 0x00,
    0x00, 0x00, 0x00, 0x00, 0x00, 0x00, 0x00, 0x00, 0x00, 0x00, 0x00, 0x00, 0x00, 0x0c, 0xff, 0xf7,
    0x00, 0x00, 0x00, 0x00, 0x00, 0x00, 0x00, 0x00, 0x00, 0x00, 0x00, 0x00, 0x03, 0xff, 0xff, 0xd0,
    0x00, 0x00, 0x00, 0x00, 0x00, 0x00, 0x00, 0x00, 0x00, 0x00, 0x00, 0x00, 0x9f, 0xff, 0xff, 0x40,
    0x00, 0x00, 0x00, 0x00, 0x00, 0x00, 0x00, 0x00, 0x00, 0x00, 0x00, 0x1e, 0xff, 0xff, 0xfa, 0x00,
    0x00, 0x00, 0x00, 0x00, 0x00, 0x00, 0x00, 0x00, 0x00, 0x00, 0x06, 0xff, 0xfe, 0xff, 0xf1, 0x00,
    0x00, 0x00, 0x00, 0x00, 0x00, 0x00, 0x00, 0x00, 0x00, 0x00, 0xcf, 0xff, 0x8f, 0xff, 0x70, 0x00,
    0x00, 0x00, 0x00, 0x00, 0x00, 0x00, 0x00, 0x00, 0x00, 0x3f, 0xff, 0xb2, 0xff, 0xfc, 0x00, 0x00,
    0x00, 0x00, 0x00, 0x00, 0x00, 0x00, 0x00, 0x00, 0x08, 0xff, 0xf7, 0x0d, 0xff, 0xf3, 0x00, 0x00,
    0x00, 0x00, 0x00, 0x00, 0x00, 0x00, 0x00, 0x00, 0xef, 0xff, 0x30, 0x8f, 0xff, 0x90, 0x00, 0x00,
    0x00, 0x00, 0x00, 0x00, 0x00, 0x00, 0x00, 0x5f, 0xff, 0xd0, 0x03, 0xff, 0xfe, 0x10, 0x00, 0x00,
    0x00, 0x00, 0x00, 0x00, 0x00, 0x00, 0x0b, 0xff, 0xf7, 0x00, 0x0c, 0xff, 0xf6, 0x00, 0x00, 0x00,
    0x00, 0x00, 0x00, 0x00, 0x00, 0x02, 0xff, 0xff, 0x20, 0x00, 0x7f, 0xff, 0xc0, 0x00, 0x00, 0x00,
    0x00, 0x00, 0x00, 0x00, 0x00, 0x8f, 0xff, 0xb0, 0x00, 0x01, 0xff, 0xff, 0x30, 0x00, 0x00, 0x00,
    0x00, 0x00, 0x00, 0x00, 0x0e, 0xff, 0xf5, 0x00, 0x00, 0x0a, 0xff, 0xf9, 0x00, 0x00, 0x00, 0x00,
    0x00, 0x00, 0x00, 0x05, 0xff, 0xfe, 0x00, 0x00, 0x00, 0x5f, 0xff, 0xe1, 0x00, 0x00, 0x00, 0x00,
    0x00, 0x00, 0x00, 0xbf, 0xff, 0x90, 0x00, 0x00, 0x00, 0xef, 0xff, 0x50, 0x00, 0x00, 0x00, 0x00,
    0x00, 0x00, 0x2f, 0xff, 0xf3, 0x00, 0x00, 0x00, 0x09, 0xff, 0xfb, 0x00, 0x00, 0x00, 0x00, 0x00,
    0x00, 0x08, 0xff, 0xfd, 0x00, 0x00, 0x00, 0x00, 0x3f, 0xff, 0xf2, 0x00, 0x00, 0x00, 0x00, 0x00,
    0x00, 0xdf, 0xff, 0x70, 0x00, 0x00, 0x00, 0x00, 0xcf, 0xff, 0x80, 0x00, 0x00, 0x00, 0x00, 0x00,
    0x4f, 0xff, 0xf1, 0x00, 0x00, 0x00, 0x00, 0x07, 0xff, 0xfe, 0x00, 0x00, 0x00, 0x00, 0x00, 0x0a,
    0xff, 0xff, 0xff, 0xff, 0xff, 0xff, 0xff, 0xff, 0xff, 0xf5, 0x00, 0x00, 0x00, 0x00, 0x01, 0xff,
    0xff, 0xff, 0xff, 0xff, 0xff, 0xff, 0xff, 0xff, 0xff, 0xb0, 0x00, 0x00, 0x00, 0x00, 0x7f, 0xff,
    0xff, 0xff, 0xff, 0xff, 0xff, 0xff, 0xff, 0xff, 0xff, 0x20, 0x00, 0x00, 0x00, 0x0d, 0xff, 0xfa,
    0x77, 0x77, 0x77, 0x77, 0x77, 0x77, 0x7e, 0xff, 0xf8, 0x00, 0x00, 0x00, 0x04, 0xff, 0xff, 0x10,
    0x00, 0x00, 0x00, 0x00, 0x00, 0x00, 0x9f, 0xff, 0xd0, 0x00, 0x00, 0x00, 0xaf, 0xff, 0xa0, 0x00,
    0x00, 0x00, 0x00, 0x00, 0x00, 0x03, 0xff, 0xff, 0x40, 0x00, 0x00, 0x1f, 0xff, 0xf4, 0x00, 0x00,
    0x00, 0x00, 0x00, 0x00, 0x00, 0x0c, 0xff, 0xfa, 0x00, 0x00, 0x07, 0xff, 0xfd, 0x00, 0x00, 0x00,
    0x00, 0x00, 0x00, 0x00, 0x00, 0x6f, 0xff, 0xf1, 0x00, 0x00, 0xdf, 0xff, 0x80, 0x00, 0x00, 0x00,
    0x00, 0x00, 0x00, 0x00, 0x01, 0xef, 0xff, 0x70, 0x00, 0x3f, 0xff, 0xf2, 0x00, 0x00, 0x00, 0x00,
    0x00, 0x00, 0x00, 0x00, 0x09, 0xff, 0xfd, 0x00, 0x09, 0xff, 0xfb, 0x00, 0x00, 0x00, 0x00, 0x00,
    0x00, 0x00, 0x00, 0x00, 0x3f, 0xff, 0xf4, 0x01, 0xef, 0xff, 0x50, 0x00, 0x00, 0x00, 0x00, 0x00,
    0x00, 0x00, 0x00, 0x00, 0xcf, 0xff, 0xa0, 0x6f, 0xff, 0xe0, 0x00, 0x00, 0x00, 0x00, 0x00, 0x00,
    0x00, 0x00, 0x00, 0x07, 0xff, 0xff, 0x1c, 0xff, 0xf9, 0x00, 0x00, 0x00, 0x00, 0x00, 0x00, 0x00,
    0x00, 0x00, 0x00, 0x1f, 0xff, 0xf6, 0x00, 0x00, 0x00, 0x00, 0x00, 0x00, 0x00, 0x00, 0x18, 0x88,
    0x88, 0x00, 0x00, 0x00, 0x00, 0x00, 0x00, 0x00, 0x00, 0x00, 0x00, 0x00, 0x00, 0x09, 0xff, 0xff,
    0x90, 0x00, 0x00, 0x00, 0x00, 0x00, 0x00, 0x00, 0x00, 0x00, 0x00, 0x00, 0x03, 0xff, 0xff, 0xc0,
    0x00, 0x00, 0x00, 0x00, 0x00, 0x00, 0x00, 0x00, 0x00, 0x00, 0x00, 0x00, 0xcf, 0xff, 0xd1, 0x00,
    0x00, 0x00, 0x00, 0x00, 0x00, 0x00, 0x00, 0x00, 0x00, 0x00, 0x00, 0x8f, 0xff, 0xd1, 0x00, 0x00,
    0x00, 0x00, 0x00, 0x00, 0x00, 0x00, 0x00, 0x00, 0x00, 0x00, 0x3f, 0xff, 0xd2, 0x00, 0x00, 0x00,
    0x00, 0x00, 0x00, 0x00, 0x00, 0x00, 0x00, 0x00, 0x00, 0x1d, 0xff, 0xd2, 0x00, 0x00, 0x00, 0x00,
    0x00, 0x00, 0x00, 0x00, 0x00, 0x00, 0x00, 0x00, 0x08, 0xff, 0xb1, 0x00, 0x00, 0x00, 0x00, 0x00,
    0x00, 0x00, 0x00, 0x00, 0x00, 0x00, 0x00, 0x00, 0x00, 0x00, 0x00, 0x00, 0x00, 0x00, 0x00, 0x00,
    0x00, 0x00, 0x00, 0x00, 0x00, 0x00, 0x00, 0x00, 0x00, 0x00, 0x00, 0x00, 0x00, 0x00, 0x00, 0x00,
    0x00, 0x00, 0x00, 0x00, 0x00, 0x00, 0x00, 0x00, 0x00, 0x00, 0x00, 0x00, 0x00, 0x00, 0x00, 0x00,
    0x00, 0x00, 0x00, 0x00, 0x00, 0x00, 0x00, 0x00, 0x00, 0x00, 0x00, 0x00, 0x00, 0x00, 0x00, 0x00,
    0x00, 0x00, 0x00, 0x00, 0x00, 0x00, 0x0c, 0xff, 0xf7, 0x00, 0x00, 0x00, 0x00, 0x00, 0x00, 0x00,
    0x00, 0x00, 0x00, 0x00, 0x00, 0x03, 0xff, 0xff, 0xd0, 0x00, 0x00, 0x00, 0x00, 0x00, 0x00, 0x00,
    0x00, 0x00, 0x00, 0x00, 0x00, 0x9f, 0xff, 0xff, 0x40, 0x00, 0x00, 0x00, 0x00, 0x00, 0x00, 0x00,
    0x00, 0x00, 0x00, 0x00, 0x1e, 0xff, 0xff, 0xfa, 0x00, 0x00, 0x00, 0x00, 0x00, 0x00, 0x00, 0x00,
    0x00, 0x00, 0x00, 0x06, 0xff, 0xfe, 0xff, 0xf1, 0x00, 0x00, 0x00, 0x00, 0x00, 0x00, 0x00, 0x00,
    0x00, 0x00, 0x00, 0xcf, 0xff, 0x8f, 0xff, 0x70, 0x00, 0x00, 0x00, 0x00, 0x00, 0x00, 0x00, 0x00,
    0x00, 0x00, 0x3f, 0xff, 0xb2, 0xff, 0xfc, 0x00, 0x00, 0x00, 0x00, 0x00, 0x00, 0x00, 0x00, 0x00,
    0x00, 0x08, 0xff, 0xf7, 0x0d, 0xff, 0xf3, 0x00, 0x00, 0x00, 0x00, 0x00, 0x00, 0x00, 0x00, 0x00,
    0x00, 0xef, 0xff, 0x30, 0x8f, 0xff, 0x90, 0x00, 0x00, 0x00, 0x00, 0x00, 0x00, 0x00, 0x00, 0x00,
    0x5f, 0xff, 0xd0, 0x03, 0xff, 0xfe, 0x10, 0x00, 0x00, 0x00, 0x00, 0x00, 0x00, 0x00, 0x00, 0x0b,
    0xff, 0xf7, 0x00, 0x0c, 0xff, 0xf6, 0x00, 0x00, 0x00, 0x00, 0x00, 0x00, 0x00, 0x00, 0x02, 0xff,
    0xff, 0x20, 0x00, 0x7f, 0xff, 0xc0, 0x00, 0x00, 0x00, 0x00, 0x00, 0x00, 0x00, 0x00, 0x8f, 0xff,
    0xb0, 0x00, 0x01, 0xff, 0xff, 0x30, 0x00, 0x00, 0x00, 0x00, 0x00, 0x00, 0x00, 0x0e, 0xff, 0xf5,
    0x00, 0x00, 0x0a, 0xff, 0xf9, 0x00, 0x00, 0x00, 0x00, 0x00, 0x00, 0x00, 0x05, 0xff, 0xfe, 0x00,
    0x00, 0x00, 0x5f, 0xff, 0xe1, 0x00, 0x00, 0x00, 0x00, 0x00, 0x00, 0x00, 0xbf, 0xff, 0x90, 0x00,
    0x00, 0x00, 0xef, 0xff, 0x50, 0x00, 0x00, 0x00, 0x00, 0x00, 0x00, 0x2f, 0xff, 0xf3, 0x00, 0x00,
    0x00, 0x09, 0xff, 0xfb, 0x00, 0x00, 0x00, 0x00, 0x00, 0x00, 0x08, 0xff, 0xfd, 0x00, 0x00, 0x00,
    0x00, 0x3f, 0xff, 0xf2, 0x00, 0x00, 0x00, 0x00, 0x00, 0x00, 0xdf, 0xff, 0x70, 0x00, 0x00, 0x00,
    0x00, 0xcf, 0xff, 0x80, 0x00, 0x00, 0x00, 0x00, 0x00, 0x4f, 0xff, 0xf1, 0x00, 0x00, 0x00, 0x00,
    0x07, 0xff, 0xfe, 0x00, 0x00, 0x00, 0x00, 0x00, 0x0a, 0xff, 0xff, 0xff, 0xff, 0xff, 0xff, 0xff,
    0xff, 0xff, 0xf5, 0x00, 0x00, 0x00, 0x00, 0x01, 0xff, 0xff, 0xff, 0xff, 0xff, 0xff, 0xff, 0xff,
    0xff, 0xff, 0xb0, 0x00, 0x00, 0x00, 0x00, 0x7f, 0xff, 0xff, 0xff, 0xff, 0xff, 0xff, 0xff, 0xff,
    0xff, 0xff, 0x20, 0x00, 0x00, 0x00, 0x0d, 0xff, 0xfa, 0x77, 0x77, 0x77, 0x77, 0x77, 0x77, 0x7e,
    0xff, 0xf8, 0x00, 0x00, 0x00, 0x04, 0xff, 0xff, 0x10, 0x00, 0x00, 0x00, 0x00, 0x00, 0x00, 0x9f,
    0xff, 0xd0, 0x00, 0x00, 0x00, 0xaf, 0xff, 0xa0, 0x00, 0x00, 0x00, 0x00, 0x00, 0x00, 0x03, 0xff,
    0xff, 0x40, 0x00, 0x00, 0x1f, 0xff, 0xf4, 0x00, 0x00, 0x00, 0x00, 0x00, 0x00, 0x00, 0x0c, 0xff,
    0xfa, 0x00, 0x00, 0x07, 0xff, 0xfd, 0x00, 0x00, 0x00, 0x00, 0x00, 0x00, 0x00, 0x00, 0x6f, 0xff,
    0xf1, 0x00, 0x00, 0xdf, 0xff, 0x80, 0x00, 0x00, 0x00, 0x00, 0x00, 0x00, 0x00, 0x01, 0xef, 0xff,
    0x70, 0x00, 0x3f, 0xff, 0xf2, 0x00, 0x00, 0x00, 0x00, 0x00, 0x00, 0x00, 0x00, 0x09, 0xff, 0xfd,
    0x00, 0x09, 0xff, 0xfb, 0x00, 0x00, 0x00, 0x00, 0x00, 0x00, 0x00, 0x00, 0x00, 0x3f, 0xff, 0xf4,
    0x01, 0xef, 0xff, 0x50, 0x00, 0x00, 0x00, 0x00, 0x00, 0x00, 0x00, 0x00, 0x00, 0xcf, 0xff, 0xa0,
    0x6f, 0xff, 0xe0, 0x00, 0x00, 0x00, 0x00, 0x00, 0x00, 0x00, 0x00, 0x00, 0x07, 0xff, 0xff, 0x1c,
    0xff, 0xf9, 0x00, 0x00, 0x00, 0x00, 0x00, 0x00, 0x00, 0x00, 0x00, 0x00, 0x1f, 0xff, 0xf6, 0x00,
    0x00, 0x00, 0x00, 0x00, 0x00, 0x07, 0x88, 0x85, 0x00, 0x00, 0x00, 0x00, 0x00, 0x00, 0x00, 0x00,
    0x00, 0x00, 0x00, 0x00, 0x08, 0xff, 0xff, 0xe2, 0x00, 0x00, 0x00, 0x00, 0x00, 0x00, 0x00, 0x00,
    0x00, 0x00, 0x00, 0x04, 0xff, 0xff, 0xff, 0xc1, 0x00, 0x00, 0x00, 0x00, 0x00, 0x00, 0x00, 0x00,
    0x00, 0x00, 0x03, 0xef, 0xff, 0xef, 0xff, 0xb0, 0x00, 0x00, 0x00, 0x00, 0x00, 0x00, 0x00, 0x00,
    0x00, 0x01, 0xdf, 0xff, 0x72, 0xcf, 0xff, 0x90, 0x00, 0x00, 0x00, 0x00, 0x00, 0x00, 0x00, 0x00,
    0x01, 0xcf, 0xff, 0x60, 0x01, 0xbf, 0xff, 0x80, 0x00, 0x00, 0x00, 0x00, 0x00, 0x00, 0x00, 0x01,
    0xbf, 0xfe, 0x40, 0x00, 0x00, 0x9f, 0xff, 0x70, 0x00, 0x00, 0x00, 0x00, 0x00, 0x00, 0x00, 0x9f,
    0xfb, 0x20, 0x00, 0x00, 0x00, 0x5e, 0xff, 0x50, 0x00, 0x00, 0x00, 0x00, 0x00, 0x00, 0x00, 0x00,
    0x00, 0x00, 0x00, 0x00, 0x00, 0x00, 0x00, 0x00, 0x00, 0x00, 0x00, 0x00, 0x00, 0x00, 0x00, 0x00,
    0x00, 0x00, 0x00, 0x00, 0x00, 0x00, 0x00, 0x00, 0x00, 0x00, 0x00, 0x00, 0x00, 0x00, 0x00, 0x00,
    0x00, 0x00, 0x00, 0x00, 0x00, 0x00, 0x00, 0x00, 0x00, 0x00, 0x00, 0x00, 0x00, 0x00, 0x00, 0x00,
    0x00, 0x00, 0x00, 0x00, 0x00, 0x00, 0x00, 0x00, 0x00, 0x00, 0x00, 0x00, 0x00, 0x00, 0x00, 0x0c,
    0xff, 0xf7, 0x00, 0x00, 0x00, 0x00, 0x00, 0x00, 0x00, 0x00, 0x00, 0x00, 0x00, 0x00, 0x03, 0xff,
    0xff, 0xd0, 0x00, 0x00, 0x00, 0x00, 0x00, 0x00, 0x00, 0x00, 0x00, 0x00, 0x00, 0x00, 0x9f, 0xff,
    0xff, 0x40, 0x00, 0x00, 0x00, 0x00, 0x00, 0x00, 0x00, 0x00, 0x00, 0x00, 0x00, 0x1e, 0xff, 0xff,
    0xfa, 0x00, 0x00, 0x00, 0x00, 0x00, 0x00, 0x00, 0x00, 0x00, 0x00, 0x00, 0x06, 0xff, 0xfe, 0xff,
    0xf1, 0x00, 0x00, 0x00, 0x00, 0x00, 0x00, 0x00, 0x00, 0x00, 0x00, 0x00, 0xcf, 0xff, 0x8f, 0xff,
    0x70, 0x00, 0x00, 0x00, 0x00, 0x00, 0x00, 0x00, 0x00, 0x00, 0x00, 0x3f, 0xff, 0xb2, 0xff, 0xfc,
    0x00, 0x00, 0x00, 0x00, 0x00, 0x00, 0x00, 0x00, 0x00, 0x00, 0x08, 0xff, 0xf7, 0x0d, 0xff, 0xf3,
    0x00, 0x00, 0x00, 0x00, 0x00, 0x00, 0x00, 0x00, 0x00, 0x00, 0xef, 0xff, 0x30, 0x8f, 0xff, 0x90,
    0x00, 0x00, 0x00, 0x00, 0x00, 0x00, 0x00, 0x00, 0x00, 0x5f, 0xff, 0xd0, 0x03, 0xff, 0xfe, 0x10,
    0x00, 0x00, 0x00, 0x00, 0x00, 0x00, 0x00, 0x00, 0x0b, 0xff, 0xf7, 0x00, 0x0c, 0xff, 0xf6, 0x00,
    0x00, 0x00, 0x00, 0x00, 0x00, 0x00, 0x00, 0x02, 0xff, 0xff, 0x20, 0x00, 0x7f, 0xff, 0xc0, 0x00,
    0x00, 0x00, 0x00, 0x00, 0x00, 0x00, 0x00, 0x8f, 0xff, 0xb0, 0x00, 0x01, 0xff, 0xff, 0x30, 0x00,
    0x00, 0x00, 0x00, 0x00, 0x00, 0x00, 0x0e, 0xff, 0xf5, 0x00, 0x00, 0x0a, 0xff, 0xf9, 0x00, 0x00,
    0x00, 0x00, 0x00, 0x00, 0x00, 0x05, 0xff, 0xfe, 0x00, 0x00, 0x00, 0x5f, 0xff, 0xe1, 0x00, 0x00,
    0x00, 0x00, 0x00, 0x00, 0x00, 0xbf, 0xff, 0x90, 0x00, 0x00, 0x00, 0xef, 0xff, 0x50, 0x00, 0x00,
    0x00, 0x00, 0x00, 0x00, 0x2f, 0xff, 0xf3, 0x00, 0x00, 0x00, 0x09, 0xff, 0xfb, 0x00, 0x00, 0x00,
    0x00, 0x00, 0x00, 0x08, 0xff, 0xfd, 0x00, 0x00, 0x00, 0x00, 0x3f, 0xff, 0xf2, 0x00, 0x00, 0x00,
    0x00, 0x00, 0x00, 0xdf, 0xff, 0x70, 0x00, 0x00, 0x00, 0x00, 0xcf, 0xff, 0x80, 0x00, 0x00, 0x00,
    0x00, 0x00, 0x4f, 0xff, 0xf1, 0x00, 0x00, 0x00, 0x00, 0x07, 0xff, 0xfe, 0x00, 0x00, 0x00, 0x00,
    0x00, 0x0a, 0xff, 0xff, 0xff, 0xff, 0xff, 0xff, 0xff, 0xff, 0xff, 0xf5, 0x00, 0x00, 0x00, 0x00,
    0x01, 0xff, 0xff, 0xff, 0xff, 0xff, 0xff, 0xff, 0xff, 0xff, 0xff, 0xb0, 0x00, 0x00, 0x00, 0x00,
    0x7f, 0xff, 0xff, 0xff, 0xff, 0xff, 0xff, 0xff, 0xff, 0xff, 0xff, 0x20, 0x00, 0x00, 0x00, 0x0d,
    0xff, 0xfa, 0x77, 0x77, 0x77, 0x77, 0x77, 0x77, 0x7e, 0xff, 0xf8, 0x00, 0x00, 0x00, 0x04, 0xff,
    0xff, 0x10, 0x00, 0x00, 0x00, 0x00, 0x00, 0x00, 0x9f, 0xff, 0xd0, 0x00, 0x00, 0x00, 0xaf, 0xff,
    0xa0, 0x00, 0x00, 0x00, 0x00, 0x00, 0x00, 0x03, 0xff, 0xff, 0x40, 0x00, 0x00, 0x1f, 0xff, 0xf4,
    0x00, 0x00, 0x00, 0x00, 0x00, 0x00, 0x00, 0x0c, 0xff, 0xfa, 0x00, 0x00, 0x07, 0xff, 0xfd, 0x00,
    0x00, 0x00, 0x00, 0x00, 0x00, 0x00, 0x00, 0x6f, 0xff, 0xf1, 0x00, 0x00, 0xdf, 0xff, 0x80, 0x00,
    0x00, 0x00, 0x00, 0x00, 0x00, 0x00, 0x01, 0xef, 0xff, 0x70, 0x00, 0x3f, 0xff, 0xf2, 0x00, 0x00,
    0x00, 0x00, 0x00, 0x00, 0x00, 0x00, 0x09, 0xff, 0xfd, 0x00, 0x09, 0xff, 0xfb, 0x00, 0x00, 0x00,
    0x00, 0x00, 0x00, 0x00, 0x00, 0x00, 0x3f, 0xff, 0xf4, 0x01, 0xef, 0xff, 0x50, 0x00, 0x00, 0x00,
    0x00, 0x00, 0x00, 0x00, 0x00, 0x00, 0xcf, 0xff, 0xa0, 0x6f, 0xff, 0xe0, 0x00, 0x00, 0x00, 0x00,
    0x00, 0x00, 0x00, 0x00, 0x00, 0x07, 0xff, 0xff, 0x1c, 0xff, 0xf9, 0x00, 0x00, 0x00, 0x00, 0x00,
    0x00, 0x00, 0x00, 0x00, 0x00, 0x1f, 0xff, 0xf6, 0x00, 0x00, 0x00, 0x00, 0x07, 0xdf, 0xea, 0x50,
    0x00, 0x00, 0x08, 0xfe, 0x00, 0x00, 0x00, 0x00, 0x00, 0x00, 0x00, 0x0b, 0xff, 0xff, 0xff, 0xc4,
    0x00, 0x02, 0xef, 0xc0, 0x00, 0x00, 0x00, 0x00, 0x00, 0x00, 0x08, 0xff, 0xff, 0xff, 0xff, 0xfc,
    0x88, 0xef, 0xf7, 0x00, 0x00, 0x00, 0x00, 0x00, 0x00, 0x01, 0xef, 0xfb, 0x8a, 0xef, 0xff, 0xff,
    0xff, 0xfe, 0x10, 0x00, 0x00, 0x00, 0x00, 0x00, 0x00, 0x4f, 0xf8, 0x00, 0x01, 0x8e, 0xff, 0xff,
    0xff, 0x40, 0x00, 0x00, 0x00, 0x00, 0x00, 0x00, 0x07, 0xff, 0x10, 0x00, 0x00, 0x17, 0xce, 0xea,
    0x30, 0x00, 0x00, 0x00, 0x00, 0x00, 0x00, 0x00, 0x00, 0x00, 0x00, 0x00, 0x00, 0x00, 0x00, 0x00,
    0x00, 0x00, 0x00, 0x00, 0x00, 0x00, 0x00, 0x00, 0x00, 0x00, 0x00, 0x00, 0x00, 0x00, 0x00, 0x00,
    0x00, 0x00, 0x00, 0x00, 0x00, 0x00, 0x00, 0x00, 0x00, 0x00, 0x00, 0x00, 0x00, 0x00, 0x00, 0x00,
    0x00, 0x00, 0x00, 0x00, 0x00, 0x00, 0x00, 0x00, 0x00, 0x00, 0x00, 0x00, 0x00, 0x00, 0x00, 0x00,
    0x00, 0x00, 0x00, 0x00, 0x00, 0x00, 0x00, 0x00, 0x00, 0x0c, 0xff, 0xf7, 0x00, 0x00, 0x00, 0x00,
    0x00, 0x00, 0x00, 0x00, 0x00, 0x00, 0x00, 0x00, 0x03, 0xff, 0xff, 0xd0, 0x00, 0x00, 0x00, 0x00,
    0x00, 0x00, 0x00, 0x00, 0x00, 0x00, 0x00, 0x00, 0x9f, 0xff, 0xff, 0x40, 0x00, 0x00, 0x00, 0x00,
    0x00, 0x00, 0x00, 0x00, 0x00, 0x00, 0x00, 0x1e, 0xff, 0xff, 0xfa, 0x00, 0x00, 0x00, 0x00, 0x00,
    0x00, 0x00, 0x00, 0x00, 0x00, 0x00, 0x06, 0xff, 0xfe, 0xff, 0xf1, 0x00, 0x00, 0x00, 0x00, 0x00,
    0x00, 0x00, 0x00, 0x00, 0x00, 0x00, 0xcf, 0xff, 0x8f, 0xff, 0x70, 0x00, 0x00, 0x00, 0x00, 0x00,
    0x00, 0x00, 0x00, 0x00, 0x00, 0x3f, 0xff, 0xb2, 0xff, 0xfc, 0x00, 0x00, 0x00, 0x00, 0x00, 0x00,
    0x00, 0x00, 0x00, 0x00, 0x08, 0xff, 0xf7, 0x0d, 0xff, 0xf3, 0x00, 0x00, 0x00, 0x00, 0x00, 0x00,
    0x00, 0x00, 0x00, 0x00, 0xef, 0xff, 0x30, 0x8f, 0xff, 0x90, 0x00, 0x00, 0x00, 0x00, 0x00, 0x00,
    0x00, 0x00, 0x00, 0x5f, 0xff, 0xd0, 0x03, 0xff, 0xfe, 0x10, 0x00, 0x00, 0x00, 0x00, 0x00, 0x00,
    0x00, 0x00, 0x0b, 0xff, 0xf7, 0x00, 0x0c, 0xff, 0xf6, 0x00, 0x00, 0x00, 0x00, 0x00, 0x00, 0x00,
    0x00, 0x02, 0xff, 0xff, 0x20, 0x00, 0x7f, 0xff, 0xc0, 0x00, 0x00, 0x00, 0x00, 0x00, 0x00, 0x00,
    0x00, 0x8f, 0xff, 0xb0, 0x00, 0x01, 0xff, 0xff, 0x30, 0x00, 0x00, 0x00, 0x00, 0x00, 0x00, 0x00,
    0x0e, 0xff, 0xf5, 0x00, 0x00, 0x0a, 0xff, 0xf9, 0x00, 0x00, 0x00, 0x00, 0x00, 0x00, 0x00, 0x05,
    0xff, 0xfe, 0x00, 0x00, 0x00, 0x5f, 0xff, 0xe1, 0x00, 0x00, 0x00, 0x00, 0x00, 0x00, 0x00, 0xbf,
    0xff, 0x90, 0x00, 0x00, 0x00, 0xef, 0xff, 0x50, 0x00, 0x00, 0x00, 0x00, 0x00, 0x00, 0x2f, 0xff,
    0xf3, 0x00, 0x00, 0x00, 0x09, 0xff, 0xfb, 0x00, 0x00, 0x00, 0x00, 0x00, 0x00, 0x08, 0xff, 0xfd,
    0x00, 0x00, 0x00, 0x00, 0x3f, 0xff, 0xf2, 0x00, 0x00, 0x00, 0x00, 0x00, 0x00, 0xdf, 0xff, 0x70,
    0x00, 0x00, 0x00, 0x00, 0xcf, 0xff, 0x80, 0x00, 0x00, 0x00, 0x00, 0x00, 0x4f, 0xff, 0xf1, 0x00,
    0x00, 0x00, 0x00, 0x07, 0xff, 0xfe, 0x00, 0x00, 0x00, 0x00, 0x00, 0x0a, 0xff, 0xff, 0xff, 0xff,
    0xff, 0xff, 0xff, 0xff, 0xff, 0xf5, 0x00, 0x00, 0x00, 0x00, 0x01, 0xff, 0xff, 0xff, 0xff, 0xff,
    0xff, 0xff, 0xff, 0xff, 0xff, 0xb0, 0x00, 0x00, 0x00, 0x00, 0x7f, 0xff, 0xff, 0xff, 0xff, 0xff,
    0xff, 0xff, 0xff, 0xff, 0xff, 0x20, 0x00, 0x00, 0x00, 0x0d, 0xff, 0xfa, 0x77, 0x77, 0x77, 0x77,
    0x77, 0x77, 0x7e, 0xff, 0xf8, 0x00, 0x00, 0x00, 0x04, 0xff, 0xff, 0x10, 0x00, 0x00, 0x00, 0x00,
    0x00, 0x00, 0x9f, 0xff, 0xd0, 0x00, 0x00, 0x00, 0xaf, 0xff, 0xa0, 0x00, 0x00, 0x00, 0x00, 0x00,
    0x00, 0x03, 0xff, 0xff, 0x40, 0x00, 0x00, 0x1f, 0xff, 0xf4, 0x00, 0x00, 0x00, 0x00, 0x00, 0x00,
    0x00, 0x0c, 0xff, 0xfa, 0x00, 0x00, 0x07, 0xff, 0xfd, 0x00, 0x00, 0x00, 0x00, 0x00, 0x00, 0x00,
    0x00, 0x6f, 0xff, 0xf1, 0x00, 0x00, 0xdf, 0xff, 0x80, 0x00, 0x00, 0x00, 0x00, 0x00, 0x00, 0x00,
    0x01, 0xef, 0xff, 0x70, 0x00, 0x3f, 0xff, 0xf2, 0x00, 0x00, 0x00, 0x00, 0x00, 0x00, 0x00, 0x00,
    0x09, 0xff, 0xfd, 0x00, 0x09, 0xff, 0xfb, 0x00, 0x00, 0x00, 0x00, 0x00, 0x00, 0x00, 0x00, 0x00,
    0x3f, 0xff, 0xf4, 0x01, 0xef, 0xff, 0x50, 0x00, 0x00, 0x00, 0x00, 0x00, 0x00, 0x00, 0x00, 0x00,
    0xcf, 0xff, 0xa0, 0x6f, 0xff, 0xe0, 0x00, 0x00, 0x00, 0x00, 0x00, 0x00, 0x00, 0x00, 0x00, 0x07,
    0xff, 0xff, 0x1c, 0xff, 0xf9, 0x00, 0x00, 0x00, 0x00, 0x00, 0x00, 0x00, 0x00, 0x00, 0x00, 0x1f,
    0xff, 0xf6, 0x00, 0x00, 0x00, 0x00, 0x09, 0xed, 0x30, 0x00, 0x00, 0x9e, 0xc3, 0x00, 0x00, 0x00,
    0x00, 0x00, 0x00, 0x00, 0x00, 0x05, 0xff, 0xfc, 0x00, 0x00, 0x5f, 0xff, 0xc0, 0x00, 0x00, 0x00,
    0x00, 0x00, 0x00, 0x00, 0x00, 0x7f, 0xff, 0xe0, 0x00, 0x07, 0xff, 0xfe, 0x00, 0x00, 0x00, 0x00,
    0x00, 0x00, 0x00, 0x00, 0x05, 0xff, 0xfc, 0x00, 0x00, 0x4f, 0xff, 0xc0, 0x00, 0x00, 0x00, 0x00,
    0x00, 0x00, 0x00, 0x00, 0x09, 0xec, 0x30, 0x00, 0x00, 0x9e, 0xc3, 0x00, 0x00, 0x00, 0x00, 0x00,
    0x00, 0x00, 0x00, 0x00, 0x00, 0x00, 0x00, 0x00, 0x00, 0x00, 0x00, 0x00, 0x00, 0x00, 0x00, 0x00,
    0x00, 0x00, 0x00, 0x00, 0x00, 0x00, 0x00, 0x00, 0x00, 0x00, 0x00, 0x00, 0x00, 0x00, 0x00, 0x00,
    0x00, 0x00, 0x00, 0x00, 0x00, 0x00, 0x00, 0x00, 0x00, 0x00, 0x00, 0x00, 0x00, 0x00, 0x00, 0x00,
    0x00, 0x00, 0x00, 0x00, 0x00, 0x00, 0x00, 0x00, 0x00, 0x00, 0x00, 0x00, 0x00, 0x00, 0x00, 0x00,
    0x00, 0x00, 0x00, 0x00, 0x00, 0x00, 0x00, 0x00, 0x00, 0x00, 0x00, 0x00, 0x00, 0x00, 0x00, 0x00,
    0x00, 0x00, 0x00, 0x0c, 0xff, 0xf7, 0x00, 0x00, 0x00, 0x00, 0x00, 0x00, 0x00, 0x00, 0x00, 0x00,
    0x00, 0x00, 0x03, 0xff, 0xff, 0xd0, 0x00, 0x00, 0x00, 0x00, 0x00, 0x00, 0x00, 0x00, 0x00, 0x00,
    0x00, 0x00, 0x9f, 0xff, 0xff, 0x40, 0x00, 0x00, 0x00, 0x00, 0x00, 0x00, 0x00, 0x00, 0x00, 0x00,
    0x00, 0x1e, 0xff, 0xff, 0xfa, 0x00, 0x00, 0x00, 0x00, 0x00, 0x00, 0x00, 0x00, 0x00, 0x00, 0x00,
    0x06, 0xff, 0xfe, 0xff, 0xf1, 0x00, 0x00, 0x00, 0x00, 0x00, 0x00, 0x00, 0x00, 0x00, 0x00, 0x00,
    0xcf, 0xff, 0x8f, 0xff, 0x70, 0x00, 0x00, 0x00, 0x00, 0x00, 0x00, 0x00, 0x00, 0x00, 0x00, 0x3f,
    0xff, 0xb2, 0xff, 0xfc, 0x00, 0x00, 0x00, 0x00, 0x00, 0x00, 0x00, 0x00, 0x00, 0x00, 0x08, 0xff,
    0xf7, 0x0d, 0xff, 0xf3, 0x00, 0x00, 0x00, 0x00, 0x00, 0x00, 0x00, 0x00, 0x00, 0x00, 0xef, 0xff,
    0x30, 0x8f, 0xff, 0x90, 0x00, 0x00, 0x00, 0x00, 0x00, 0x00, 0x00, 0x00, 0x00, 0x5f, 0xff, 0xd0,
    0x03, 0xff, 0xfe, 0x10, 0x00, 0x00, 0x00, 0x00, 0x00, 0x00, 0x00, 0x00, 0x0b, 0xff, 0xf7, 0x00,
    0x0c, 0xff, 0xf6, 0x00, 0x00, 0x00, 0x00, 0x00, 0x00, 0x00, 0x00, 0x02, 0xff, 0xff, 0x20, 0x00,
    0x7f, 0xff, 0xc0, 0x00, 0x00, 0x00, 0x00, 0x00, 0x00, 0x00, 0x00, 0x8f, 0xff, 0xb0, 0x00, 0x01,
    0xff, 0xff, 0x30, 0x00, 0x00, 0x00, 0x00, 0x00, 0x00, 0x00, 0x0e, 0xff, 0xf5, 0x00, 0x00, 0x0a,
    0xff, 0xf9, 0x00, 0x00, 0x00, 0x00, 0x00, 0x00, 0x00, 0x05, 0xff, 0xfe, 0x00, 0x00, 0x00, 0x5f,
    0xff, 0xe1, 0x00, 0x00, 0x00, 0x00, 0x00, 0x00, 0x00, 0xbf, 0xff, 0x90, 0x00, 0x00, 0x00, 0xef,
    0xff, 0x50, 0x00, 0x00, 0x00, 0x00, 0x00, 0x00, 0x2f, 0xff, 0xf3, 0x00, 0x00, 0x00, 0x09, 0xff,
    0xfb, 0x00, 0x00, 0x00, 0x00, 0x00, 0x00, 0x08, 0xff, 0xfd, 0x00, 0x00, 0x00, 0x00, 0x3f, 0xff,
    0xf2, 0x00, 0x00, 0x00, 0x00, 0x00, 0x00, 0xdf, 0xff, 0x70, 0x00, 0x00, 0x00, 0x00, 0xcf, 0xff,
    0x80, 0x00, 0x00, 0x00, 0x00, 0x00, 0x4f, 0xff, 0xf1, 0x00, 0x00, 0x00, 0x00, 0x07, 0xff, 0xfe,
    0x00, 0x00, 0x00, 0x00, 0x00, 0x0a, 0xff, 0xff, 0xff, 0xff, 0xff, 0xff, 0xff, 0xff, 0xff, 0xf5,
    0x00, 0x00, 0x00, 0x00, 0x01, 0xff, 0xff, 0xff, 0xff, 0xff, 0xff, 0xff, 0xff, 0xff, 0xff, 0xb0,
    0x00, 0x00, 0x00, 0x00, 0x7f, 0xff, 0xff, 0xff, 0xff, 0xff, 0xff, 0xff, 0xff, 0xff, 0xff, 0x20,
    0x00, 0x00, 0x00, 0x0d, 0xff, 0xfa, 0x77, 0x77, 0x77, 0x77, 0x77, 0x77, 0x7e, 0xff, 0xf8, 0x00,
    0x00, 0x00, 0x04, 0xff, 0xff, 0x10, 0x00, 0x00, 0x00, 0x00, 0x00, 0x00, 0x9f, 0xff, 0xd0, 0x00,
    0x00, 0x00, 0xaf, 0xff, 0xa0, 0x00, 0x00, 0x00, 0x00, 0x00, 0x00, 0x03, 0xff, 0xff, 0x40, 0x00,
    0x00, 0x1f, 0xff, 0xf4, 0x00, 0x00, 0x00, 0x00, 0x00, 0x00, 0x00, 0x0c, 0xff, 0xfa, 0x00, 0x00,
    0x07, 0xff, 0xfd, 0x00, 0x00, 0x00, 0x00, 0x00, 0x00, 0x00, 0x00, 0x6f, 0xff, 0xf1, 0x00, 0x00,
    0xdf, 0xff, 0x80, 0x00, 0x00, 0x00, 0x00, 0x00, 0x00, 0x00, 0x01, 0xef, 0xff, 0x70, 0x00, 0x3f,
    0xff, 0xf2, 0x00, 0x00, 0x00, 0x00, 0x00, 0x00, 0x00, 0x00, 0x09, 0xff, 0xfd, 0x00, 0x09, 0xff,
    0xfb, 0x00, 0x00, 0x00, 0x00, 0x00, 0x00, 0x00, 0x00, 0x00, 0x3f, 0xff, 0xf4, 0x01, 0xef, 0xff,
    0x50, 0x00, 0x00, 0x00, 0x00, 0x00, 0x00, 0x00, 0x00, 0x00, 0xcf, 0xff, 0xa0, 0x6f, 0xff, 0xe0,
    0x00, 0x00, 0x00, 0x00, 0x00, 0x00, 0x00, 0x00, 0x00, 0x07, 0xff, 0xff, 0x1c, 0xff, 0xf9, 0x00,
    0x00, 0x00, 0x00, 0x00, 0x00, 0x00, 0x00, 0x00, 0x00, 0x1f, 0xff, 0xf6, 0x00, 0x00, 0x00, 0x00,
    0x00, 0x00, 0x6c, 0xef, 0xd8, 0x20, 0x00, 0x00, 0x00, 0x00, 0x00, 0x00, 0x00, 0x00, 0x00, 0x00,
    0x00, 0xbf, 0xff, 0xff, 0xfe, 0x30, 0x00, 0x00, 0x00, 0x00, 0x00, 0x00, 0x00, 0x00, 0x00, 0x00,
    0x7f, 0xfc, 0x43, 0x8f, 0xfe, 0x10, 0x00, 0x00, 0x00, 0x00, 0x00, 0x00, 0x00, 0x00, 0x00, 0x0c,
    0xfd, 0x10, 0x00, 0x8f, 0xf5, 0x00, 0x00, 0x00, 0x00, 0x00, 0x00, 0x00, 0x00, 0x00, 0x00, 0xff,
    0x90, 0x00, 0x03, 0xff, 0x80, 0x00, 0x00, 0x00, 0x00, 0x00, 0x00, 0x00, 0x00, 0x00, 0x0f, 0xf9,
    0x00, 0x00, 0x3f, 0xf7, 0x00, 0x00, 0x00, 0x00, 0x00, 0x00, 0x00, 0x00, 0x00, 0x00, 0xcf, 0xd0,
    0x00, 0x07, 0xff, 0x50, 0x00, 0x00, 0x00, 0x00, 0x00, 0x00, 0x00, 0x00, 0x00, 0x07, 0xff, 0xb4,
    0x38, 0xff, 0xd1, 0x00, 0x00, 0x00, 0x00, 0x00, 0x00, 0x00, 0x00, 0x00, 0x00, 0x0a, 0xff, 0xff,
    0xff, 0xe3, 0x00, 0x00, 0x00, 0x00, 0x00, 0x00, 0x00, 0x00, 0x00, 0x00, 0x00, 0x09, 0xff, 0xff,
    0xf2, 0x00, 0x00, 0x00, 0x00, 0x00, 0x00, 0x00, 0x00, 0x00, 0x00, 0x00, 0x00, 0x9f, 0xff, 0xff,
    0x40, 0x00, 0x00, 0x00, 0x00, 0x00, 0x00, 0x00, 0x00, 0x00, 0x00, 0x00, 0x1e, 0xff, 0xff, 0xfa,
    0x00, 0x00, 0x00, 0x00, 0x00, 0x00, 0x00, 0x00, 0x00, 0x00, 0x00, 0x06, 0xff, 0xfe, 0xff, 0xf1,
    0x00, 0x00, 0x00, 0x00, 0x00, 0x00, 0x00, 0x00, 0x00, 0x00, 0x00, 0xcf, 0xff, 0x8f, 0xff, 0x70,
    0x00, 0x00, 0x00, 0x00, 0x00, 0x00, 0x00, 0x00, 0x00, 0x00, 0x3f, 0xff, 0xb2, 0xff, 0xfc, 0x00,
    0x00, 0x00, 0x00, 0x00, 0x00, 0x00, 0x00, 0x00, 0x00, 0x08, 0xff, 0xf7, 0x0d, 0xff, 0xf3, 0x00,
    0x00, 0x00, 0x00, 0x00, 0x00, 0x00, 0x00, 0x00, 0x00, 0xef, 0xff, 0x30, 0x8f, 0xff, 0x90, 0x00,
    0x00, 0x00, 0x00, 0x00, 0x00, 0x00, 0x00, 0x00, 0x5f, 0xff, 0xd0, 0x03, 0xff, 0xfe, 0x10, 0x00,
    0x00, 0x00, 0x00, 0x00, 0x00, 0x00, 0x00, 0x0b, 0xff, 0xf7, 0x00, 0x0c, 0xff, 0xf6, 0x00, 0x00,
    0x00, 0x00, 0x00, 0x00, 0x00, 0x00, 0x02, 0xff, 0xff, 0x20, 0x00, 0x7f, 0xff, 0xc0, 0x00, 0x00,
    0x00, 0x00, 0x00, 0x00, 0x00, 0x00, 0x8f, 0xff, 0xb0, 0x00, 0x01, 0xff, 0xff, 0x30, 0x00, 0x00,
    0x00, 0x00, 0x00, 0x00, 0x00, 0x0e, 0xff, 0xf5, 0x00, 0x00, 0x0a, 0xff, 0xf9, 0x00, 0x00, 0x00,
    0x00, 0x00, 0x00, 0x00, 0x05, 0xff, 0xfe, 0x00, 0x00, 0x00, 0x5f, 0xff, 0xe1, 0x00, 0x00, 0x00,
    0x00, 0x00, 0x00, 0x00, 0xbf, 0xff, 0x90, 0x00, 0x00, 0x00, 0xef, 0xff, 0x50, 0x00, 0x00, 0x00,
    0x00, 0x00, 0x00, 0x2f, 0xff, 0xf3, 0x00, 0x00, 0x00, 0x09, 0xff, 0xfb, 0x00, 0x00, 0x00, 0x00,
    0x00, 0x00, 0x08, 0xff, 0xfd, 0x00, 0x00, 0x00, 0x00, 0x3f, 0xff, 0xf2, 0x00, 0x00, 0x00, 0x00,
    0x00, 0x00, 0xdf, 0xff, 0x70, 0x00, 0x00, 0x00, 0x00, 0xcf, 0xff, 0x80, 0x00, 0x00, 0x00, 0x00,
    0x00, 0x4f, 0xff, 0xf1, 0x00, 0x00, 0x00, 0x00, 0x07, 0xff, 0xfe, 0x00, 0x00, 0x00, 0x00, 0x00,
    0x0a, 0xff, 0xff, 0xff, 0xff, 0xff, 0xff, 0xff, 0xff, 0xff, 0xf5, 0x00, 0x00, 0x00, 0x00, 0x01,
    0xff, 0xff, 0xff, 0xff, 0xff, 0xff, 0xff, 0xff, 0xff, 0xff, 0xb0, 0x00, 0x00, 0x00, 0x00, 0x7f,
    0xff, 0xff, 0xff, 0xff, 0xff, 0xff, 0xff, 0xff, 0xff, 0xff, 0x20, 0x00, 0x00, 0x00, 0x0d, 0xff,
    0xfa, 0x77, 0x77, 0x77, 0x77, 0x77, 0x77, 0x7e, 0xff, 0xf8, 0x00, 0x00, 0x00, 0x04, 0xff, 0xff,
    0x10, 0x00, 0x00, 0x00, 0x00, 0x00, 0x00, 0x9f, 0xff, 0xd0, 0x00, 0x00, 0x00, 0xaf, 0xff, 0xa0,
    0x00, 0x00, 0x00, 0x00, 0x00, 0x00, 0x03, 0xff, 0xff, 0x40, 0x00, 0x00, 0x1f, 0xff, 0xf4, 0x00,
    0x00, 0x00, 0x00, 0x00, 0x00, 0x00, 0x0c, 0xff, 0xfa, 0x00, 0x00, 0x07, 0xff, 0xfd, 0x00, 0x00,
    0x00, 0x00, 0x00, 0x00, 0x00, 0x00, 0x6f, 0xff, 0xf1, 0x00, 0x00, 0xdf, 0xff, 0x80, 0x00, 0x00,
    0x00, 0x00, 0x00, 0x00, 0x00, 0x01, 0xef, 0xff, 0x70, 0x00, 0x3f, 0xff, 0xf2, 0x00, 0x00, 0x00,
    0x00, 0x00, 0x00, 0x00, 0x00, 0x09, 0xff, 0xfd, 0x00, 0x09, 0xff, 0xfb, 0x00, 0x00, 0x00, 0x00,
    0x00, 0x00, 0x00, 0x00, 0x00, 0x3f, 0xff, 0xf4, 0x01, 0xef, 0xff, 0x50, 0x00, 0x00, 0x00, 0x00,
    0x00, 0x00, 0x00, 0x00, 0x00, 0xcf, 0xff, 0xa0, 0x6f, 0xff, 0xe0, 0x00, 0x00, 0x00, 0x00, 0x00,
    0x00, 0x00, 0x00, 0x00, 0x07, 0xff, 0xff, 0x1c, 0xff, 0xf9, 0x00, 0x00, 0x00, 0x00, 0x00, 0x00,
    0x00, 0x00, 0x00, 0x00, 0x1f, 0xff, 0xf6, 0x00, 0x00, 0x00, 0x00, 0x00, 0x00, 0x00, 0x00, 0x1e,
    0xff, 0xff, 0xff, 0xff, 0xff, 0xff, 0xff, 0xff, 0xff, 0xff, 0xff, 0x60, 0x00, 0x00, 0x00, 0x00,
    0x00, 0x00, 0x00, 0x00, 0x08, 0xff, 0xff, 0xff, 0xff, 0xff, 0xff, 0xff, 0xff, 0xff, 0xff, 0xff,
    0xf6, 0x00, 0x00, 0x00, 0x00, 0x00, 0x00, 0x00, 0x00, 0x01, 0xef, 0xff, 0xff, 0xff, 0xff, 0xff,
    0xff, 0xff, 0xff, 0xff, 0xff, 0xff, 0x60, 0x00, 0x00, 0x00, 0x00, 0x00, 0x00, 0x00, 0x00, 0x7f,
    0xff, 0xc7, 0x7b, 0xff, 0xfe, 0x77, 0x77, 0x77, 0x77, 0x77, 0x77, 0x73, 0x00, 0x00, 0x00, 0x00,
    0x00, 0x00, 0x00, 0x00, 0x0e, 0xff, 0xf5, 0x00, 0x7f, 0xff, 0xd0, 0x00, 0x00, 0x00, 0x00, 0x00,
    0x00, 0x00, 0x00, 0x00, 0x00, 0x00, 0x00, 0x00, 0x00, 0x06, 0xff, 0xfd, 0x00, 0x07, 0xff, 0xfd,
    0x00, 0x00, 0x00, 0x00, 0x00, 0x00, 0x00, 0x00, 0x00, 0x00, 0x00, 0x00, 0x00, 0x00, 0x00, 0xdf,
    0xff, 0x60, 0x00, 0x7f, 0xff, 0xd0, 0x00, 0x00, 0x00, 0x00, 0x00, 0x00, 0x00, 0x00, 0x00, 0x00,
    0x00, 0x00, 0x00, 0x00, 0x6f, 0xff, 0xe0, 0x00, 0x07, 0xff, 0xfd, 0x00, 0x00, 0x00, 0x00, 0x00,
    0x00, 0x00, 0x00, 0x00, 0x00, 0x00, 0x00, 0x00, 0x00, 0x0d, 0xff, 0xf7, 0x00, 0x00, 0x7f, 0xff,
    0xd0, 0x00, 0x00, 0x00, 0x00, 0x00, 0x00, 0x00, 0x00, 0x00, 0x00, 0x00, 0x00, 0x00, 0x05, 0xff,
    0xfe, 0x10, 0x00, 0x07, 0xff, 0xfd, 0x00, 0x00, 0x00, 0x00, 0x00, 0x00, 0x00, 0x00, 0x00, 0x00,
    0x00, 0x00, 0x00, 0x00, 0xcf, 0xff, 0x80, 0x00, 0x00, 0x7f, 0xff, 0xd0, 0x00, 0x00, 0x00, 0x00,
    0x00, 0x00, 0x00, 0x00, 0x00, 0x00, 0x00, 0x00, 0x00, 0x4f, 0xff, 0xf2, 0x00, 0x00, 0x07, 0xff,
    0xfd, 0x00, 0x00, 0x00, 0x00, 0x00, 0x00, 0x00, 0x00, 0x00, 0x00, 0x00, 0x00, 0x00, 0x0b, 0xff,
    0xfa, 0x00, 0x00, 0x00, 0x7f, 0xff, 0xd0, 0x00, 0x00, 0x00, 0x00, 0x00, 0x00, 0x00, 0x00, 0x00,
    0x00, 0x00, 0x00, 0x04, 0xff, 0xff, 0x30, 0x00, 0x00, 0x07, 0xff, 0xfd, 0x00, 0x00, 0x00, 0x00,
    0x00, 0x00, 0x00, 0x00, 0x00, 0x00, 0x00, 0x00, 0x00, 0xbf, 0xff, 0xb0, 0x00, 0x00, 0x00, 0x7f,
    0xff, 0xe7, 0x77, 0x77, 0x77, 0x77, 0x77, 0x74, 0x00, 0x00, 0x00, 0x00, 0x00, 0x00, 0x3f, 0xff,
    0xf4, 0x00, 0x00, 0x00, 0x07, 0xff, 0xff, 0xff, 0xff, 0xff, 0xff, 0xff, 0xff, 0x80, 0x00, 0x00,
    0x00, 0x00, 0x00, 0x0a, 0xff, 0xfc, 0x00, 0x00, 0x00, 0x00, 0x7f, 0xff, 0xff, 0xff, 0xff, 0xff,
    0xff, 0xff, 0xf8, 0x00, 0x00, 0x00, 0x00, 0x00, 0x02, 0xff, 0xff, 0x60, 0x00, 0x00, 0x00, 0x07,
    0xff, 0xff, 0xff, 0xff, 0xff, 0xff, 0xff, 0xff, 0x80, 0x00, 0x00, 0x00, 0x00, 0x00, 0xaf, 0xff,
    0xd0, 0x00, 0x00, 0x00, 0x00, 0x7f, 0xff, 0xd0, 0x00, 0x00, 0x00, 0x00, 0x00, 0x00, 0x00, 0x00,
    0x00, 0x00, 0x00, 0x2f, 0xff, 0xf7, 0x00, 0x00, 0x00, 0x00, 0x07, 0xff, 0xfd, 0x00, 0x00, 0x00,
    0x00, 0x00, 0x00, 0x00, 0x00, 0x00, 0x00, 0x00, 0x09, 0xff, 0xff, 0xff, 0xff, 0xff, 0xff, 0xff,
    0xff, 0xff, 0xd0, 0x00, 0x00, 0x00, 0x00, 0x00, 0x00, 0x00, 0x00, 0x00, 0x00, 0x01, 0xff, 0xff,
    0xff, 0xff, 0xff, 0xff, 0xff, 0xff, 0xff, 0xfd, 0x00, 0x00, 0x00, 0x00, 0x00, 0x00, 0x00, 0x00,
    0x00, 0x00, 0x00, 0x8f, 0xff, 0xff, 0xff, 0xff, 0xff, 0xff, 0xff, 0xff, 0xff, 0xd0, 0x00, 0x00,
    0x00, 0x00, 0x00, 0x00, 0x00, 0x00, 0x00, 0x00, 0x1e, 0xff, 0xfb, 0x77, 0x77, 0x77, 0x77, 0x77,
    0x7b, 0xff, 0xfd, 0x00, 0x00, 0x00, 0x00, 0x00, 0x00, 0x00, 0x00, 0x00, 0x00, 0x08, 0xff, 0xfe,
    0x10, 0x00, 0x00, 0x00, 0x00, 0x00, 0x7f, 0xff, 0xd0, 0x00, 0x00, 0x00, 0x00, 0x00, 0x00, 0x00,
    0x00, 0x00, 0x01, 0xef, 0xff, 0x80, 0x00, 0x00, 0x00, 0x00, 0x00, 0x07, 0xff, 0xfd, 0x00, 0x00,
    0x00, 0x00, 0x00, 0x00, 0x00, 0x00, 0x00, 0x00, 0x7f, 0xff, 0xf2, 0x00, 0x00, 0x00, 0x00, 0x00,
    0x00, 0x7f, 0xff, 0xd0, 0x00, 0x00, 0x00, 0x00, 0x00, 0x00, 0x00, 0x00, 0x00, 0x0e, 0xff, 0xf9,
    0x00, 0x00, 0x00, 0x00, 0x00, 0x00, 0x07, 0xff, 0xfd, 0x00, 0x00, 0x00, 0x00, 0x00, 0x00, 0x00,
    0x00, 0x00, 0x06, 0xff, 0xff, 0x20, 0x00, 0x00, 0x00, 0x00, 0x00, 0x00, 0x7f, 0xff, 0xd0, 0x00,
    0x00, 0x00, 0x00, 0x00, 0x00, 0x00, 0x00, 0x00, 0xdf, 0xff, 0x90, 0x00, 0x00, 0x00, 0x00, 0x00,
    0x00, 0x07, 0xff, 0xfd, 0x00, 0x00, 0x00, 0x00, 0x00, 0x00, 0x00, 0x00, 0x00, 0x6f, 0xff, 0xf2,
    0x00, 0x00, 0x00, 0x00, 0x00, 0x00, 0x00, 0x7f, 0xff, 0xe7, 0x77, 0x77, 0x77, 0x77, 0x77, 0x77,
    0x30, 0x00, 0x0d, 0xff, 0xfa, 0x00, 0x00, 0x00, 0x00, 0x00, 0x00, 0x00, 0x07, 0xff, 0xff, 0xff,
    0xff, 0xff, 0xff, 0xff, 0xff, 0xf6, 0x00, 0x05, 0xff, 0xff, 0x20, 0x00, 0x00, 0x00, 0x00, 0x00,
    0x00, 0x00, 0x7f, 0xff, 0xff, 0xff, 0xff, 0xff, 0xff, 0xff, 0xff, 0x60, 0x00, 0xcf, 0xff, 0xa0,
    0x00, 0x00, 0x00, 0x00, 0x00, 0x00, 0x00, 0x07, 0xff, 0xff, 0xff, 0xff, 0xff, 0xff, 0xff, 0xff,
    0xf6, 0x00, 0x00, 0x00, 0x00, 0x00, 0x00, 0x00, 0x00, 0x02, 0x56, 0x77, 0x76, 0x53, 0x00, 0x00,
    0x00, 0x00, 0x00, 0x00, 0x00, 0x00, 0x00, 0x59, 0xef, 0xff, 0xff, 0xff, 0xff, 0xfc, 0x82, 0x00,
    0x00, 0x00, 0x00, 0x00, 0x00, 0x5d, 0xff, 0xff, 0xff, 0xff, 0xff, 0xff, 0xff, 0xff, 0x90, 0x00,
    0x00, 0x00, 0x00, 0x1a, 0xff, 0xff, 0xff, 0xff, 0xff, 0xff, 0xff, 0xff, 0xff, 0x40, 0x00, 0x00,
    0x00, 0x02, 0xdf, 0xff, 0xff, 0xd9, 0x42, 0x10, 0x12, 0x59, 0xef, 0xfc, 0x00, 0x00, 0x00, 0x00,
    0x1d, 0xff, 0xff, 0xe6, 0x00, 0x00, 0x00, 0x00, 0x00, 0x04, 0xa5, 0x00, 0x00, 0x00, 0x00, 0xcf,
    0xff, 0xfc, 0x10, 0x00, 0x00, 0x00, 0x00, 0x00, 0x00, 0x00, 0x00, 0x00, 0x00, 0x07, 0xff, 0xff,
    0xc1, 0x00, 0x00, 0x00, 0x00, 0x00, 0x00, 0x00, 0x00, 0x00, 0x00, 0x00, 0x1e, 0xff, 0xfe, 0x20,
    0x00, 0x00, 0x00, 0x00, 0x00, 0x00, 0x00, 0x00, 0x00, 0x00, 0x00, 0x7f, 0xff, 0xf6, 0x00, 0x00,
    0x00, 0x00, 0x00, 0x00, 0x00, 0x00, 0x00, 0x00, 0x00, 0x00, 0xdf, 0xff, 0xe0, 0x00, 0x00, 0x00,
    0x00, 0x00, 0x00, 0x00, 0x00, 0x00, 0x00, 0x00, 0x03, 0xff, 0xff, 0x70, 0x00, 0x00, 0x00, 0x00,
    0x00, 0x00, 0x00, 0x00, 0x00, 0x00, 0x00, 0x07, 0xff, 0xff, 0x30, 0x00, 0x00, 0x00, 0x00, 0x00,
    0x00, 0x00, 0x00, 0x00, 0x00, 0x00, 0x0a, 0xff, 0xfe, 0x00, 0x00, 0x00, 0x00, 0x00, 0x00, 0x00,
    0x00, 0x00, 0x00, 0x00, 0x00, 0x0d, 0xff, 0xfb, 0x00, 0x00, 0x00, 0x00, 0x00, 0x00, 0x00, 0x00,
    0x00, 0x00, 0x00, 0x00, 0x0f, 0xff, 0xf9, 0x00, 0x00, 0x00, 0x00, 0x00, 0x00, 0x00, 0x00, 0x00,
    0x00, 0x00, 0x00, 0x0f, 0xff, 0xf8, 0x00, 0x00, 0x00, 0x00, 0x00, 0x00, 0x00, 0x00, 0x00, 0x00,
    0x00, 0x00, 0x1f, 0xff, 0xf8, 0x00, 0x00, 0x00, 0x00, 0x00, 0x00, 0x00, 0x00, 0x00, 0x00, 0x00,
    0x00, 0x1f, 0xff, 0xf8, 0x00, 0x00, 0x00, 0x00, 0x00, 0x00, 0x00, 0x00, 0x00, 0x00, 0x00, 0x00,
    0x0f, 0xff, 0xf9, 0x00, 0x00, 0x00, 0x00, 0x00, 0x00, 0x00, 0x00, 0x00, 0x00, 0x00, 0x00, 0x0e,
    0xff, 0xfa, 0x00, 0x00, 0x00, 0x00, 0x00, 0x00, 0x00, 0x00, 0x00, 0x00, 0x00, 0x00, 0x0c, 0xff,
    0xfc, 0x00, 0x00, 0x00, 0x00, 0x00, 0x00, 0x00, 0x00, 0x00, 0x00, 0x00, 0x00, 0x0a, 0xff, 0xff,
    0x10, 0x00, 0x00, 0x00, 0x00, 0x00, 0x00, 0x00, 0x00, 0x00, 0x00, 0x00, 0x06, 0xff, 0xff, 0x40,
    0x00, 0x00, 0x00, 0x00, 0x00, 0x00, 0x00, 0x00, 0x00, 0x00, 0x00, 0x03, 0xff, 0xff, 0xa0, 0x00,
    0x00, 0x00, 0x00, 0x00, 0x00, 0x00, 0x00, 0x00, 0x00, 0x00, 0x00, 0xdf, 0xff, 0xe1, 0x00, 0x00,
    0x00, 0x00, 0x00, 0x00, 0x00, 0x00, 0x00, 0x00, 0x00, 0x00, 0x7f, 0xff, 0xf9, 0x00, 0x00, 0x00,
    0x00, 0x00, 0x00, 0x00, 0x00, 0x00, 0x00, 0x00, 0x00, 0x1e, 0xff, 0xff, 0x40, 0x00, 0x00, 0x00,
    0x00, 0x00, 0x00, 0x00, 0x00, 0x00, 0x00, 0x00, 0x07, 0xff, 0xff, 0xe3, 0x00, 0x00, 0x00, 0x00,
    0x00, 0x00, 0x00, 0x00, 0x00, 0x00, 0x00, 0x00, 0xbf, 0xff, 0xfe, 0x50, 0x00, 0x00, 0x00, 0x00,
    0x00, 0x00, 0x00, 0x00, 0x00, 0x00, 0x00, 0x1d, 0xff, 0xff, 0xfb, 0x51, 0x00, 0x00, 0x00, 0x00,
    0x15, 0x96, 0x00, 0x00, 0x00, 0x00, 0x01, 0xcf, 0xff, 0xff, 0xff, 0xb9, 0x87, 0x89, 0xbd, 0xff,
    0xf8, 0x00, 0x00, 0x00, 0x00, 0x00, 0x09, 0xff, 0xff, 0xff, 0xff, 0xff, 0xff, 0xff, 0xff, 0xf8,
    0x00, 0x00, 0x00, 0x00, 0x00, 0x00, 0x3a, 0xff, 0xff, 0xff, 0xff, 0xff, 0xff, 0xff, 0xf6, 0x00,
    0x00, 0x00, 0x00, 0x00, 0x00, 0x00, 0x15, 0x9b, 0xef, 0xff, 0xee, 0xca, 0x85, 0x10, 0x00, 0x00,
    0x00, 0x00, 0x00, 0x00, 0x00, 0x00, 0x00, 0x7f, 0xf5, 0x00, 0x00, 0x00, 0x00, 0x00, 0x00, 0x00,
    0x00, 0x00, 0x00, 0x00, 0x00, 0x01, 0xef, 0xc0, 0x00, 0x00, 0x00, 0x00, 0x00, 0x00, 0x00, 0x00,
    0x00, 0x00, 0x00, 0x00, 0x07, 0xff, 0xe9, 0x30, 0x00, 0x00, 0x00, 0x00, 0x00, 0x00, 0x00, 0x00,
    0x00, 0x00, 0x00, 0x0b, 0xef, 0xff, 0xf7, 0x00, 0x00, 0x00, 0x00, 0x00, 0x00, 0x00, 0x00, 0x00,
    0x00, 0x00, 0x00, 0x05, 0xcf, 0xff, 0x50, 0x00, 0x00, 0x00, 0x00, 0x00, 0x00, 0x00, 0x00, 0x00,
    0x00, 0x00, 0x00, 0x0d, 0xff, 0x90, 0x00, 0x00, 0x00, 0x00, 0x00, 0x00, 0x00, 0x00, 0x00, 0x00,
    0x00, 0x00, 0x0c, 0xff, 0xa0, 0x00, 0x00, 0x00, 0x00, 0x00, 0x00, 0x00, 0x00, 0x00, 0x00, 0x00,
    0x00, 0x4f, 0xff, 0x80, 0x00, 0x00, 0x00, 0x00, 0x00, 0x00, 0x00, 0x00, 0x00, 0x09, 0xaa, 0xac,
    0xff, 0xfe, 0x20, 0x00, 0x00, 0x00, 0x00, 0x00, 0x00, 0x00, 0x00, 0x00, 0x0c, 0xff, 0xff, 0xff,
    0xe4, 0x00, 0x00, 0x00, 0x00, 0x00, 0x00, 0x00, 0x00, 0x00, 0x00, 0x0a, 0xef, 0xed, 0xb7, 0x10,
    0x00, 0x00, 0x00, 0x00, 0x00, 0x00, 0x00, 0x00, 0x58, 0x88, 0x84, 0x00, 0x00, 0x00, 0x00, 0x00,
    0x00, 0x00, 0x00, 0x00, 0x00, 0x04, 0xff, 0xff, 0xd1, 0x00, 0x00, 0x00, 0x00, 0x00, 0x00, 0x00,
    0x00, 0x00, 0x00, 0x07, 0xff, 0xff, 0x80, 0x00, 0x00, 0x00, 0x00, 0x00, 0x00, 0x00, 0x00, 0x00,
    0x00, 0x08, 0xff, 0xff, 0x30, 0x00, 0x00, 0x00, 0x00, 0x00, 0x00, 0x00, 0x00, 0x00, 0x00, 0x09,
    0xff, 0xfc, 0x00, 0x00, 0x00, 0x00, 0x00, 0x00, 0x00, 0x00, 0x00, 0x00, 0x00, 0x0a, 0xff, 0xf8,
    0x00, 0x00, 0x00, 0x00, 0x00, 0x00, 0x00, 0x00, 0x00, 0x00, 0x00, 0x09, 0xff, 0xf4, 0x00, 0x00,
    0x00, 0x00, 0x00, 0x00, 0x00, 0x00, 0x00, 0x00, 0x00, 0x07, 0xff, 0xe0, 0x00, 0x00, 0x00, 0x00,
    0x00, 0x00, 0x00, 0x00, 0x00, 0x00, 0x00, 0x00, 0x00, 0x00, 0x00, 0x00, 0x00, 0x00, 0x00, 0x00,
    0x00, 0x00, 0x00, 0x00, 0x00, 0x00, 0x00, 0x00, 0x00, 0x00, 0x00, 0x00, 0x00, 0x00, 0x00, 0x00,
    0x00, 0x00, 0x00, 0x00, 0x00, 0x00, 0x00, 0x00, 0x00, 0x00, 0x00, 0x00, 0x00, 0x00, 0x00, 0x00,
    0x00, 0x00, 0x00, 0x00, 0x00, 0x00, 0x00, 0x00, 0x5f, 0xff, 0xff, 0xff, 0xff, 0xff, 0xff, 0xff,
    0xff, 0xfc, 0x00, 0x00, 0x00, 0x05, 0xff, 0xff, 0xff, 0xff, 0xff, 0xff, 0xff, 0xff, 0xff, 0xc0,
    0x00, 0x00, 0x00, 0x5f, 0xff, 0xff, 0xff, 0xff, 0xff, 0xff, 0xff, 0xff, 0xfc, 0x00, 0x00, 0x00,
    0x05, 0xff, 0xff, 0x77, 0x77, 0x77, 0x77, 0x77, 0x77, 0x77, 0x60, 0x00, 0x00, 0x00, 0x5f, 0xff,
    0xf0, 0x00, 0x00, 0x00, 0x00, 0x00, 0x00, 0x00, 0x00, 0x00, 0x00, 0x05, 0xff, 0xff, 0x00, 0x00,
    0x00, 0x00, 0x00, 0x00, 0x00, 0x00, 0x00, 0x00, 0x00, 0x5f, 0xff, 0xf0, 0x00, 0x00, 0x00, 0x00,
    0x00, 0x00, 0x00, 0x00, 0x00, 0x00, 0x05, 0xff, 0xff, 0x00, 0x00, 0x00, 0x00, 0x00, 0x00, 0x00,
    0x00, 0x00, 0x00, 0x00, 0x5f, 0xff, 0xf0, 0x00, 0x00, 0x00, 0x00, 0x00, 0x00, 0x00, 0x00, 0x00,
    0x00, 0x05, 0xff, 0xff, 0x00, 0x00, 0x00, 0x00, 0x00, 0x00, 0x00, 0x00, 0x00, 0x00, 0x00, 0x5f,
    0xff, 0xf0, 0x00, 0x00, 0x00, 0x00, 0x00, 0x00, 0x00, 0x00, 0x00, 0x00, 0x05, 0xff, 0xff, 0x00,
    0x00, 0x00, 0x00, 0x00, 0x00, 0x00, 0x00, 0x00, 0x00, 0x00, 0x5f, 0xff, 0xf0, 0x00, 0x00, 0x00,
    0x00, 0x00, 0x00, 0x00, 0x00, 0x00, 0x00, 0x05, 0xff, 0xff, 0x00, 0x00, 0x00, 0x00, 0x00, 0x00,
    0x00, 0x00, 0x00, 0x00, 0x00, 0x5f, 0xff, 0xf7, 0x77, 0x77, 0x77, 0x77, 0x77, 0x77, 0x70, 0x00,
    0x00, 0x00, 0x05, 0xff, 0xff, 0xff, 0xff, 0xff, 0xff, 0xff, 0xff, 0xfe, 0x00, 0x00, 0x00, 0x00,
    0x5f, 0xff, 0xff, 0xff, 0xff, 0xff, 0xff, 0xff, 0xff, 0xe0, 0x00, 0x00, 0x00, 0x05, 0xff, 0xff,
    0xff, 0xff, 0xff, 0xff, 0xff, 0xff, 0xfe, 0x00, 0x00, 0x00, 0x00, 0x5f, 0xff, 0xf0, 0x00, 0x00,
    0x00, 0x00, 0x00, 0x00, 0x00, 0x00, 0x00, 0x00, 0x05, 0xff, 0xff, 0x00, 0x00, 0x00, 0x00, 0x00,
    0x00, 0x00, 0x00, 0x00, 0x00, 0x00, 0x5f, 0xff, 0xf0, 0x00, 0x00, 0x00, 0x00, 0x00, 0x00, 0x00,
    0x00, 0x00, 0x00, 0x05, 0xff, 0xff, 0x00, 0x00, 0x00, 0x00, 0x00, 0x00, 0x00, 0x00, 0x00, 0x00,
    0x00, 0x5f, 0xff, 0xf0, 0x00, 0x00, 0x00, 0x00, 0x00, 0x00, 0x00, 0x00, 0x00, 0x00, 0x05, 0xff,
    0xff, 0x00, 0x00, 0x00, 0x00, 0x00, 0x00, 0x00, 0x00, 0x00, 0x00, 0x00, 0x5f, 0xff, 0xf0, 0x00,
    0x00, 0x00, 0x00, 0x00, 0x00, 0x00, 0x00, 0x00, 0x00, 0x05, 0xff, 0xff, 0x00, 0x00, 0x00, 0x00,
    0x00, 0x00, 0x00, 0x00, 0x00, 0x00, 0x00, 0x5f, 0xff, 0xf0, 0x00, 0x00, 0x00, 0x00, 0x00, 0x00,
    0x00, 0x00, 0x00, 0x00, 0x05, 0xff, 0xff, 0x00, 0x00, 0x00, 0x00, 0x00, 0x00, 0x00, 0x00, 0x00,
    0x00, 0x00, 0x5f, 0xff, 0xf0, 0x00, 0x00, 0x00, 0x00, 0x00, 0x00, 0x00, 0x00, 0x00, 0x00, 0x05,
    0xff, 0xff, 0x00, 0x00, 0x00, 0x00, 0x00, 0x00, 0x00, 0x00, 0x00, 0x00, 0x00, 0x5f, 0xff, 0xf7,
    0x77, 0x77, 0x77, 0x77, 0x77, 0x77, 0x76, 0x00, 0x00, 0x00, 0x05, 0xff, 0xff, 0xff, 0xff, 0xff,
    0xff, 0xff, 0xff, 0xff, 0xc0, 0x00, 0x00, 0x00, 0x5f, 0xff, 0xff, 0xff, 0xff, 0xff, 0xff, 0xff,
    0xff, 0xfc, 0x00, 0x00, 0x00, 0x05, 0xff, 0xff, 0xff, 0xff, 0xff, 0xff, 0xff, 0xff, 0xff, 0xc0,
    0x00, 0x00, 0x00, 0x00, 0x00, 0x00, 0x00, 0x00, 0x00, 0x68, 0x88, 0x83, 0x00, 0x00, 0x00, 0x00,
    0x00, 0x00, 0x00, 0x00, 0x00, 0x00, 0x3f, 0xff, 0xfe, 0x10, 0x00, 0x00, 0x00, 0x00, 0x00, 0x00,
    0x00, 0x00, 0x00, 0x0c, 0xff, 0xff, 0x30, 0x00, 0x00, 0x00, 0x00, 0x00, 0x00, 0x00, 0x00, 0x00,
    0x07, 0xff, 0xff, 0x50, 0x00, 0x00, 0x00, 0x00, 0x00, 0x00, 0x00, 0x00, 0x00, 0x02, 0xff, 0xff,
    0x50, 0x00, 0x00, 0x00, 0x00, 0x00, 0x00, 0x00, 0x00, 0x00, 0x00, 0xcf, 0xff, 0x60, 0x00, 0x00,
    0x00, 0x00, 0x00, 0x00, 0x00, 0x00, 0x00, 0x00, 0x8f, 0xff, 0x50, 0x00, 0x00, 0x00, 0x00, 0x00,
    0x00, 0x00, 0x00, 0x00, 0x00, 0x2f, 0xfe, 0x40, 0x00, 0x00, 0x00, 0x00, 0x00, 0x00, 0x00, 0x00,
    0x00, 0x00, 0x00, 0x00, 0x00, 0x00, 0x00, 0x00, 0x00, 0x00, 0x00, 0x00, 0x00, 0x00, 0x00, 0x00,
    0x00, 0x00, 0x00, 0x00, 0x00, 0x00, 0x00, 0x00, 0x00, 0x00, 0x00, 0x00, 0x00, 0x00, 0x00, 0x00,
    0x00, 0x00, 0x00, 0x00, 0x00, 0x00, 0x00, 0x00, 0x00, 0x00, 0x00, 0x00, 0x00, 0x00, 0x00, 0x00,
    0x00, 0x00, 0x00, 0x00, 0x00, 0x5f, 0xff, 0xff, 0xff, 0xff, 0xff, 0xff, 0xff, 0xff, 0xfc, 0x00,
    0x00, 0x00, 0x05, 0xff, 0xff, 0xff, 0xff, 0xff, 0xff, 0xff, 0xff, 0xff, 0xc0, 0x00, 0x00, 0x00,
    0x5f, 0xff, 0xff, 0xff, 0xff, 0xff, 0xff, 0xff, 0xff, 0xfc, 0x00, 0x00, 0x00, 0x05, 0xff, 0xff,
    0x77, 0x77, 0x77, 0x77, 0x77, 0x77, 0x77, 0x60, 0x00, 0x00, 0x00, 0x5f, 0xff, 0xf0, 0x00, 0x00,
    0x00, 0x00, 0x00, 0x00, 0x00, 0x00, 0x00, 0x00, 0x05, 0xff, 0xff, 0x00, 0x00, 0x00, 0x00, 0x00,
    0x00, 0x00, 0x00, 0x00, 0x00, 0x00, 0x5f, 0xff, 0xf0, 0x00, 0x00, 0x00, 0x00, 0x00, 0x00, 0x00,
    0x00, 0x00, 0x00, 0x05, 0xff, 0xff, 0x00, 0x00, 0x00, 0x00, 0x00, 0x00, 0x00, 0x00, 0x00, 0x00,
    0x00, 0x5f, 0xff, 0xf0, 0x00, 0x00, 0x00, 0x00, 0x00, 0x00, 0x00, 0x00, 0x00, 0x00, 0x05, 0xff,
    0xff, 0x00, 0x00, 0x00, 0x00, 0x00, 0x00, 0x00, 0x00, 0x00, 0x00, 0x00, 0x5f, 0xff, 0xf0, 0x00,
    0x00, 0x00, 0x00, 0x00, 0x00, 0x00, 0x00, 0x00, 0x00, 0x05, 0xff, 0xff, 0x00, 0x00, 0x00, 0x00,
    0x00, 0x00, 0x00, 0x00, 0x00, 0x00, 0x00, 0x5f, 0xff, 0xf0, 0x00, 0x00, 0x00, 0x00, 0x00, 0x00,
    0x00, 0x00, 0x00, 0x00, 0x05, 0xff, 0xff, 0x00, 0x00, 0x00, 0x00, 0x00, 0x00, 0x00, 0x00, 0x00,
    0x00, 0x00, 0x5f, 0xff, 0xf7, 0x77, 0x77, 0x77, 0x77, 0x77, 0x77, 0x70, 0x00, 0x00, 0x00, 0x05,
    0xff, 0xff, 0xff, 0xff, 0xff, 0xff, 0xff, 0xff, 0xfe, 0x00, 0x00, 0x00, 0x00, 0x5f, 0xff, 0xff,
    0xff, 0xff, 0xff, 0xff, 0xff, 0xff, 0xe0, 0x00, 0x00, 0x00, 0x05, 0xff, 0xff, 0xff, 0xff, 0xff,
    0xff, 0xff, 0xff, 0xfe, 0x00, 0x00, 0x00, 0x00, 0x5f, 0xff, 0xf0, 0x00, 0x00, 0x00, 0x00, 0x00,
    0x00, 0x00, 0x00, 0x00, 0x00, 0x05, 0xff, 0xff, 0x00, 0x00, 0x00, 0x00, 0x00, 0x00, 0x00, 0x00,
    0x00, 0x00, 0x00, 0x5f, 0xff, 0xf0, 0x00, 0x00, 0x00, 0x00, 0x00, 0x00, 0x00, 0x00, 0x00, 0x00,
    0x05, 0xff, 0xff, 0x00, 0x00, 0x00, 0x00, 0x00, 0x00, 0x00, 0x00, 0x00, 0x00, 0x00, 0x5f, 0xff,
    0xf0, 0x00, 0x00, 0x00, 0x00, 0x00, 0x00, 0x00, 0x00, 0x00, 0x00, 0x05, 0xff, 0xff, 0x00, 0x00,
    0x00, 0x00, 0x00, 0x00, 0x00, 0x00, 0x00, 0x00, 0x00, 0x5f, 0xff, 0xf0, 0x00, 0x00, 0x00, 0x00,
    0x00, 0x00, 0x00, 0x00, 0x00, 0x00, 0x05, 0xff, 0xff, 0x00, 0x00, 0x00, 0x00, 0x00, 0x00, 0x00,
    0x00, 0x00, 0x00, 0x00, 0x5f, 0xff, 0xf0, 0x00, 0x00, 0x00, 0x00, 0x00, 0x00, 0x00, 0x00, 0x00,
    0x00, 0x05, 0xff, 0xff, 0x00, 0x00, 0x00, 0x00, 0x00, 0x00, 0x00, 0x00, 0x00, 0x00, 0x00, 0x5f,
    0xff, 0xf0, 0x00, 0x00, 0x00, 0x00, 0x00, 0x00, 0x00, 0x00, 0x00, 0x00, 0x05, 0xff, 0xff, 0x00,
    0x00, 0x00, 0x00, 0x00, 0x00, 0x00, 0x00, 0x00, 0x00, 0x00, 0x5f, 0xff, 0xf7, 0x77, 0x77, 0x77,
    0x77, 0x77, 0x77, 0x76, 0x00, 0x00, 0x00, 0x05, 0xff, 0xff, 0xff, 0xff, 0xff, 0xff, 0xff, 0xff,
    0xff, 0xc0, 0x00, 0x00, 0x00, 0x5f, 0xff, 0xff, 0xff, 0xff, 0xff, 0xff, 0xff, 0xff, 0xfc, 0x00,
    0x00, 0x00, 0x05, 0xff, 0xff, 0xff, 0xff, 0xff, 0xff, 0xff, 0xff, 0xff, 0xc0, 0x00, 0x00, 0x00,
    0x00, 0x00, 0x00, 0x00, 0x58, 0x88, 0x70, 0x00, 0x00, 0x00, 0x00, 0x00, 0x00, 0x00, 0x00, 0x00,
    0x00, 0x3f, 0xff, 0xff, 0x70, 0x00, 0x00, 0x00, 0x00, 0x00, 0x00, 0x00, 0x00, 0x00, 0x1d, 0xff,
    0xff, 0xff, 0x40, 0x00, 0x00, 0x00, 0x00, 0x00, 0x00, 0x00, 0x00, 0x0b, 0xff, 0xfe, 0xff, 0xfe,
    0x20, 0x00, 0x00, 0x00, 0x00, 0x00, 0x00, 0x00, 0x09, 0xff, 0xfc, 0x18, 0xff, 0xfd, 0x10, 0x00,
    0x00, 0x00, 0x00, 0x00, 0x00, 0x07, 0xff, 0xfb, 0x10, 0x07, 0xff, 0xfc, 0x10, 0x00, 0x00, 0x00,
    0x00, 0x00, 0x06, 0xff, 0xf8, 0x00, 0x00, 0x05, 0xef, 0xfc, 0x10, 0x00, 0x00, 0x00, 0x00, 0x04,
    0xff, 0xe5, 0x00, 0x00, 0x00, 0x02, 0xbf, 0xfb, 0x00, 0x00, 0x00, 0x00, 0x00, 0x00, 0x00, 0x00,
    0x00, 0x00, 0x00, 0x00, 0x00, 0x00, 0x00, 0x00, 0x00, 0x00, 0x00, 0x00, 0x00, 0x00, 0x00, 0x00,
    0x00, 0x00, 0x00, 0x00, 0x00, 0x00, 0x00, 0x00, 0x00, 0x00, 0x00, 0x00, 0x00, 0x00, 0x00, 0x00,
    0x00, 0x00, 0x00, 0x00, 0x00, 0x00, 0x00, 0x00, 0x00, 0x00, 0x00, 0x00, 0x00, 0x00, 0x00, 0x00,
    0x00, 0x00, 0x5f, 0xff, 0xff, 0xff, 0xff, 0xff, 0xff, 0xff, 0xff, 0xfc, 0x00, 0x00, 0x00, 0x05,
    0xff, 0xff, 0xff, 0xff, 0xff, 0xff, 0xff, 0xff, 0xff, 0xc0, 0x00, 0x00, 0x00, 0x5f, 0xff, 0xff,
    0xff, 0xff, 0xff, 0xff, 0xff, 0xff, 0xfc, 0x00, 0x00, 0x00, 0x05, 0xff, 0xff, 0x77, 0x77, 0x77,
    0x77, 0x77, 0x77, 0x77, 0x60, 0x00, 0x00, 0x00, 0x5f, 0xff, 0xf0, 0x00, 0x00, 0x00, 0x00, 0x00,
    0x00, 0x00, 0x00, 0x00, 0x00, 0x05, 0xff, 0xff, 0x00, 0x00, 0x00, 0x00, 0x00, 0x00, 0x00, 0x00,
    0x00, 0x00, 0x00, 0x5f, 0xff, 0xf0, 0x00, 0x00, 0x00, 0x00, 0x00, 0x00, 0x00, 0x00, 0x00, 0x00,
    0x05, 0xff, 0xff, 0x00, 0x00, 0x00, 0x00, 0x00, 0x00, 0x00, 0x00, 0x00, 0x00, 0x00, 0x5f, 0xff,
    0xf0, 0x00, 0x00, 0x00, 0x00, 0x00, 0x00, 0x00, 0x00, 0x00, 0x00, 0x05, 0xff, 0xff, 0x00, 0x00,
    0x00, 0x00, 0x00, 0x00, 0x00, 0x00, 0x00, 0x00, 0x00, 0x5f, 0xff, 0xf0, 0x00, 0x00, 0x00, 0x00,
    0x00, 0x00, 0x00, 0x00, 0x00, 0x00, 0x05, 0xff, 0xff, 0x00, 0x00, 0x00, 0x00, 0x00, 0x00, 0x00,
    0x00, 0x00, 0x00, 0x00, 0x5f, 0xff, 0xf0, 0x00, 0x00, 0x00, 0x00, 0x00, 0x00, 0x00, 0x00, 0x00,
    0x00, 0x05, 0xff, 0xff, 0x00, 0x00, 0x00, 0x00, 0x00, 0x00, 0x00, 0x00, 0x00, 0x00, 0x00, 0x5f,
    0xff, 0xf7, 0x77, 0x77, 0x77, 0x77, 0x77, 0x77, 0x70, 0x00, 0x00, 0x00, 0x05, 0xff, 0xff, 0xff,
    0xff, 0xff, 0xff, 0xff, 0xff, 0xfe, 0x00, 0x00, 0x00, 0x00, 0x5f, 0xff, 0xff, 0xff, 0xff, 0xff,
    0xff, 0xff, 0xff, 0xe0, 0x00, 0x00, 0x00, 0x05, 0xff, 0xff, 0xff, 0xff, 0xff, 0xff, 0xff, 0xff,
    0xfe, 0x00, 0x00, 0x00, 0x00, 0x5f, 0xff, 0xf0, 0x00, 0x00, 0x00, 0x00, 0x00, 0x00, 0x00, 0x00,
    0x00, 0x00, 0x05, 0xff, 0xff, 0x00, 0x00, 0x00, 0x00, 0x00, 0x00, 0x00, 0x00, 0x00, 0x00, 0x00,
    0x5f, 0xff, 0xf0, 0x00, 0x00, 0x00, 0x00, 0x00, 0x00, 0x00, 0x00, 0x00, 0x00, 0x05, 0xff, 0xff,
    0x00, 0x00, 0x00, 0x00, 0x00, 0x00, 0x00, 0x00, 0x00, 0x00, 0x00, 0x5f, 0xff, 0xf0, 0x00, 0x00,
    0x00, 0x00, 0x00, 0x00, 0x00, 0x00, 0x00, 0x00, 0x05, 0xff, 0xff, 0x00, 0x00, 0x00, 0x00, 0x00,
    0x00, 0x00, 0x00, 0x00, 0x00, 0x00, 0x5f, 0xff, 0xf0, 0x00, 0x00, 0x00, 0x00, 0x00, 0x00, 0x00,
    0x00, 0x00, 0x00, 0x05, 0xff, 0xff, 0x00, 0x00, 0x00, 0x00, 0x00, 0x00, 0x00, 0x00, 0x00, 0x00,
    0x00, 0x5f, 0xff, 0xf0, 0x00, 0x00, 0x00, 0x00, 0x00, 0x00, 0x00, 0x00, 0x00, 0x00, 0x05, 0xff,
    0xff, 0x00, 0x00, 0x00, 0x00, 0x00, 0x00, 0x00, 0x00, 0x00, 0x00, 0x00, 0x5f, 0xff, 0xf0, 0x00,
    0x00, 0x00, 0x00, 0x00, 0x00, 0x00, 0x00, 0x00, 0x00, 0x05, 0xff, 0xff, 0x00, 0x00, 0x00, 0x00,
    0x00, 0x00, 0x00, 0x00, 0x00, 0x00, 0x00, 0x5f, 0xff, 0xf7, 0x77, 0x77, 0x77, 0x77, 0x77, 0x77,
    0x76, 0x00, 0x00, 0x00, 0x05, 0xff, 0xff, 0xff, 0xff, 0xff, 0xff, 0xff, 0xff, 0xff, 0xc0, 0x00,
    0x00, 0x00, 0x5f, 0xff, 0xff, 0xff, 0xff, 0xff, 0xff, 0xff, 0xff, 0xfc, 0x00, 0x00, 0x00, 0x05,
    0xff, 0xff, 0xff, 0xff, 0xff, 0xff, 0xff, 0xff, 0xff, 0xc0, 0x00, 0x00, 0x00, 0x00, 0x00, 0x5d,
    0xe8, 0x00, 0x00, 0x05, 0xde, 0x70, 0x00, 0x00, 0x00, 0x00, 0x00, 0x00, 0x0e, 0xff, 0xf3, 0x00,
    0x00, 0xef, 0xff, 0x30, 0x00, 0x00, 0x00, 0x00, 0x00, 0x01, 0xff, 0xff, 0x50, 0x00, 0x1f, 0xff,
    0xf5, 0x00, 0x00, 0x00, 0x00, 0x00, 0x00, 0x0e, 0xff, 0xf3, 0x00, 0x00, 0xef, 0xff, 0x20, 0x00,
    0x00, 0x00, 0x00, 0x00, 0x00, 0x4d, 0xe7, 0x00, 0x00, 0x04, 0xde, 0x70, 0x00, 0x00, 0x00, 0x00,
    0x00, 0x00, 0x00, 0x00, 0x00, 0x00, 0x00, 0x00, 0x00, 0x00, 0x00, 0x00, 0x00, 0x00, 0x00, 0x00,
    0x00, 0x00, 0x00, 0x00, 0x00, 0x00, 0x00, 0x00, 0x00, 0x00, 0x00, 0x00, 0x00, 0x00, 0x00, 0x00,
    0x00, 0x00, 0x00, 0x00, 0x00, 0x00, 0x00, 0x00, 0x00, 0x00, 0x00, 0x00, 0x00, 0x00, 0x00, 0x00,
    0x00, 0x00, 0x00, 0x00, 0x00, 0x00, 0x00, 0x00, 0x00, 0x00, 0x00, 0x00, 0x00, 0x00, 0x00, 0x00,
    0x00, 0x00, 0x00, 0x00, 0x5f, 0xff, 0xff, 0xff, 0xff, 0xff, 0xff, 0xff, 0xff, 0xfc, 0x00, 0x00,
    0x00, 0x05, 0xff, 0xff, 0xff, 0xff, 0xff, 0xff, 0xff, 0xff, 0xff, 0xc0, 0x00, 0x00, 0x00, 0x5f,
    0xff, 0xff, 0xff, 0xff, 0xff, 0xff, 0xff, 0xff, 0xfc, 0x00, 0x00, 0x00, 0x05, 0xff, 0xff, 0x77,
    0x77, 0x77, 0x77, 0x77, 0x77, 0x77, 0x60, 0x00, 0x00, 0x00, 0x5f, 0xff, 0xf0, 0x00, 0x00, 0x00,
    0x00, 0x00, 0x00, 0x00, 0x00, 0x00, 0x00, 0x05, 0xff, 0xff, 0x00, 0x00, 0x00, 0x00, 0x00, 0x00,
    0x00, 0x00, 0x00, 0x00, 0x00, 0x5f, 0xff, 0xf0, 0x00, 0x00, 0x00, 0x00, 0x00, 0x00, 0x00, 0x00,
    0x00, 0x00, 0x05, 0xff, 0xff, 0x00, 0x00, 0x00, 0x00, 0x00, 0x00, 0x00, 0x00, 0x00, 0x00, 0x00,
    0x5f, 0xff, 0xf0, 0x00, 0x00, 0x00, 0x00, 0x00, 0x00, 0x00, 0x00, 0x00, 0x00, 0x05, 0xff, 0xff,
    0x00, 0x00, 0x00, 0x00, 0x00, 0x00, 0x00, 0x00, 0x00, 0x00, 0x00, 0x5f, 0xff, 0xf0, 0x00, 0x00,
    0x00, 0x00, 0x00, 0x00, 0x00, 0x00, 0x00, 0x00, 0x05, 0xff, 0xff, 0x00, 0x00, 0x00, 0x00, 0x00,
    0x00, 0x00, 0x00, 0x00, 0x00, 0x00, 0x5f, 0xff, 0xf0, 0x00, 0x00, 0x00, 0x00, 0x00, 0x00, 0x00,
    0x00, 0x00, 0x00, 0x05, 0xff, 0xff, 0x00, 0x00, 0x00, 0x00, 0x00, 0x00, 0x00, 0x00, 0x00, 0x00,
    0x00, 0x5f, 0xff, 0xf7, 0x77, 0x77, 0x77, 0x77, 0x77, 0x77, 0x70, 0x00, 0x00, 0x00, 0x05, 0xff,
    0xff, 0xff, 0xff, 0xff, 0xff, 0xff, 0xff, 0xfe, 0x00, 0x00, 0x00, 0x00, 0x5f, 0xff, 0xff, 0xff,
    0xff, 0xff, 0xff, 0xff, 0xff, 0xe0, 0x00, 0x00, 0x00, 0x05, 0xff, 0xff, 0xff, 0xff, 0xff, 0xff,
    0xff, 0xff, 0xfe, 0x00, 0x00, 0x00, 0x00, 0x5f, 0xff, 0xf0, 0x00, 0x00, 0x00, 0x00, 0x00, 0x00,
    0x00, 0x00, 0x00, 0x00, 0x05, 0xff, 0xff, 0x00, 0x00, 0x00, 0x00, 0x00, 0x00, 0x00, 0x00, 0x00,
    0x00, 0x00, 0x5f, 0xff, 0xf0, 0x00, 0x00, 0x00, 0x00, 0x00, 0x00, 0x00, 0x00, 0x00, 0x00, 0x05,
    0xff, 0xff, 0x00, 0x00, 0x00, 0x00, 0x00, 0x00, 0x00, 0x00, 0x00, 0x00, 0x00, 0x5f, 0xff, 0xf0,
    0x00, 0x00, 0x00, 0x00, 0x00, 0x00, 0x00, 0x00, 0x00, 0x00, 0x05, 0xff, 0xff, 0x00, 0x00, 0x00,
    0x00, 0x00, 0x00, 0x00, 0x00, 0x00, 0x00, 0x00, 0x5f, 0xff, 0xf0, 0x00, 0x00, 0x00, 0x00, 0x00,
    0x00, 0x00, 0x00, 0x00, 0x00, 0x05, 0xff, 0xff, 0x00, 0x00, 0x00, 0x00, 0x00, 0x00, 0x00, 0x00,
    0x00, 0x00, 0x00, 0x5f, 0xff, 0xf0, 0x00, 0x00, 0x00, 0x00, 0x00, 0x00, 0x00, 0x00, 0x00, 0x00,
    0x05, 0xff, 0xff, 0x00, 0x00, 0x00, 0x00, 0x00, 0x00, 0x00, 0x00, 0x00, 0x00, 0x00, 0x5f, 0xff,
    0xf0, 0x00, 0x00, 0x00, 0x00, 0x00, 0x00, 0x00, 0x00, 0x00, 0x00, 0x05, 0xff, 0xff, 0x00, 0x00,
    0x00, 0x00, 0x00, 0x00, 0x00, 0x00, 0x00, 0x00, 0x00, 0x5f, 0xff, 0xf7, 0x77, 0x77, 0x77, 0x77,
    0x77, 0x77, 0x76, 0x00, 0x00, 0x00, 0x05, 0xff, 0xff, 0xff, 0xff, 0xff, 0xff, 0xff, 0xff, 0xff,
    0xc0, 0x00, 0x00, 0x00, 0x5f, 0xff, 0xff, 0xff, 0xff, 0xff, 0xff, 0xff, 0xff, 0xfc, 0x00, 0x00,
    0x00, 0x05, 0xff, 0xff, 0xff, 0xff, 0xff, 0xff, 0xff, 0xff, 0xff, 0xc0, 0x00, 0x01, 0x88, 0x88,
    0x70, 0x00, 0x00, 0x00, 0x00, 0x00, 0xbf, 0xff, 0xf7, 0x00, 0x00, 0x00, 0x00, 0x00, 0x1d, 0xff,
    0xfe, 0x10, 0x00, 0x00, 0x00, 0x00, 0x02, 0xef, 0xff, 0xa0, 0x00, 0x00, 0x00, 0x00, 0x00, 0x3e,
    0xff, 0xf5, 0x00, 0x00, 0x00, 0x00, 0x00, 0x03, 0xef, 0xfe, 0x20, 0x00, 0x00, 0x00, 0x00, 0x00,
    0x3e, 0xff, 0xb0, 0x00, 0x00, 0x00, 0x00, 0x00, 0x02, 0xcf, 0xf7, 0x00, 0x00, 0x00, 0x00, 0x00,
    0x00, 0x00, 0x00, 0x00, 0x00, 0x00, 0x00, 0x00, 0x00, 0x00, 0x00, 0x00, 0x00, 0x00, 0x00, 0x00,
    0x00, 0x00, 0x00, 0x00, 0x00, 0x00, 0x00, 0x00, 0x00, 0x00, 0x00, 0x00, 0x00, 0x01, 0xff, 0xff,
    0xff, 0xff, 0xff, 0xff, 0x40, 0x01, 0xff, 0xff, 0xff, 0xff, 0xff, 0xff, 0x40, 0x01, 0xff, 0xff,
    0xff, 0xff, 0xff, 0xff, 0x40, 0x00, 0x15, 0x8c, 0xff, 0xff, 0xd9, 0x62, 0x00, 0x00, 0x00, 0x01,
    0xff, 0xff, 0x40, 0x00, 0x00, 0x00, 0x00, 0x01, 0xff, 0xff, 0x40, 0x00, 0x00, 0x00, 0x00, 0x01,
    0xff, 0xff, 0x40, 0x00, 0x00, 0x00, 0x00, 0x01, 0xff, 0xff, 0x40, 0x00, 0x00, 0x00, 0x00, 0x01,
    0xff, 0xff, 0x40, 0x00, 0x00, 0x00, 0x00, 0x01, 0xff, 0xff, 0x40, 0x00, 0x00, 0x00, 0x00, 0x01,
    0xff, 0xff, 0x40, 0x00, 0x00, 0x00, 0x00, 0x01, 0xff, 0xff, 0x40, 0x00, 0x00, 0x00, 0x00, 0x01,
    0xff, 0xff, 0x40, 0x00, 0x00, 0x00, 0x00, 0x01, 0xff, 0xff, 0x40, 0x00, 0x00, 0x00, 0x00, 0x01,
    0xff, 0xff, 0x40, 0x00, 0x00, 0x00, 0x00, 0x01, 0xff, 0xff, 0x40, 0x00, 0x00, 0x00, 0x00, 0x01,
    0xff, 0xff, 0x40, 0x00, 0x00, 0x00, 0x00, 0x01, 0xff, 0xff, 0x40, 0x00, 0x00, 0x00, 0x00, 0x01,
    0xff, 0xff, 0x40, 0x00, 0x00, 0x00, 0x00, 0x01, 0xff, 0xff, 0x40, 0x00, 0x00, 0x00, 0x00, 0x01,
    0xff, 0xff, 0x40, 0x00, 0x00, 0x00, 0x00, 0x01, 0xff, 0xff, 0x40, 0x00, 0x00, 0x00, 0x00, 0x01,
    0xff, 0xff, 0x40, 0x00, 0x00, 0x00, 0x00, 0x01, 0xff, 0xff, 0x40, 0x00, 0x00, 0x00, 0x00, 0x01,
    0xff, 0xff, 0x40, 0x00, 0x00, 0x00, 0x00, 0x01, 0xff, 0xff, 0x40, 0x00, 0x00, 0x00, 0x00, 0x01,
    0xff, 0xff, 0x40, 0x00, 0x00, 0x00, 0x00, 0x01, 0xff, 0xff, 0x40, 0x00, 0x00, 0x00, 0x00, 0x01,
    0xff, 0xff, 0x40, 0x00, 0x00, 0x00, 0x00, 0x01, 0xff, 0xff, 0x40, 0x00, 0x00, 0x00, 0x00, 0x14,
    0xff, 0xff, 0x71, 0x00, 0x00, 0x01, 0x9c, 0xff, 0xff, 0xff, 0xff, 0xd9, 0x20, 0x01, 0xff, 0xff,
    0xff, 0xff, 0xff, 0xff, 0x40, 0x01, 0xff, 0xff, 0xff, 0xff, 0xff, 0xff, 0x40, 0x00, 0x00, 0x00,
    0x00, 0x02, 0x88, 0x88, 0x70, 0x00, 0x00, 0x00, 0x00, 0x0b, 0xff, 0xff, 0x80, 0x00, 0x00, 0x00,
    0x00, 0x5f, 0xff, 0xfa, 0x00, 0x00, 0x00, 0x00, 0x01, 0xdf, 0xff, 0xc1, 0x00, 0x00, 0x00, 0x00,
    0x09, 0xff, 0xfc, 0x10, 0x00, 0x00, 0x00, 0x00, 0x4f, 0xff, 0xc1, 0x00, 0x00, 0x00, 0x00, 0x01,
    0xef, 0xfc, 0x10, 0x00, 0x00, 0x00, 0x00, 0x0a, 0xff, 0xa1, 0x00, 0x00, 0x00, 0x00, 0x00, 0x00,
    0x00, 0x00, 0x00, 0x00, 0x00, 0x00, 0x00, 0x00, 0x00, 0x00, 0x00, 0x00, 0x00, 0x00, 0x00, 0x00,
    0x00, 0x00, 0x00, 0x00, 0x00, 0x00, 0x00, 0x00, 0x00, 0x00, 0x00, 0x00, 0x00, 0x01, 0xff, 0xff,
    0xff, 0xff, 0xff, 0xff, 0x40, 0x01, 0xff, 0xff, 0xff, 0xff, 0xff, 0xff, 0x40, 0x01, 0xff, 0xff,
    0xff, 0xff, 0xff, 0xff, 0x40, 0x00, 0x15, 0x8c, 0xff, 0xff, 0xd9, 0x62, 0x00, 0x00, 0x00, 0x01,
    0xff, 0xff, 0x40, 0x00, 0x00, 0x00, 0x00, 0x01, 0xff, 0xff, 0x40, 0x00, 0x00, 0x00, 0x00, 0x01,
    0xff, 0xff, 0x40, 0x00, 0x00, 0x00, 0x00, 0x01, 0xff, 0xff, 0x40, 0x00, 0x00, 0x00, 0x00, 0x01,
    0xff, 0xff, 0x40, 0x00, 0x00, 0x00, 0x00, 0x01, 0xff, 0xff, 0x40, 0x00, 0x00, 0x00, 0x00, 0x01,
    0xff, 0xff, 0x40, 0x00, 0x00, 0x00, 0x00, 0x01, 0xff, 0xff, 0x40, 0x00, 0x00, 0x00, 0x00, 0x01,
    0xff, 0xff, 0x40, 0x00, 0x00, 0x00, 0x00, 0x01, 0xff, 0xff, 0x40, 0x00, 0x00, 0x00, 0x00, 0x01,
    0xff, 0xff, 0x40, 0x00, 0x00, 0x00, 0x00, 0x01, 0xff, 0xff, 0x40, 0x00, 0x00, 0x00, 0x00, 0x01,
    0xff, 0xff, 0x40, 0x00, 0x00, 0x00, 0x00, 0x01, 0xff, 0xff, 0x40, 0x00, 0x00, 0x00, 0x00, 0x01,
    0xff, 0xff, 0x40, 0x00, 0x00, 0x00, 0x00, 0x01, 0xff, 0xff, 0x40, 0x00, 0x00, 0x00, 0x00, 0x01,
    0xff, 0xff, 0x40, 0x00, 0x00, 0x00, 0x00, 0x01, 0xff, 0xff, 0x40, 0x00, 0x00, 0x00, 0x00, 0x01,
    0xff, 0xff, 0x40, 0x00, 0x00, 0x00, 0x00, 0x01, 0xff, 0xff, 0x40, 0x00, 0x00, 0x00, 0x00, 0x01,
    0xff, 0xff, 0x40, 0x00, 0x00, 0x00, 0x00, 0x01, 0xff, 0xff, 0x40, 0x00, 0x00, 0x00, 0x00, 0x01,
    0xff, 0xff, 0x40, 0x00, 0x00, 0x00, 0x00, 0x01, 0xff, 0xff, 0x40, 0x00, 0x00, 0x00, 0x00, 0x01,
    0xff, 0xff, 0x40, 0x00, 0x00, 0x00, 0x00, 0x01, 0xff, 0xff, 0x40, 0x00, 0x00, 0x00, 0x00, 0x14,
    0xff, 0xff, 0x71, 0x00, 0x00, 0x01, 0x9c, 0xff, 0xff, 0xff, 0xff, 0xd9, 0x20, 0x01, 0xff, 0xff,
    0xff, 0xff, 0xff, 0xff, 0x40, 0x01, 0xff, 0xff, 0xff, 0xff, 0xff, 0xff, 0x40, 0x00, 0x00, 0x01,
    0x78, 0x88, 0x40, 0x00, 0x00, 0x00, 0x00, 0x00, 0x9f, 0xff, 0xfe, 0x10, 0x00, 0x00, 0x00, 0x00,
    0x6f, 0xff, 0xff, 0xfb, 0x00, 0x00, 0x00, 0x00, 0x4f, 0xff, 0xfe, 0xff, 0xf9, 0x00, 0x00, 0x00,
    0x2e, 0xff, 0xf6, 0x2d, 0xff, 0xf7, 0x00, 0x00, 0x2d, 0xff, 0xe4, 0x00, 0x2c, 0xff, 0xf6, 0x00,
    0x1c, 0xff, 0xd3, 0x00, 0x00, 0x1a, 0xff, 0xf6, 0x0b, 0xff, 0xa1, 0x00, 0x00, 0x00, 0x06, 0xef,
    0xf4, 0x00, 0x00, 0x00, 0x00, 0x00, 0x00, 0x00, 0x00, 0x00, 0x00, 0x00, 0x00, 0x00, 0x00, 0x00,
    0x00, 0x00, 0x00, 0x00, 0x00, 0x00, 0x00, 0x00, 0x00, 0x00, 0x00, 0x00, 0x00, 0x00, 0x00, 0x00,
    0x00, 0x00, 0x00, 0x01, 0xff, 0xff, 0xff, 0xff, 0xff, 0xff, 0x40, 0x00, 0x1f, 0xff, 0xff, 0xff,
    0xff, 0xff, 0xf4, 0x00, 0x01, 0xff, 0xff, 0xff, 0xff, 0xff, 0xff, 0x40, 0x00, 0x01, 0x58, 0xcf,
    0xff, 0xfd, 0x96, 0x20, 0x00, 0x00, 0x00, 0x01, 0xff, 0xff, 0x40, 0x00, 0x00, 0x00, 0x00, 0x00,
    0x1f, 0xff, 0xf4, 0x00, 0x00, 0x00, 0x00, 0x00, 0x01, 0xff, 0xff, 0x40, 0x00, 0x00, 0x00, 0x00,
    0x00, 0x1f, 0xff, 0xf4, 0x00, 0x00, 0x00, 0x00, 0x00, 0x01, 0xff, 0xff, 0x40, 0x00, 0x00, 0x00,
    0x00, 0x00, 0x1f, 0xff, 0xf4, 0x00, 0x00, 0x00, 0x00, 0x00, 0x01, 0xff, 0xff, 0x40, 0x00, 0x00,
    0x00, 0x00, 0x00, 0x1f, 0xff, 0xf4, 0x00, 0x00, 0x00, 0x00, 0x00, 0x01, 0xff, 0xff, 0x40, 0x00,
    0x00, 0x00, 0x00, 0x00, 0x1f, 0xff, 0xf4, 0x00, 0x00, 0x00, 0x00, 0x00, 0x01, 0xff, 0xff, 0x40,
    0x00, 0x00, 0x00, 0x00, 0x00, 0x1f, 0xff, 0xf4, 0x00, 0x00, 0x00, 0x00, 0x00, 0x01, 0xff, 0xff,
    0x40, 0x00, 0x00, 0x00, 0x00, 0x00, 0x1f, 0xff, 0xf4, 0x00, 0x00, 0x00, 0x00, 0x00, 0x01, 0xff,
    0xff, 0x40, 0x00, 0x00, 0x00, 0x00, 0x00, 0x1f, 0xff, 0xf4, 0x00, 0x00, 0x00, 0x00, 0x00, 0x01,
    0xff, 0xff, 0x40, 0x00, 0x00, 0x00, 0x00, 0x00, 0x1f, 0xff, 0xf4, 0x00, 0x00, 0x00, 0x00, 0x00,
    0x01, 0xff, 0xff, 0x40, 0x00, 0x00, 0x00, 0x00, 0x00, 0x1f, 0xff, 0xf4, 0x00, 0x00, 0x00, 0x00,
    0x00, 0x01, 0xff, 0xff, 0x40, 0x00, 0x00, 0x00, 0x00, 0x00, 0x1f, 0xff, 0xf4, 0x00, 0x00, 0x00,
    0x00, 0x00, 0x01, 0xff, 0xff, 0x40, 0x00, 0x00, 0x00, 0x00, 0x00, 0x1f, 0xff, 0xf4, 0x00, 0x00,
    0x00, 0x00, 0x00, 0x01, 0xff, 0xff, 0x40, 0x00, 0x00, 0x00, 0x00, 0x00, 0x1f, 0xff, 0xf4, 0x00,
    0x00, 0x00, 0x00, 0x00, 0x14, 0xff, 0xff, 0x71, 0x00, 0x00, 0x00, 0x19, 0xcf, 0xff, 0xff, 0xff,
    0xfd, 0x92, 0x00, 0x01, 0xff, 0xff, 0xff, 0xff, 0xff, 0xff, 0x40, 0x00, 0x1f, 0xff, 0xff, 0xff,
    0xff, 0xff, 0xf4, 0x00, 0x01, 0xae, 0xc2, 0x00, 0x00, 0x1a, 0xec, 0x20, 0x07, 0xff, 0xfb, 0x00,
    0x00, 0x6f, 0xff, 0xb0, 0x09, 0xff, 0xfd, 0x00, 0x00, 0x8f, 0xff, 0xd0, 0x06, 0xff, 0xfa, 0x00,
    0x00, 0x6f, 0xff, 0xa0, 0x00, 0xae, 0xc2, 0x00, 0x00, 0x0a, 0xec, 0x20, 0x00, 0x00, 0x00, 0x00,
    0x00, 0x00, 0x00, 0x00, 0x00, 0x00, 0x00, 0x00, 0x00, 0x00, 0x00, 0x00, 0x00, 0x00, 0x00, 0x00,
    0x00, 0x00, 0x00, 0x00, 0x00, 0x00, 0x00, 0x00, 0x00, 0x00, 0x00, 0x00, 0x00, 0x00, 0x00, 0x00,
    0x00, 0x00, 0x00, 0x00, 0x01, 0xff, 0xff, 0xff, 0xff, 0xff, 0xff, 0x40, 0x01, 0xff, 0xff, 0xff,
    0xff, 0xff, 0xff, 0x40, 0x01, 0xff, 0xff, 0xff, 0xff, 0xff, 0xff, 0x40, 0x00, 0x15, 0x8c, 0xff,
    0xff, 0xd9, 0x62, 0x00, 0x00, 0x00, 0x01, 0xff, 0xff, 0x40, 0x00, 0x00, 0x00, 0x00, 0x01, 0xff,
    0xff, 0x40, 0x00, 0x00, 0x00, 0x00, 0x01, 0xff, 0xff, 0x40, 0x00, 0x00, 0x00, 0x00, 0x01, 0xff,
    0xff, 0x40, 0x00, 0x00, 0x00, 0x00, 0x01, 0xff, 0xff, 0x40, 0x00, 0x00, 0x00, 0x00, 0x01, 0xff,
    0xff, 0x40, 0x00, 0x00, 0x00, 0x00, 0x01, 0xff, 0xff, 0x40, 0x00, 0x00, 0x00, 0x00, 0x01, 0xff,
    0xff, 0x40, 0x00, 0x00, 0x00, 0x00, 0x01, 0xff, 0xff, 0x40, 0x00, 0x00, 0x00, 0x00, 0x01, 0xff,
    0xff, 0x40, 0x00, 0x00, 0x00, 0x00, 0x01, 0xff, 0xff, 0x40, 0x00, 0x00, 0x00, 0x00, 0x01, 0xff,
    0xff, 0x40, 0x00, 0x00, 0x00, 0x00, 0x01, 0xff, 0xff, 0x40, 0x00, 0x00, 0x00, 0x00, 0x01, 0xff,
    0xff, 0x40, 0x00, 0x00, 0x00, 0x00, 0x01, 0xff, 0xff, 0x40, 0x00, 0x00, 0x00, 0x00, 0x01, 0xff,
    0xff, 0x40, 0x00, 0x00, 0x00, 0x00, 0x01, 0xff, 0xff, 0x40, 0x00, 0x00, 0x00, 0x00, 0x01, 0xff,
    0xff, 0x40, 0x00, 0x00, 0x00, 0x00, 0x01, 0xff, 0xff, 0x40, 0x00, 0x00, 0x00, 0x00, 0x01, 0xff,
    0xff, 0x40, 0x00, 0x00, 0x00, 0x00, 0x01, 0xff, 0xff, 0x40, 0x00, 0x00, 0x00, 0x00, 0x01, 0xff,
    0xff, 0x40, 0x00, 0x00, 0x00, 0x00, 0x01, 0xff, 0xff, 0x40, 0x00, 0x00, 0x00, 0x00, 0x01, 0xff,
    0xff, 0x40, 0x00, 0x00, 0x00, 0x00, 0x01, 0xff, 0xff, 0x40, 0x00, 0x00, 0x00, 0x00, 0x01, 0xff,
    0xff, 0x40, 0x00, 0x00, 0x00, 0x00, 0x14, 0xff, 0xff, 0x71, 0x00, 0x00, 0x01, 0x9c, 0xff, 0xff,
    0xff, 0xff, 0xd9, 0x20, 0x01, 0xff, 0xff, 0xff, 0xff, 0xff, 0xff, 0x40, 0x01, 0xff, 0xff, 0xff,
    0xff, 0xff, 0xff, 0x40, 0x00, 0x00, 0x0f, 0xff, 0xff, 0xff, 0xff, 0xff, 0xed, 0xb9, 0x62, 0x00,
    0x00, 0x00, 0x00, 0x00, 0x00, 0x00, 0x00, 0x00, 0xff, 0xff, 0xff, 0xff, 0xff, 0xff, 0xff, 0xff,
    0xfc, 0x50, 0x00, 0x00, 0x00, 0x00, 0x00, 0x00, 0x00, 0x0f, 0xff, 0xff, 0xff, 0xff, 0xff, 0xff,
    0xff, 0xff, 0xff, 0xd4, 0x00, 0x00, 0x00, 0x00, 0x00, 0x00, 0x00, 0xff, 0xff, 0xa7, 0x77, 0x77,
    0x89, 0xbe, 0xff, 0xff, 0xff, 0xf8, 0x00, 0x00, 0x00, 0x00, 0x00, 0x00, 0x0f, 0xff, 0xf5, 0x00,
    0x00, 0x00, 0x00, 0x02, 0x7e, 0xff, 0xff, 0xfa, 0x00, 0x00, 0x00, 0x00, 0x00, 0x00, 0xff, 0xff,
    0x50, 0x00, 0x00, 0x00, 0x00, 0x00, 0x07, 0xff, 0xff, 0xf9, 0x00, 0x00, 0x00, 0x00, 0x00, 0x0f,
    0xff, 0xf5, 0x00, 0x00, 0x00, 0x00, 0x00, 0x00, 0x04, 0xef, 0xff, 0xf5, 0x00, 0x00, 0x00, 0x00,
    0x00, 0xff, 0xff, 0x50, 0x00, 0x00, 0x00, 0x00, 0x00, 0x00, 0x04, 0xff, 0xff, 0xe1, 0x00, 0x00,
    0x00, 0x00, 0x0f, 0xff, 0xf5, 0x00, 0x00, 0x00, 0x00, 0x00, 0x00, 0x00, 0x07, 0xff, 0xff, 0x70,
    0x00, 0x00, 0x00, 0x00, 0xff, 0xff, 0x50, 0x00, 0x00, 0x00, 0x00, 0x00, 0x00, 0x00, 0x0e, 0xff,
    0xfe, 0x00, 0x00, 0x00, 0x00, 0x0f, 0xff, 0xf5, 0x00, 0x00, 0x00, 0x00, 0x00, 0x00, 0x00, 0x00,
    0x7f, 0xff, 0xf4, 0x00, 0x00, 0x00, 0x00, 0xff, 0xff, 0x50, 0x00, 0x00, 0x00, 0x00, 0x00, 0x00,
    0x00, 0x02, 0xff, 0xff, 0x80, 0x00, 0x00, 0x00, 0x0f, 0xff, 0xf5, 0x00, 0x00, 0x00, 0x00, 0x00,
    0x00, 0x00, 0x00, 0x0e, 0xff, 0xfb, 0x00, 0x00, 0x00, 0x00, 0xff, 0xff, 0x50, 0x00, 0x00, 0x00,
    0x00, 0x00, 0x00, 0x00, 0x00, 0xbf, 0xff, 0xd0, 0x00, 0x00, 0x00, 0x0f, 0xff, 0xf5, 0x00, 0x00,
    0x00, 0x00, 0x00, 0x00, 0x00, 0x00, 0x09, 0xff, 0xff, 0x00, 0x00, 0x47, 0x77, 0xff, 0xff, 0xa7,
    0x77, 0x77, 0x77, 0x60, 0x00, 0x00, 0x00, 0x00, 0x8f, 0xff, 0xf1, 0x00, 0x08, 0xff, 0xff, 0xff,
    0xff, 0xff, 0xff, 0xff, 0xfd, 0x00, 0x00, 0x00, 0x00, 0x07, 0xff, 0xff, 0x10, 0x00, 0x8f, 0xff,
    0xff, 0xff, 0xff, 0xff, 0xff, 0xff, 0xd0, 0x00, 0x00, 0x00, 0x00, 0x8f, 0xff, 0xf1, 0x00, 0x08,
    0xff, 0xff, 0xff, 0xff, 0xff, 0xff, 0xff, 0xfd, 0x00, 0x00, 0x00, 0x00, 0x09, 0xff, 0xff, 0x10,
    0x00, 0x00, 0x00, 0xff, 0xff, 0x50, 0x00, 0x00, 0x00, 0x00, 0x00, 0x00, 0x00, 0x00, 0xaf, 0xff,
    0xe0, 0x00, 0x00, 0x00, 0x0f, 0xff, 0xf5, 0x00, 0x00, 0x00, 0x00, 0x00, 0x00, 0x00, 0x00, 0x0c,
    0xff, 0xfc, 0x00, 0x00, 0x00, 0x00, 0xff, 0xff, 0x50, 0x00, 0x00, 0x00, 0x00, 0x00, 0x00, 0x00,
    0x01, 0xff, 0xff, 0xa0, 0x00, 0x00, 0x00, 0x0f, 0xff, 0xf5, 0x00, 0x00, 0x00, 0x00, 0x00, 0x00,
    0x00, 0x00, 0x4f, 0xff, 0xf7, 0x00, 0x00, 0x00, 0x00, 0xff, 0xff, 0x50, 0x00, 0x00, 0x00, 0x00,
    0x00, 0x00, 0x00, 0x0a, 0xff, 0xff, 0x20, 0x00, 0x00, 0x00, 0x0f, 0xff, 0xf5, 0x00, 0x00, 0x00,
    0x00, 0x00, 0x00, 0x00, 0x02, 0xff, 0xff, 0xc0, 0x00, 0x00, 0x00, 0x00, 0xff, 0xff, 0x50, 0x00,
    0x00, 0x00, 0x00, 0x00, 0x00, 0x00, 0xaf, 0xff, 0xf6, 0x00, 0x00, 0x00, 0x00, 0x0f, 0xff, 0xf5,
    0x00, 0x00, 0x00, 0x00, 0x00, 0x00, 0x00, 0x7f, 0xff, 0xfc, 0x00, 0x00, 0x00, 0x00, 0x00, 0xff,
    0xff, 0x50, 0x00, 0x00, 0x00, 0x00, 0x00, 0x00, 0x7f, 0xff, 0xff, 0x30, 0x00, 0x00, 0x00, 0x00,
    0x0f, 0xff, 0xf5, 0x00, 0x00, 0x00, 0x00, 0x00, 0x02, 0xbf, 0xff, 0xff, 0x70, 0x00, 0x00, 0x00,
    0x00, 0x00, 0xff, 0xff, 0x50, 0x00, 0x00, 0x00, 0x01, 0x4a, 0xff, 0xff, 0xff, 0x70, 0x00, 0x00,
    0x00, 0x00, 0x00, 0x0f, 0xff, 0xfa, 0x77, 0x77, 0x89, 0xad, 0xff, 0xff, 0xff, 0xfe, 0x50, 0x00,
    0x00, 0x00, 0x00, 0x00, 0x00, 0xff, 0xff, 0xff, 0xff, 0xff, 0xff, 0xff, 0xff, 0xff, 0xfa, 0x20,
    0x00, 0x00, 0x00, 0x00, 0x00, 0x00, 0x0f, 0xff, 0xff, 0xff, 0xff, 0xff, 0xff, 0xff, 0xfe, 0x93,
    0x00, 0x00, 0x00, 0x00, 0x00, 0x00, 0x00, 0x00, 0xff, 0xff, 0xff, 0xff, 0xff, 0xee, 0xca, 0x74,
    0x00, 0x00, 0x00, 0x00, 0x00, 0x00, 0x00, 0x00, 0x00, 0x00, 0x00, 0x00, 0x01, 0x7d, 0xfe, 0xa4,
    0x00, 0x00, 0x00, 0x8f, 0xe0, 0x00, 0x00, 0x00, 0x00, 0x00, 0x00, 0x00, 0x00, 0x00, 0x0b, 0xff,
    0xff, 0xff, 0xc4, 0x00, 0x02, 0xef, 0xb0, 0x00, 0x00, 0x00, 0x00, 0x00, 0x00, 0x00, 0x00, 0x00,
    0x8f, 0xff, 0xff, 0xff, 0xff, 0xc8, 0x9e, 0xff, 0x60, 0x00, 0x00, 0x00, 0x00, 0x00, 0x00, 0x00,
    0x00, 0x01, 0xef, 0xfa, 0x8a, 0xef, 0xff, 0xff, 0xff, 0xfe, 0x10, 0x00, 0x00, 0x00, 0x00, 0x00,
    0x00, 0x00, 0x00, 0x05, 0xff, 0x80, 0x00, 0x18, 0xef, 0xff, 0xff, 0xf4, 0x00, 0x00, 0x00, 0x00,
    0x00, 0x00, 0x00, 0x00, 0x00, 0x08, 0xff, 0x10, 0x00, 0x00, 0x18, 0xce, 0xea, 0x30, 0x00, 0x00,
    0x00, 0x00, 0x00, 0x00, 0x00, 0x00, 0x00, 0x00, 0x00, 0x00, 0x00, 0x00, 0x00, 0x00, 0x00, 0x00,
    0x00, 0x00, 0x00, 0x00, 0x00, 0x00, 0x00, 0x00, 0x00, 0x00, 0x00, 0x00, 0x00, 0x00, 0x00, 0x00,
    0x00, 0x00, 0x00, 0x00, 0x00, 0x00, 0x00, 0x00, 0x00, 0x00, 0x00, 0x00, 0x00, 0x00, 0x00, 0x00,
    0x00, 0x00, 0x00, 0x00, 0x00, 0x00, 0x00, 0x00, 0x00, 0x00, 0x00, 0x00, 0x00, 0x00, 0x00, 0x00,
    0x00, 0x00, 0x00, 0x00, 0x00, 0x00, 0x00, 0x00, 0x00, 0x00, 0x00, 0x00, 0x00, 0x5f, 0xff, 0xfe,
    0x10, 0x00, 0x00, 0x00, 0x00, 0x00, 0x00, 0x00, 0x03, 0xff, 0xfc, 0x00, 0x00, 0x00, 0x00, 0x5f,
    0xff, 0xff, 0x90, 0x00, 0x00, 0x00, 0x00, 0x00, 0x00, 0x00, 0x03, 0xff, 0xfc, 0x00, 0x00, 0x00,
    0x00, 0x5f, 0xff, 0xff, 0xf4, 0x00, 0x00, 0x00, 0x00, 0x00, 0x00, 0x00, 0x03, 0xff, 0xfc, 0x00,
    0x00, 0x00, 0x00, 0x5f, 0xff, 0xff, 0xfd, 0x10, 0x00, 0x00, 0x00, 0x00, 0x00, 0x00, 0x03, 0xff,
    0xfc, 0x00, 0x00, 0x00, 0x00, 0x5f, 0xff, 0xff, 0xff, 0x80, 0x00, 0x00, 0x00, 0x00, 0x00, 0x00,
    0x03, 0xff, 0xfc, 0x00, 0x00, 0x00, 0x00, 0x5f, 0xff, 0xff, 0xff, 0xf3, 0x00, 0x00, 0x00, 0x00,
    0x00, 0x00, 0x03, 0xff, 0xfc, 0x00, 0x00, 0x00, 0x00, 0x5f, 0xff, 0xaf, 0xff, 0xfc, 0x00, 0x00,
    0x00, 0x00, 0x00, 0x00, 0x03, 0xff, 0xfc, 0x00, 0x00, 0x00, 0x00, 0x5f, 0xff, 0x5a, 0xff, 0xff,
    0x70, 0x00, 0x00, 0x00, 0x00, 0x00, 0x03, 0xff, 0xfc, 0x00, 0x00, 0x00, 0x00, 0x5f, 0xff, 0x61,
    0xef, 0xff, 0xf2, 0x00, 0x00, 0x00, 0x00, 0x00, 0x03, 0xff, 0xfc, 0x00, 0x00, 0x00, 0x00, 0x5f,
    0xff, 0x70, 0x5f, 0xff, 0xfb, 0x00, 0x00, 0x00, 0x00, 0x00, 0x03, 0xff, 0xfc, 0x00, 0x00, 0x00,
    0x00, 0x5f, 0xff, 0x80, 0x0b, 0xff, 0xff, 0x60, 0x00, 0x00, 0x00, 0x00, 0x03, 0xff, 0xfc, 0x00,
    0x00, 0x00, 0x00, 0x5f, 0xff, 0x80, 0x02, 0xef, 0xff, 0xe2, 0x00, 0x00, 0x00, 0x00, 0x03, 0xff,
    0xfc, 0x00, 0x00, 0x00, 0x00, 0x5f, 0xff, 0x80, 0x00, 0x6f, 0xff, 0xfb, 0x00, 0x00, 0x00, 0x00,
    0x03, 0xff, 0xfc, 0x00, 0x00, 0x00, 0x00, 0x5f, 0xff, 0x90, 0x00, 0x0b, 0xff, 0xff, 0x50, 0x00,
    0x00, 0x00, 0x03, 0xff, 0xfc, 0x00, 0x00, 0x00, 0x00, 0x5f, 0xff, 0x90, 0x00, 0x02, 0xef, 0xff,
    0xe1, 0x00, 0x00, 0x00, 0x03, 0xff, 0xfc, 0x00, 0x00, 0x00, 0x00, 0x5f, 0xff, 0xa0, 0x00, 0x00,
    0x6f, 0xff, 0xfa, 0x00, 0x00, 0x00, 0x03, 0xff, 0xfc, 0x00, 0x00, 0x00, 0x00, 0x5f, 0xff, 0xa0,
    0x00, 0x00, 0x0b, 0xff, 0xff, 0x40, 0x00, 0x00, 0x03, 0xff, 0xfc, 0x00, 0x00, 0x00, 0x00, 0x5f,
    0xff, 0xa0, 0x00, 0x00, 0x02, 0xef, 0xff, 0xd1, 0x00, 0x00, 0x03, 0xff, 0xfc, 0x00, 0x00, 0x00,
    0x00, 0x5f, 0xff, 0xa0, 0x00, 0x00, 0x00, 0x7f, 0xff, 0xf9, 0x00, 0x00, 0x03, 0xff, 0xfc, 0x00,
    0x00, 0x00, 0x00, 0x5f, 0xff, 0xa0, 0x00, 0x00, 0x00, 0x0c, 0xff, 0xff, 0x30, 0x00, 0x03, 0xff,
    0xfc, 0x00, 0x00, 0x00, 0x00, 0x5f, 0xff, 0xa0, 0x00, 0x00, 0x00, 0x02, 0xff, 0xff, 0xd0, 0x00,
    0x03, 0xff, 0xfc, 0x00, 0x00, 0x00, 0x00, 0x5f, 0xff, 0xa0, 0x00, 0x00, 0x00, 0x00, 0x7f, 0xff,
    0xf8, 0x00, 0x03, 0xff, 0xfc, 0x00, 0x00, 0x00, 0x00, 0x5f, 0xff, 0xa0, 0x00, 0x00, 0x00, 0x00,
    0x0c, 0xff, 0xff, 0x30, 0x02, 0xff, 0xfc, 0x00, 0x00, 0x00, 0x00, 0x5f, 0xff, 0xa0, 0x00, 0x00,
    0x00, 0x00, 0x02, 0xff, 0xff, 0xc0, 0x02, 0xff, 0xfc, 0x00, 0x00, 0x00, 0x00, 0x5f, 0xff, 0xa0,
    0x00, 0x00, 0x00, 0x00, 0x00, 0x7f, 0xff, 0xf7, 0x01, 0xff, 0xfc, 0x00, 0x00, 0x00, 0x00, 0x5f,
    0xff, 0xa0, 0x00, 0x00, 0x00, 0x00, 0x00, 0x0c, 0xff, 0xfe, 0x20, 0xff, 0xfc, 0x00, 0x00, 0x00,
    0x00, 0x5f, 0xff, 0xa0, 0x00, 0x00, 0x00, 0x00, 0x00, 0x03, 0xff, 0xff, 0xb0, 0xff, 0xfc, 0x00,
    0x00, 0x00, 0x00, 0x5f, 0xff, 0xa0, 0x00, 0x00, 0x00, 0x00, 0x00, 0x00, 0x8f, 0xff, 0xf6, 0xef,
    0xfc, 0x00, 0x00, 0x00, 0x00, 0x5f, 0xff, 0xa0, 0x00, 0x00, 0x00, 0x00, 0x00, 0x00, 0x0c, 0xff,
    0xfe, 0xef, 0xfc, 0x00, 0x00, 0x00, 0x00, 0x5f, 0xff, 0xa0, 0x00, 0x00, 0x00, 0x00, 0x00, 0x00,
    0x03, 0xff, 0xff, 0xff, 0xfc, 0x00, 0x00, 0x00, 0x00, 0x5f, 0xff, 0xa0, 0x00, 0x00, 0x00, 0x00,
    0x00, 0x00, 0x00, 0x8f, 0xff, 0xff, 0xfc, 0x00, 0x00, 0x00, 0x00, 0x5f, 0xff, 0xa0, 0x00, 0x00,
    0x00, 0x00, 0x00, 0x00, 0x00, 0x0d, 0xff, 0xff, 0xfc, 0x00, 0x00, 0x00, 0x00, 0x5f, 0xff, 0xa0,
    0x00, 0x00, 0x00, 0x00, 0x00, 0x00, 0x00, 0x03, 0xff, 0xff, 0xfc, 0x00, 0x00, 0x00, 0x00, 0x5f,
    0xff, 0xa0, 0x00, 0x00, 0x00, 0x00, 0x00, 0x00, 0x00, 0x00, 0x8f, 0xff, 0xfc, 0x00, 0x00, 0x00,
    0x00, 0x00, 0x00, 0x00, 0x00, 0x48, 0x88, 0x85, 0x00, 0x00, 0x00, 0x00, 0x00, 0x00, 0x00, 0x00,
    0x00, 0x00, 0x00, 0x00, 0x00, 0x00, 0x00, 0x02, 0xef, 0xff, 0xe2, 0x00, 0x00, 0x00, 0x00, 0x00,
    0x00, 0x00, 0x00, 0x00, 0x00, 0x00, 0x00, 0x00, 0x00, 0x00, 0x05, 0xff, 0xff, 0xa0, 0x00, 0x00,
    0x00, 0x00, 0x00, 0x00, 0x00, 0x00, 0x00, 0x00, 0x00, 0x00, 0x00, 0x00, 0x00, 0x07, 0xff, 0xff,
    0x40, 0x00, 0x00, 0x00, 0x00, 0x00, 0x00, 0x00, 0x00, 0x00, 0x00, 0x00, 0x00, 0x00, 0x00, 0x00,
    0x07, 0xff, 0xfd, 0x10, 0x00, 0x00, 0x00, 0x00, 0x00, 0x00, 0x00, 0x00, 0x00, 0x00, 0x00, 0x00,
    0x00, 0x00, 0x00, 0x08, 0xff, 0xfa, 0x00, 0x00, 0x00, 0x00, 0x00, 0x00, 0x00, 0x00, 0x00, 0x00,
    0x00, 0x00, 0x00, 0x00, 0x00, 0x00, 0x07, 0xff, 0xf6, 0x00, 0x00, 0x00, 0x00, 0x00, 0x00, 0x00,
    0x00, 0x00, 0x00, 0x00, 0x00, 0x00, 0x00, 0x00, 0x00, 0x05, 0xef, 0xf1, 0x00, 0x00, 0x00, 0x00,
    0x00, 0x00, 0x00, 0x00, 0x00, 0x00, 0x00, 0x00, 0x00, 0x00, 0x00, 0x00, 0x00, 0x00, 0x00, 0x00,
    0x00, 0x00, 0x00, 0x00, 0x00, 0x00, 0x00, 0x00, 0x00, 0x00, 0x00, 0x00, 0x00, 0x00, 0x00, 0x00,
    0x00, 0x00, 0x00, 0x00, 0x00, 0x00, 0x00, 0x00, 0x00, 0x00, 0x00, 0x00, 0x00, 0x00, 0x00, 0x00,
    0x00, 0x00, 0x00, 0x00, 0x00, 0x00, 0x00, 0x00, 0x00, 0x00, 0x00, 0x00, 0x00, 0x00, 0x00, 0x00,
    0x00, 0x01, 0x46, 0x67, 0x76, 0x52, 0x00, 0x00, 0x00, 0x00, 0x00, 0x00, 0x00, 0x00, 0x00, 0x00,
    0x00, 0x00, 0x02, 0x8c, 0xff, 0xff, 0xff, 0xff, 0xfe, 0xa5, 0x00, 0x00, 0x00, 0x00, 0x00, 0x00,
    0x00, 0x00, 0x00, 0x00, 0x2a, 0xff, 0xff, 0xff, 0xff, 0xff, 0xff, 0xff, 0xfc, 0x50, 0x00, 0x00,
    0x00, 0x00, 0x00, 0x00, 0x00, 0x00, 0x5e, 0xff, 0xff, 0xff, 0xff, 0xff, 0xff, 0xff, 0xff, 0xff,
    0x91, 0x00, 0x00, 0x00, 0x00, 0x00, 0x00, 0x00, 0x6f, 0xff, 0xff, 0xea, 0x63, 0x10, 0x12, 0x48,
    0xcf, 0xff, 0xff, 0xb1, 0x00, 0x00, 0x00, 0x00, 0x00, 0x00, 0x5f, 0xff, 0xff, 0xa2, 0x00, 0x00,
    0x00, 0x00, 0x00, 0x4d, 0xff, 0xff, 0xb0, 0x00, 0x00, 0x00, 0x00, 0x00, 0x2e, 0xff, 0xff, 0x60,
    0x00, 0x00, 0x00, 0x00, 0x00, 0x00, 0x1b, 0xff, 0xff, 0x80, 0x00, 0x00, 0x00, 0x00, 0x0b, 0xff,
    0xff, 0x60, 0x00, 0x00, 0x00, 0x00, 0x00, 0x00, 0x00, 0x1c, 0xff, 0xff, 0x20, 0x00, 0x00, 0x00,
    0x04, 0xff, 0xff, 0xb0, 0x00, 0x00, 0x00, 0x00, 0x00, 0x00, 0x00, 0x00, 0x3f, 0xff, 0xfa, 0x00,
    0x00, 0x00, 0x00, 0xaf, 0xff, 0xf2, 0x00, 0x00, 0x00, 0x00, 0x00, 0x00, 0x00, 0x00, 0x00, 0x9f,
    0xff, 0xf1, 0x00, 0x00, 0x00, 0x1f, 0xff, 0xfb, 0x00, 0x00, 0x00, 0x00, 0x00, 0x00, 0x00, 0x00,
    0x00, 0x03, 0xff, 0xff, 0x70, 0x00, 0x00, 0x05, 0xff, 0xff, 0x50, 0x00, 0x00, 0x00, 0x00, 0x00,
    0x00, 0x00, 0x00, 0x00, 0x0d, 0xff, 0xfb, 0x00, 0x00, 0x00, 0x8f, 0xff, 0xf1, 0x00, 0x00, 0x00,
    0x00, 0x00, 0x00, 0x00, 0x00, 0x00, 0x00, 0x9f, 0xff, 0xf1, 0x00, 0x00, 0x0b, 0xff, 0xfd, 0x00,
    0x00, 0x00, 0x00, 0x00, 0x00, 0x00, 0x00, 0x00, 0x00, 0x06, 0xff, 0xff, 0x30, 0x00, 0x00, 0xdf,
    0xff, 0xa0, 0x00, 0x00, 0x00, 0x00, 0x00, 0x00, 0x00, 0x00, 0x00, 0x00, 0x3f, 0xff, 0xf5, 0x00,
    0x00, 0x0f, 0xff, 0xf9, 0x00, 0x00, 0x00, 0x00, 0x00, 0x00, 0x00, 0x00, 0x00, 0x00, 0x02, 0xff,
    0xff, 0x70, 0x00, 0x00, 0xff, 0xff, 0x80, 0x00, 0x00, 0x00, 0x00, 0x00, 0x00, 0x00, 0x00, 0x00,
    0x00, 0x1f, 0xff, 0xf8, 0x00, 0x00, 0x1f, 0xff, 0xf8, 0x00, 0x00, 0x00, 0x00, 0x00, 0x00, 0x00,
    0x00, 0x00, 0x00, 0x00, 0xff, 0xff, 0x80, 0x00, 0x01, 0xff, 0xff, 0x80, 0x00, 0x00, 0x00, 0x00,
    0x00, 0x00, 0x00, 0x00, 0x00, 0x00, 0x1f, 0xff, 0xf8, 0x00, 0x00, 0x0f, 0xff, 0xf9, 0x00, 0x00,
    0x00, 0x00, 0x00, 0x00, 0x00, 0x00, 0x00, 0x00, 0x02, 0xff, 0xff, 0x70, 0x00, 0x00, 0xef, 0xff,
    0xa0, 0x00, 0x00, 0x00, 0x00, 0x00, 0x00, 0x00, 0x00, 0x00, 0x00, 0x2f, 0xff, 0xf6, 0x00, 0x00,
    0x0c, 0xff, 0xfc, 0x00, 0x00, 0x00, 0x00, 0x00, 0x00, 0x00, 0x00, 0x00, 0x00, 0x05, 0xff, 0xff,
    0x40, 0x00, 0x00, 0xaf, 0xff, 0xf0, 0x00, 0x00, 0x00, 0x00, 0x00, 0x00, 0x00, 0x00, 0x00, 0x00,
    0x7f, 0xff, 0xf2, 0x00, 0x00, 0x06, 0xff, 0xff, 0x30, 0x00, 0x00, 0x00, 0x00, 0x00, 0x00, 0x00,
    0x00, 0x00, 0x0b, 0xff, 0xfd, 0x00, 0x00, 0x00, 0x2f, 0xff, 0xf8, 0x00, 0x00, 0x00, 0x00, 0x00,
    0x00, 0x00, 0x00, 0x00, 0x01, 0xff, 0xff, 0x90, 0x00, 0x00, 0x00, 0xcf, 0xff, 0xd0, 0x00, 0x00,
    0x00, 0x00, 0x00, 0x00, 0x00, 0x00, 0x00, 0x6f, 0xff, 0xf4, 0x00, 0x00, 0x00, 0x07, 0xff, 0xff,
    0x60, 0x00, 0x00, 0x00, 0x00, 0x00, 0x00, 0x00, 0x00, 0x1d, 0xff, 0xfd, 0x00, 0x00, 0x00, 0x00,
    0x1e, 0xff, 0xfe, 0x10, 0x00, 0x00, 0x00, 0x00, 0x00, 0x00, 0x00, 0x08, 0xff, 0xff, 0x60, 0x00,
    0x00, 0x00, 0x00, 0x6f, 0xff, 0xfc, 0x10, 0x00, 0x00, 0x00, 0x00, 0x00, 0x00, 0x05, 0xff, 0xff,
    0xc0, 0x00, 0x00, 0x00, 0x00, 0x00, 0xbf, 0xff, 0xfc, 0x20, 0x00, 0x00, 0x00, 0x00, 0x00, 0x06,
    0xff, 0xff, 0xe2, 0x00, 0x00, 0x00, 0x00, 0x00, 0x01, 0xcf, 0xff, 0xff, 0x83, 0x00, 0x00, 0x00,
    0x01, 0x5c, 0xff, 0xff, 0xf4, 0x00, 0x00, 0x00, 0x00, 0x00, 0x00, 0x01, 0xcf, 0xff, 0xff, 0xfd,
    0xa9, 0x88, 0x9b, 0xff, 0xff, 0xff, 0xe4, 0x00, 0x00, 0x00, 0x00, 0x00, 0x00, 0x00, 0x00, 0x8f,
    0xff, 0xff, 0xff, 0xff, 0xff, 0xff, 0xff, 0xff, 0xc2, 0x00, 0x00, 0x00, 0x00, 0x00, 0x00, 0x00,
    0x00, 0x00, 0x2a, 0xff, 0xff, 0xff, 0xff, 0xff, 0xff, 0xfc, 0x50, 0x00, 0x00, 0x00, 0x00, 0x00,
    0x00, 0x00, 0x00, 0x00, 0x00, 0x01, 0x59, 0xbd, 0xef, 0xee, 0xca, 0x72, 0x00, 0x00, 0x00, 0x00,
    0x00, 0x00, 0x00, 0x00, 0x00, 0x00, 0x00, 0x00, 0x00, 0x00, 0x00, 0x00, 0x58, 0x88, 0x84, 0x00,
    0x00, 0x00, 0x00, 0x00, 0x00, 0x00, 0x00, 0x00, 0x00, 0x00, 0x00, 0x00, 0x00, 0x00, 0x2f, 0xff,
    0xfe, 0x30, 0x00, 0x00, 0x00, 0x00, 0x00, 0x00, 0x00, 0x00, 0x00, 0x00, 0x00, 0x00, 0x00, 0x00,
    0x0b, 0xff, 0xff, 0x50, 0x00, 0x00, 0x00, 0x00, 0x00, 0x00, 0x00, 0x00, 0x00, 0x00, 0x00, 0x00,
    0x00, 0x00, 0x05, 0xff, 0xff, 0x60, 0x00, 0x00, 0x00, 0x00, 0x00, 0x00, 0x00, 0x00, 0x00, 0x00,
    0x00, 0x00, 0x00, 0x00, 0x01, 0xef, 0xff, 0x70, 0x00, 0x00, 0x00, 0x00, 0x00, 0x00, 0x00, 0x00,
    0x00, 0x00, 0x00, 0x00, 0x00, 0x00, 0x00, 0xaf, 0xff, 0x70, 0x00, 0x00, 0x00, 0x00, 0x00, 0x00,
    0x00, 0x00, 0x00, 0x00, 0x00, 0x00, 0x00, 0x00, 0x00, 0x6f, 0xff, 0x70, 0x00, 0x00, 0x00, 0x00,
    0x00, 0x00, 0x00, 0x00, 0x00, 0x00, 0x00, 0x00, 0x00, 0x00, 0x00, 0x1e, 0xfe, 0x50, 0x00, 0x00,
    0x00, 0x00, 0x00, 0x00, 0x00, 0x00, 0x00, 0x00, 0x00, 0x00, 0x00, 0x00, 0x00, 0x00, 0x00, 0x00,
    0x00, 0x00, 0x00, 0x00, 0x00, 0x00, 0x00, 0x00, 0x00, 0x00, 0x00, 0x00, 0x00, 0x00, 0x00, 0x00,
    0x00, 0x00, 0x00, 0x00, 0x00, 0x00, 0x00, 0x00, 0x00, 0x00, 0x00, 0x00, 0x00, 0x00, 0x00, 0x00,
    0x00, 0x00, 0x00, 0x00, 0x00, 0x00, 0x00, 0x00, 0x00, 0x00, 0x00, 0x00, 0x00, 0x00, 0x00, 0x00,
    0x00, 0x00, 0x00, 0x00, 0x01, 0x46, 0x67, 0x76, 0x52, 0x00, 0x00, 0x00, 0x00, 0x00, 0x00, 0x00,
    0x00, 0x00, 0x00, 0x00, 0x00, 0x02, 0x8c, 0xff, 0xff, 0xff, 0xff, 0xfe, 0xa5, 0x00, 0x00, 0x00,
    0x00, 0x00, 0x00, 0x00, 0x00, 0x00, 0x00, 0x2a, 0xff, 0xff, 0xff, 0xff, 0xff, 0xff, 0xff, 0xfc,
    0x50, 0x00, 0x00, 0x00, 0x00, 0x00, 0x00, 0x00, 0x00, 0x5e, 0xff, 0xff, 0xff, 0xff, 0xff, 0xff,
    0xff, 0xff, 0xff, 0x91, 0x00, 0x00, 0x00, 0x00, 0x00, 0x00, 0x00, 0x6f, 0xff, 0xff, 0xea, 0x63,
    0x10, 0x12, 0x48, 0xcf, 0xff, 0xff, 0xb1, 0x00, 0x00, 0x00, 0x00, 0x00, 0x00, 0x5f, 0xff, 0xff,
    0xa2, 0x00, 0x00, 0x00, 0x00, 0x00, 0x4d, 0xff, 0xff, 0xb0, 0x00, 0x00, 0x00, 0x00, 0x00, 0x2e,
    0xff, 0xff, 0x60, 0x00, 0x00, 0x00, 0x00, 0x00, 0x00, 0x1b, 0xff, 0xff, 0x80, 0x00, 0x00, 0x00,
    0x00, 0x0b, 0xff, 0xff, 0x60, 0x00, 0x00, 0x00, 0x00, 0x00, 0x00, 0x00, 0x1c, 0xff, 0xff, 0x20,
    0x00, 0x00, 0x00, 0x04, 0xff, 0xff, 0xb0, 0x00, 0x00, 0x00, 0x00, 0x00, 0x00, 0x00, 0x00, 0x3f,
    0xff, 0xfa, 0x00, 0x00, 0x00, 0x00, 0xaf, 0xff, 0xf2, 0x00, 0x00, 0x00, 0x00, 0x00, 0x00, 0x00,
    0x00, 0x00, 0x9f, 0xff, 0xf1, 0x00, 0x00, 0x00, 0x1f, 0xff, 0xfb, 0x00, 0x00, 0x00, 0x00, 0x00,
    0x00, 0x00, 0x00, 0x00, 0x03, 0xff, 0xff, 0x70, 0x00, 0x00, 0x05, 0xff, 0xff, 0x50, 0x00, 0x00,
    0x00, 0x00, 0x00, 0x00, 0x00, 0x00, 0x00, 0x0d, 0xff, 0xfb, 0x00, 0x00, 0x00, 0x8f, 0xff, 0xf1,
    0x00, 0x00, 0x00, 0x00, 0x00, 0x00, 0x00, 0x00, 0x00, 0x00, 0x9f, 0xff, 0xf1, 0x00, 0x00, 0x0b,
    0xff, 0xfd, 0x00, 0x00, 0x00, 0x00, 0x00, 0x00, 0x00, 0x00, 0x00, 0x00, 0x06, 0xff, 0xff, 0x30,
    0x00, 0x00, 0xdf, 0xff, 0xa0, 0x00, 0x00, 0x00, 0x00, 0x00, 0x00, 0x00, 0x00, 0x00, 0x00, 0x3f,
    0xff, 0xf5, 0x00, 0x00, 0x0f, 0xff, 0xf9, 0x00, 0x00, 0x00, 0x00, 0x00, 0x00, 0x00, 0x00, 0x00,
    0x00, 0x02, 0xff, 0xff, 0x70, 0x00, 0x00, 0xff, 0xff, 0x80, 0x00, 0x00, 0x00, 0x00, 0x00, 0x00,
    0x00, 0x00, 0x00, 0x00, 0x1f, 0xff, 0xf8, 0x00, 0x00, 0x1f, 0xff, 0xf8, 0x00, 0x00, 0x00, 0x00,
    0x00, 0x00, 0x00, 0x00, 0x00, 0x00, 0x00, 0xff, 0xff, 0x80, 0x00, 0x01, 0xff, 0xff, 0x80, 0x00,
    0x00, 0x00, 0x00, 0x00, 0x00, 0x00, 0x00, 0x00, 0x00, 0x1f, 0xff, 0xf8, 0x00, 0x00, 0x0f, 0xff,
    0xf9, 0x00, 0x00, 0x00, 0x00, 0x00, 0x00, 0x00, 0x00, 0x00, 0x00, 0x02, 0xff, 0xff, 0x70, 0x00,
    0x00, 0xef, 0xff, 0xa0, 0x00, 0x00, 0x00, 0x00, 0x00, 0x00, 0x00, 0x00, 0x00, 0x00, 0x2f, 0xff,
    0xf6, 0x00, 0x00, 0x0c, 0xff, 0xfc, 0x00, 0x00, 0x00, 0x00, 0x00, 0x00, 0x00, 0x00, 0x00, 0x00,
    0x05, 0xff, 0xff, 0x40, 0x00, 0x00, 0xaf, 0xff, 0xf0, 0x00, 0x00, 0x00, 0x00, 0x00, 0x00, 0x00,
    0x00, 0x00, 0x00, 0x7f, 0xff, 0xf2, 0x00, 0x00, 0x06, 0xff, 0xff, 0x30, 0x00, 0x00, 0x00, 0x00,
    0x00, 0x00, 0x00, 0x00, 0x00, 0x0b, 0xff, 0xfd, 0x00, 0x00, 0x00, 0x2f, 0xff, 0xf8, 0x00, 0x00,
    0x00, 0x00, 0x00, 0x00, 0x00, 0x00, 0x00, 0x01, 0xff, 0xff, 0x90, 0x00, 0x00, 0x00, 0xcf, 0xff,
    0xd0, 0x00, 0x00, 0x00, 0x00, 0x00, 0x00, 0x00, 0x00, 0x00, 0x6f, 0xff, 0xf4, 0x00, 0x00, 0x00,
    0x07, 0xff, 0xff, 0x60, 0x00, 0x00, 0x00, 0x00, 0x00, 0x00, 0x00, 0x00, 0x1d, 0xff, 0xfd, 0x00,
    0x00, 0x00, 0x00, 0x1e, 0xff, 0xfe, 0x10, 0x00, 0x00, 0x00, 0x00, 0x00, 0x00, 0x00, 0x08, 0xff,
    0xff, 0x60, 0x00, 0x00, 0x00, 0x00, 0x6f, 0xff, 0xfc, 0x10, 0x00, 0x00, 0x00, 0x00, 0x00, 0x00,
    0x05, 0xff, 0xff, 0xc0, 0x00, 0x00, 0x00, 0x00, 0x00, 0xbf, 0xff, 0xfc, 0x20, 0x00, 0x00, 0x00,
    0x00, 0x00, 0x06, 0xff, 0xff, 0xe2, 0x00, 0x00, 0x00, 0x00, 0x00, 0x01, 0xcf, 0xff, 0xff, 0x83,
    0x00, 0x00, 0x00, 0x01, 0x5c, 0xff, 0xff, 0xf4, 0x00, 0x00, 0x00, 0x00, 0x00, 0x00, 0x01, 0xcf,
    0xff, 0xff, 0xfd, 0xa9, 0x88, 0x9b, 0xff, 0xff, 0xff, 0xe4, 0x00, 0x00, 0x00, 0x00, 0x00, 0x00,
    0x00, 0x00, 0x8f, 0xff, 0xff, 0xff, 0xff, 0xff, 0xff, 0xff, 0xff, 0xc2, 0x00, 0x00, 0x00, 0x00,
    0x00, 0x00, 0x00, 0x00, 0x00, 0x2a, 0xff, 0xff, 0xff, 0xff, 0xff, 0xff, 0xfc, 0x50, 0x00, 0x00,
    0x00, 0x00, 0x00, 0x00, 0x00, 0x00, 0x00, 0x00, 0x01, 0x59, 0xbd, 0xef, 0xee, 0xca, 0x72, 0x00,
    0x00, 0x00, 0x00, 0x00, 0x00, 0x00, 0x00, 0x00, 0x00, 0x00, 0x00, 0x00, 0x00, 0x48, 0x88, 0x71,
    0x00, 0x00, 0x00, 0x00, 0x00, 0x00, 0x00, 0x00, 0x00, 0x00, 0x00, 0x00, 0x00, 0x00, 0x00, 0x1e,
    0xff, 0xff, 0x90, 0x00, 0x00, 0x00, 0x00, 0x00, 0x00, 0x00, 0x00, 0x00, 0x00, 0x00, 0x00, 0x00,
    0x00, 0x0b, 0xff, 0xff, 0xff, 0x60, 0x00, 0x00, 0x00, 0x00, 0x00, 0x00, 0x00, 0x00, 0x00, 0x00,
    0x00, 0x00, 0x00, 0x09, 0xff, 0xfe, 0xff, 0xff, 0x40, 0x00, 0x00, 0x00, 0x00, 0x00, 0x00, 0x00,
    0x00, 0x00, 0x00, 0x00, 0x00, 0x07, 0xff, 0xfd, 0x27, 0xff, 0xfe, 0x20, 0x00, 0x00, 0x00, 0x00,
    0x00, 0x00, 0x00, 0x00, 0x00, 0x00, 0x00, 0x06, 0xff, 0xfc, 0x10, 0x05, 0xff, 0xfd, 0x20, 0x00,
    0x00, 0x00, 0x00, 0x00, 0x00, 0x00, 0x00, 0x00, 0x00, 0x05, 0xff, 0xfa, 0x10, 0x00, 0x04, 0xef,
    0xfd, 0x20, 0x00, 0x00, 0x00, 0x00, 0x00, 0x00, 0x00, 0x00, 0x00, 0x02, 0xff, 0xe6, 0x00, 0x00,
    0x00, 0x01, 0xaf, 0xfd, 0x00, 0x00, 0x00, 0x00, 0x00, 0x00, 0x00, 0x00, 0x00, 0x00, 0x00, 0x00,
    0x00, 0x00, 0x00, 0x00, 0x00, 0x00, 0x00, 0x00, 0x00, 0x00, 0x00, 0x00, 0x00, 0x00, 0x00, 0x00,
    0x00, 0x00, 0x00, 0x00, 0x00, 0x00, 0x00, 0x00, 0x00, 0x00, 0x00, 0x00, 0x00, 0x00, 0x00, 0x00,
    0x00, 0x00, 0x00, 0x00, 0x00, 0x00, 0x00, 0x00, 0x00, 0x00, 0x00, 0x00, 0x00, 0x00, 0x00, 0x00,
    0x00, 0x00, 0x00, 0x00, 0x00, 0x00, 0x00, 0x01, 0x46, 0x67, 0x76, 0x52, 0x00, 0x00, 0x00, 0x00,
    0x00, 0x00, 0x00, 0x00, 0x00, 0x00, 0x00, 0x00, 0x02, 0x8c, 0xff, 0xff, 0xff, 0xff, 0xfe, 0xa5,
    0x00, 0x00, 0x00, 0x00, 0x00, 0x00, 0x00, 0x00, 0x00, 0x00, 0x2a, 0xff, 0xff, 0xff, 0xff, 0xff,
    0xff, 0xff, 0xfc, 0x50, 0x00, 0x00, 0x00, 0x00, 0x00, 0x00, 0x00, 0x00, 0x5e, 0xff, 0xff, 0xff,
    0xff, 0xff, 0xff, 0xff, 0xff, 0xff, 0x91, 0x00, 0x00, 0x00, 0x00, 0x00, 0x00, 0x00, 0x6f, 0xff,
    0xff, 0xea, 0x63, 0x10, 0x12, 0x48, 0xcf, 0xff, 0xff, 0xb1, 0x00, 0x00, 0x00, 0x00, 0x00, 0x00,
    0x5f, 0xff, 0xff, 0xa2, 0x00, 0x00, 0x00, 0x00, 0x00, 0x4d, 0xff, 0xff, 0xb0, 0x00, 0x00, 0x00,
    0x00, 0x00, 0x2e, 0xff, 0xff, 0x60, 0x00, 0x00, 0x00, 0x00, 0x00, 0x00, 0x1b, 0xff, 0xff, 0x80,
    0x00, 0x00, 0x00, 0x00, 0x0b, 0xff, 0xff, 0x60, 0x00, 0x00, 0x00, 0x00, 0x00, 0x00, 0x00, 0x1c,
    0xff, 0xff, 0x20, 0x00, 0x00, 0x00, 0x04, 0xff, 0xff, 0xb0, 0x00, 0x00, 0x00, 0x00, 0x00, 0x00,
    0x00, 0x00, 0x3f, 0xff, 0xfa, 0x00, 0x00, 0x00, 0x00, 0xaf, 0xff, 0xf2, 0x00, 0x00, 0x00, 0x00,
    0x00, 0x00, 0x00, 0x00, 0x00, 0x9f, 0xff, 0xf1, 0x00, 0x00, 0x00, 0x1f, 0xff, 0xfb, 0x00, 0x00,
    0x00, 0x00, 0x00, 0x00, 0x00, 0x00, 0x00, 0x03, 0xff, 0xff, 0x70, 0x00, 0x00, 0x05, 0xff, 0xff,
    0x50, 0x00, 0x00, 0x00, 0x00, 0x00, 0x00, 0x00, 0x00, 0x00, 0x0d, 0xff, 0xfb, 0x00, 0x00, 0x00,
    0x8f, 0xff, 0xf1, 0x00, 0x00, 0x00, 0x00, 0x00, 0x00, 0x00, 0x00, 0x00, 0x00, 0x9f, 0xff, 0xf1,
    0x00, 0x00, 0x0b, 0xff, 0xfd, 0x00, 0x00, 0x00, 0x00, 0x00, 0x00, 0x00, 0x00, 0x00, 0x00, 0x06,
    0xff, 0xff, 0x30, 0x00, 0x00, 0xdf, 0xff, 0xa0, 0x00, 0x00, 0x00, 0x00, 0x00, 0x00, 0x00, 0x00,
    0x00, 0x00, 0x3f, 0xff, 0xf5, 0x00, 0x00, 0x0f, 0xff, 0xf9, 0x00, 0x00, 0x00, 0x00, 0x00, 0x00,
    0x00, 0x00, 0x00, 0x00, 0x02, 0xff, 0xff, 0x70, 0x00, 0x00, 0xff, 0xff, 0x80, 0x00, 0x00, 0x00,
    0x00, 0x00, 0x00, 0x00, 0x00, 0x00, 0x00, 0x1f, 0xff, 0xf8, 0x00, 0x00, 0x1f, 0xff, 0xf8, 0x00,
    0x00, 0x00, 0x00, 0x00, 0x00, 0x00, 0x00, 0x00, 0x00, 0x00, 0xff, 0xff, 0x80, 0x00, 0x01, 0xff,
    0xff, 0x80, 0x00, 0x00, 0x00, 0x00, 0x00, 0x00, 0x00, 0x00, 0x00, 0x00, 0x1f, 0xff, 0xf8, 0x00,
    0x00, 0x0f, 0xff, 0xf9, 0x00, 0x00, 0x00, 0x00, 0x00, 0x00, 0x00, 0x00, 0x00, 0x00, 0x02, 0xff,
    0xff, 0x70, 0x00, 0x00, 0xef, 0xff, 0xa0, 0x00, 0x00, 0x00, 0x00, 0x00, 0x00, 0x00, 0x00, 0x00,
    0x00, 0x2f, 0xff, 0xf6, 0x00, 0x00, 0x0c, 0xff, 0xfc, 0x00, 0x00, 0x00, 0x00, 0x00, 0x00, 0x00,
    0x00, 0x00, 0x00, 0x05, 0xff, 0xff, 0x40, 0x00, 0x00, 0xaf, 0xff, 0xf0, 0x00, 0x00, 0x00, 0x00,
    0x00, 0x00, 0x00, 0x00, 0x00, 0x00, 0x7f, 0xff, 0xf2, 0x00, 0x00, 0x06, 0xff, 0xff, 0x30, 0x00,
    0x00, 0x00, 0x00, 0x00, 0x00, 0x00, 0x00, 0x00, 0x0b, 0xff, 0xfd, 0x00, 0x00, 0x00, 0x2f, 0xff,
    0xf8, 0x00, 0x00, 0x00, 0x00, 0x00, 0x00, 0x00, 0x00, 0x00, 0x01, 0xff, 0xff, 0x90, 0x00, 0x00,
    0x00, 0xcf, 0xff, 0xd0, 0x00, 0x00, 0x00, 0x00, 0x00, 0x00, 0x00, 0x00, 0x00, 0x6f, 0xff, 0xf4,
    0x00, 0x00, 0x00, 0x07, 0xff, 0xff, 0x60, 0x00, 0x00, 0x00, 0x00, 0x00, 0x00, 0x00, 0x00, 0x1d,
    0xff, 0xfd, 0x00, 0x00, 0x00, 0x00, 0x1e, 0xff, 0xfe, 0x10, 0x00, 0x00, 0x00, 0x00, 0x00, 0x00,
    0x00, 0x08, 0xff, 0xff, 0x60, 0x00, 0x00, 0x00, 0x00, 0x6f, 0xff, 0xfc, 0x10, 0x00, 0x00, 0x00,
    0x00, 0x00, 0x00, 0x05, 0xff, 0xff, 0xc0, 0x00, 0x00, 0x00, 0x00, 0x00, 0xbf, 0xff, 0xfc, 0x20,
    0x00, 0x00, 0x00, 0x00, 0x00, 0x06, 0xff, 0xff, 0xe2, 0x00, 0x00, 0x00, 0x00, 0x00, 0x01, 0xcf,
    0xff, 0xff, 0x83, 0x00, 0x00, 0x00, 0x01, 0x5c, 0xff, 0xff, 0xf4, 0x00, 0x00, 0x00, 0x00, 0x00,
    0x00, 0x01, 0xcf, 0xff, 0xff, 0xfd, 0xa9, 0x88, 0x9b, 0xff, 0xff, 0xff, 0xe4, 0x00, 0x00, 0x00,
    0x00, 0x00, 0x00, 0x00, 0x00, 0x8f, 0xff, 0xff, 0xff, 0xff, 0xff, 0xff, 0xff, 0xff, 0xc2, 0x00,
    0x00, 0x00, 0x00, 0x00, 0x00, 0x00, 0x00, 0x00, 0x2a, 0xff, 0xff, 0xff, 0xff, 0xff, 0xff, 0xfc,
    0x50, 0x00, 0x00, 0x00, 0x00, 0x00, 0x00, 0x00, 0x00, 0x00, 0x00, 0x01, 0x59, 0xbd, 0xef, 0xee,
    0xca, 0x72, 0x00, 0x00, 0x00, 0x00, 0x00, 0x00, 0x00, 0x00, 0x00, 0x00, 0x00, 0x00, 0x3a, 0xee,
    0xd8, 0x10, 0x00, 0x00, 0x1f, 0xf7, 0x00, 0x00, 0x00, 0x00, 0x00, 0x00, 0x00, 0x00, 0x00, 0x00,
    0x4f, 0xff, 0xff, 0xfe, 0x81, 0x00, 0x08, 0xff, 0x40, 0x00, 0x00, 0x00, 0x00, 0x00, 0x00, 0x00,
    0x00, 0x00, 0x1e, 0xff, 0xff, 0xff, 0xff, 0xea, 0x8b, 0xff, 0xe0, 0x00, 0x00, 0x00, 0x00, 0x00,
    0x00, 0x00, 0x00, 0x00, 0x07, 0xff, 0xe9, 0x8c, 0xff, 0xff, 0xff, 0xff, 0xf7, 0x00, 0x00, 0x00,
    0x00, 0x00, 0x00, 0x00, 0x00, 0x00, 0x00, 0xcf, 0xe2, 0x00, 0x04, 0xcf, 0xff, 0xff, 0xfb, 0x00,
    0x00, 0x00, 0x00, 0x00, 0x00, 0x00, 0x00, 0x00, 0x00, 0x0f, 0xf9, 0x00, 0x00, 0x00, 0x4a, 0xef,
    0xd7, 0x00, 0x00, 0x00, 0x00, 0x00, 0x00, 0x00, 0x00, 0x00, 0x00, 0x00, 0x00, 0x00, 0x00, 0x00,
    0x00, 0x00, 0x00, 0x00, 0x00, 0x00, 0x00, 0x00, 0x00, 0x00, 0x00, 0x00, 0x00, 0x00, 0x00, 0x00,
    0x00, 0x00, 0x00, 0x00, 0x00, 0x00, 0x00, 0x00, 0x00, 0x00, 0x00, 0x00, 0x00, 0x00, 0x00, 0x00,
    0x00, 0x00, 0x00, 0x00, 0x00, 0x00, 0x00, 0x00, 0x00, 0x00, 0x00, 0x00, 0x00, 0x00, 0x00, 0x00,
    0x00, 0x00, 0x00, 0x00, 0x00, 0x01, 0x46, 0x67, 0x76, 0x52, 0x00, 0x00, 0x00, 0x00, 0x00, 0x00,
    0x00, 0x00, 0x00, 0x00, 0x00, 0x00, 0x02, 0x8c, 0xff, 0xff, 0xff, 0xff, 0xfe, 0xa5, 0x00, 0x00,
    0x00, 0x00, 0x00, 0x00, 0x00, 0x00, 0x00, 0x00, 0x2a, 0xff, 0xff, 0xff, 0xff, 0xff, 0xff, 0xff,
    0xfc, 0x50, 0x00, 0x00, 0x00, 0x00, 0x00, 0x00, 0x00, 0x00, 0x5e, 0xff, 0xff, 0xff, 0xff, 0xff,
    0xff, 0xff, 0xff, 0xff, 0x91, 0x00, 0x00, 0x00, 0x00, 0x00, 0x00, 0x00, 0x6f, 0xff, 0xff, 0xea,
    0x63, 0x10, 0x12, 0x48, 0xcf, 0xff, 0xff, 0xb1, 0x00, 0x00, 0x00, 0x00, 0x00, 0x00, 0x5f, 0xff,
    0xff, 0xa2, 0x00, 0x00, 0x00, 0x00, 0x00, 0x4d, 0xff, 0xff, 0xb0, 0x00, 0x00, 0x00, 0x00, 0x00,
    0x2e, 0xff, 0xff, 0x60, 0x00, 0x00, 0x00, 0x00, 0x00, 0x00, 0x1b, 0xff, 0xff, 0x80, 0x00, 0x00,
    0x00, 0x00, 0x0b, 0xff, 0xff, 0x60, 0x00, 0x00, 0x00, 0x00, 0x00, 0x00, 0x00, 0x1c, 0xff, 0xff,
    0x20, 0x00, 0x00, 0x00, 0x04, 0xff, 0xff, 0xb0, 0x00, 0x00, 0x00, 0x00, 0x00, 0x00, 0x00, 0x00,
    0x3f, 0xff, 0xfa, 0x00, 0x00, 0x00, 0x00, 0xaf, 0xff, 0xf2, 0x00, 0x00, 0x00, 0x00, 0x00, 0x00,
    0x00, 0x00, 0x00, 0x9f, 0xff, 0xf1, 0x00, 0x00, 0x00, 0x1f, 0xff, 0xfb, 0x00, 0x00, 0x00, 0x00,
    0x00, 0x00, 0x00, 0x00, 0x00, 0x03, 0xff, 0xff, 0x70, 0x00, 0x00, 0x05, 0xff, 0xff, 0x50, 0x00,
    0x00, 0x00, 0x00, 0x00, 0x00, 0x00, 0x00, 0x00, 0x0d, 0xff, 0xfb, 0x00, 0x00, 0x00, 0x8f, 0xff,
    0xf1, 0x00, 0x00, 0x00, 0x00, 0x00, 0x00, 0x00, 0x00, 0x00, 0x00, 0x9f, 0xff, 0xf1, 0x00, 0x00,
    0x0b, 0xff, 0xfd, 0x00, 0x00, 0x00, 0x00, 0x00, 0x00, 0x00, 0x00, 0x00, 0x00, 0x06, 0xff, 0xff,
    0x30, 0x00, 0x00, 0xdf, 0xff, 0xa0, 0x00, 0x00, 0x00, 0x00, 0x00, 0x00, 0x00, 0x00, 0x00, 0x00,
    0x3f, 0xff, 0xf5, 0x00, 0x00, 0x0f, 0xff, 0xf9, 0x00, 0x00, 0x00, 0x00, 0x00, 0x00, 0x00, 0x00,
    0x00, 0x00, 0x02, 0xff, 0xff, 0x70, 0x00, 0x00, 0xff, 0xff, 0x80, 0x00, 0x00, 0x00, 0x00, 0x00,
    0x00, 0x00, 0x00, 0x00, 0x00, 0x1f, 0xff, 0xf8, 0x00, 0x00, 0x1f, 0xff, 0xf8, 0x00, 0x00, 0x00,
    0x00, 0x00, 0x00, 0x00, 0x00, 0x00, 0x00, 0x00, 0xff, 0xff, 0x80, 0x00, 0x01, 0xff, 0xff, 0x80,
    0x00, 0x00, 0x00, 0x00, 0x00, 0x00, 0x00, 0x00, 0x00, 0x00, 0x1f, 0xff, 0xf8, 0x00, 0x00, 0x0f,
    0xff, 0xf9, 0x00, 0x00, 0x00, 0x00, 0x00, 0x00, 0x00, 0x00, 0x00, 0x00, 0x02, 0xff, 0xff, 0x70,
    0x00, 0x00, 0xef, 0xff, 0xa0, 0x00, 0x00, 0x00, 0x00, 0x00, 0x00, 0x00, 0x00, 0x00, 0x00, 0x2f,
    0xff, 0xf6, 0x00, 0x00, 0x0c, 0xff, 0xfc, 0x00, 0x00, 0x00, 0x00, 0x00, 0x00, 0x00, 0x00, 0x00,
    0x00, 0x05, 0xff, 0xff, 0x40, 0x00, 0x00, 0xaf, 0xff, 0xf0, 0x00, 0x00, 0x00, 0x00, 0x00, 0x00,
    0x00, 0x00, 0x00, 0x00, 0x7f, 0xff, 0xf2, 0x00, 0x00, 0x06, 0xff, 0xff, 0x30, 0x00, 0x00, 0x00,
    0x00, 0x00, 0x00, 0x00, 0x00, 0x00, 0x0b, 0xff, 0xfd, 0x00, 0x00, 0x00, 0x2f, 0xff, 0xf8, 0x00,
    0x00, 0x00, 0x00, 0x00, 0x00, 0x00, 0x00, 0x00, 0x01, 0xff, 0xff, 0x90, 0x00, 0x00, 0x00, 0xcf,
    0xff, 0xd0, 0x00, 0x00, 0x00, 0x00, 0x00, 0x00, 0x00, 0x00, 0x00, 0x6f, 0xff, 0xf4, 0x00, 0x00,
    0x00, 0x07, 0xff, 0xff, 0x60, 0x00, 0x00, 0x00, 0x00, 0x00, 0x00, 0x00, 0x00, 0x1d, 0xff, 0xfd,
    0x00, 0x00, 0x00, 0x00, 0x1e, 0xff, 0xfe, 0x10, 0x00, 0x00, 0x00, 0x00, 0x00, 0x00, 0x00, 0x08,
    0xff, 0xff, 0x60, 0x00, 0x00, 0x00, 0x00, 0x6f, 0xff, 0xfc, 0x10, 0x00, 0x00, 0x00, 0x00, 0x00,
    0x00, 0x05, 0xff, 0xff, 0xc0, 0x00, 0x00, 0x00, 0x00, 0x00, 0xbf, 0xff, 0xfc, 0x20, 0x00, 0x00,
    0x00, 0x00, 0x00, 0x06, 0xff, 0xff, 0xe2, 0x00, 0x00, 0x00, 0x00, 0x00, 0x01, 0xcf, 0xff, 0xff,
    0x83, 0x00, 0x00, 0x00, 0x01, 0x5c, 0xff, 0xff, 0xf4, 0x00, 0x00, 0x00, 0x00, 0x00, 0x00, 0x01,
    0xcf, 0xff, 0xff, 0xfd, 0xa9, 0x88, 0x9b, 0xff, 0xff, 0xff, 0xe4, 0x00, 0x00, 0x00, 0x00, 0x00,
    0x00, 0x00, 0x00, 0x8f, 0xff, 0xff, 0xff, 0xff, 0xff, 0xff, 0xff, 0xff, 0xc2, 0x00, 0x00, 0x00,
    0x00, 0x00, 0x00, 0x00, 0x00, 0x00, 0x2a, 0xff, 0xff, 0xff, 0xff, 0xff, 0xff, 0xfc, 0x50, 0x00,
    0x00, 0x00, 0x00, 0x00, 0x00, 0x00, 0x00, 0x00, 0x00, 0x01, 0x59, 0xbd, 0xef, 0xee, 0xca, 0x72,
    0x00, 0x00, 0x00, 0x00, 0x00, 0x00, 0x00, 0x00, 0x00, 0x00, 0x00, 0x00, 0x3d, 0xe9, 0x00, 0x00,
    0x04, 0xde, 0x90, 0x00, 0x00, 0x00, 0x00, 0x00, 0x00, 0x00, 0x00, 0x00, 0x00, 0x00, 0x0c, 0xff,
    0xf5, 0x00, 0x00, 0xcf, 0xff, 0x50, 0x00, 0x00, 0x00, 0x00, 0x00, 0x00, 0x00, 0x00, 0x00, 0x00,
    0x00, 0xef, 0xff, 0x70, 0x00, 0x0e, 0xff, 0xf7, 0x00, 0x00, 0x00, 0x00, 0x00, 0x00, 0x00, 0x00,
    0x00, 0x00, 0x00, 0x0c, 0xff, 0xf4, 0x00, 0x00, 0xcf, 0xff, 0x40, 0x00, 0x00, 0x00, 0x00, 0x00,
    0x00, 0x00, 0x00, 0x00, 0x00, 0x00, 0x3c, 0xe9, 0x00, 0x00, 0x03, 0xde, 0x80, 0x00, 0x00, 0x00,
    0x00, 0x00, 0x00, 0x00, 0x00, 0x00, 0x00, 0x00, 0x00, 0x00, 0x00, 0x00, 0x00, 0x00, 0x00, 0x00,
    0x00, 0x00, 0x00, 0x00, 0x00, 0x00, 0x00, 0x00, 0x00, 0x00, 0x00, 0x00, 0x00, 0x00, 0x00, 0x00,
    0x00, 0x00, 0x00, 0x00, 0x00, 0x00, 0x00, 0x00, 0x00, 0x00, 0x00, 0x00, 0x00, 0x00, 0x00, 0x00,
    0x00, 0x00, 0x00, 0x00, 0x00, 0x00, 0x00, 0x00, 0x00, 0x00, 0x00, 0x00, 0x00, 0x00, 0x00, 0x00,
    0x00, 0x00, 0x00, 0x00, 0x00, 0x00, 0x00, 0x00, 0x00, 0x00, 0x00, 0x00, 0x00, 0x00, 0x00, 0x00,
    0x00, 0x00, 0x00, 0x01, 0x46, 0x67, 0x76, 0x52, 0x00, 0x00, 0x00, 0x00, 0x00, 0x00, 0x00, 0x00,
    0x00, 0x00, 0x00, 0x00, 0x02, 0x8c, 0xff, 0xff, 0xff, 0xff, 0xfe, 0xa5, 0x00, 0x00, 0x00, 0x00,
    0x00, 0x00, 0x00, 0x00, 0x00, 0x00, 0x2a, 0xff, 0xff, 0xff, 0xff, 0xff, 0xff, 0xff, 0xfc, 0x50,
    0x00, 0x00, 0x00, 0x00, 0x00, 0x00, 0x00, 0x00, 0x5e, 0xff, 0xff, 0xff, 0xff, 0xff, 0xff, 0xff,
    0xff, 0xff, 0x91, 0x00, 0x00, 0x00, 0x00, 0x00, 0x00, 0x00, 0x6f, 0xff, 0xff, 0xea, 0x63, 0x10,
    0x12, 0x48, 0xcf, 0xff, 0xff, 0xb1, 0x00, 0x00, 0x00, 0x00, 0x00, 0x00, 0x5f, 0xff, 0xff, 0xa2,
    0x00, 0x00, 0x00, 0x00, 0x00, 0x4d, 0xff, 0xff, 0xb0, 0x00, 0x00, 0x00, 0x00, 0x00, 0x2e, 0xff,
    0xff, 0x60, 0x00, 0x00, 0x00, 0x00, 0x00, 0x00, 0x1b, 0xff, 0xff, 0x80, 0x00, 0x00, 0x00, 0x00,
    0x0b, 0xff, 0xff, 0x60, 0x00, 0x00, 0x00, 0x00, 0x00, 0x00, 0x00, 0x1c, 0xff, 0xff, 0x20, 0x00,
    0x00, 0x00, 0x04, 0xff, 0xff, 0xb0, 0x00, 0x00, 0x00, 0x00, 0x00, 0x00, 0x00, 0x00, 0x3f, 0xff,
    0xfa, 0x00, 0x00, 0x00, 0x00, 0xaf, 0xff, 0xf2, 0x00, 0x00, 0x00, 0x00, 0x00, 0x00, 0x00, 0x00,
    0x00, 0x9f, 0xff, 0xf1, 0x00, 0x00, 0x00, 0x1f, 0xff, 0xfb, 0x00, 0x00, 0x00, 0x00, 0x00, 0x00,
    0x00, 0x00, 0x00, 0x03, 0xff, 0xff, 0x70, 0x00, 0x00, 0x05, 0xff, 0xff, 0x50, 0x00, 0x00, 0x00,
    0x00, 0x00, 0x00, 0x00, 0x00, 0x00, 0x0d, 0xff, 0xfb, 0x00, 0x00, 0x00, 0x8f, 0xff, 0xf1, 0x00,
    0x00, 0x00, 0x00, 0x00, 0x00, 0x00, 0x00, 0x00, 0x00, 0x9f, 0xff, 0xf1, 0x00, 0x00, 0x0b, 0xff,
    0xfd, 0x00, 0x00, 0x00, 0x00, 0x00, 0x00, 0x00, 0x00, 0x00, 0x00, 0x06, 0xff, 0xff, 0x30, 0x00,
    0x00, 0xdf, 0xff, 0xa0, 0x00, 0x00, 0x00, 0x00, 0x00, 0x00, 0x00, 0x00, 0x00, 0x00, 0x3f, 0xff,
    0xf5, 0x00, 0x00, 0x0f, 0xff, 0xf9, 0x00, 0x00, 0x00, 0x00, 0x00, 0x00, 0x00, 0x00, 0x00, 0x00,
    0x02, 0xff, 0xff, 0x70, 0x00, 0x00, 0xff, 0xff, 0x80, 0x00, 0x00, 0x00, 0x00, 0x00, 0x00, 0x00,
    0x00, 0x00, 0x00, 0x1f, 0xff, 0xf8, 0x00, 0x00, 0x1f, 0xff, 0xf8, 0x00, 0x00, 0x00, 0x00, 0x00,
    0x00, 0x00, 0x00, 0x00, 0x00, 0x00, 0xff, 0xff, 0x80, 0x00, 0x01, 0xff, 0xff, 0x80, 0x00, 0x00,
    0x00, 0x00, 0x00, 0x00, 0x00, 0x00, 0x00, 0x00, 0x1f, 0xff, 0xf8, 0x00, 0x00, 0x0f, 0xff, 0xf9,
    0x00, 0x00, 0x00, 0x00, 0x00, 0x00, 0x00, 0x00, 0x00, 0x00, 0x02, 0xff, 0xff, 0x70, 0x00, 0x00,
    0xef, 0xff, 0xa0, 0x00, 0x00, 0x00, 0x00, 0x00, 0x00, 0x00, 0x00, 0x00, 0x00, 0x2f, 0xff, 0xf6,
    0x00, 0x00, 0x0c, 0xff, 0xfc, 0x00, 0x00, 0x00, 0x00, 0x00, 0x00, 0x00, 0x00, 0x00, 0x00, 0x05,
    0xff, 0xff, 0x40, 0x00, 0x00, 0xaf, 0xff, 0xf0, 0x00, 0x00, 0x00, 0x00, 0x00, 0x00, 0x00, 0x00,
    0x00, 0x00, 0x7f, 0xff, 0xf2, 0x00, 0x00, 0x06, 0xff, 0xff, 0x30, 0x00, 0x00, 0x00, 0x00, 0x00,
    0x00, 0x00, 0x00, 0x00, 0x0b, 0xff, 0xfd, 0x00, 0x00, 0x00, 0x2f, 0xff, 0xf8, 0x00, 0x00, 0x00,
    0x00, 0x00, 0x00, 0x00, 0x00, 0x00, 0x01, 0xff, 0xff, 0x90, 0x00, 0x00, 0x00, 0xcf, 0xff, 0xd0,
    0x00, 0x00, 0x00, 0x00, 0x00, 0x00, 0x00, 0x00, 0x00, 0x6f, 0xff, 0xf4, 0x00, 0x00, 0x00, 0x07,
    0xff, 0xff, 0x60, 0x00, 0x00, 0x00, 0x00, 0x00, 0x00, 0x00, 0x00, 0x1d, 0xff, 0xfd, 0x00, 0x00,
    0x00, 0x00, 0x1e, 0xff, 0xfe, 0x10, 0x00, 0x00, 0x00, 0x00, 0x00, 0x00, 0x00, 0x08, 0xff, 0xff,
    0x60, 0x00, 0x00, 0x00, 0x00, 0x6f, 0xff, 0xfc, 0x10, 0x00, 0x00, 0x00, 0x00, 0x00, 0x00, 0x05,
    0xff, 0xff, 0xc0, 0x00, 0x00, 0x00, 0x00, 0x00, 0xbf, 0xff, 0xfc, 0x20, 0x00, 0x00, 0x00, 0x00,
    0x00, 0x06, 0xff, 0xff, 0xe2, 0x00, 0x00, 0x00, 0x00, 0x00, 0x01, 0xcf, 0xff, 0xff, 0x83, 0x00,
    0x00, 0x00, 0x01, 0x5c, 0xff, 0xff, 0xf4, 0x00, 0x00, 0x00, 0x00, 0x00, 0x00, 0x01, 0xcf, 0xff,
    0xff, 0xfd, 0xa9, 0x88, 0x9b, 0xff, 0xff, 0xff, 0xe4, 0x00, 0x00, 0x00, 0x00, 0x00, 0x00, 0x00,
    0x00, 0x8f, 0xff, 0xff, 0xff, 0xff, 0xff, 0xff, 0xff, 0xff, 0xc2, 0x00, 0x00, 0x00, 0x00, 0x00,
    0x00, 0x00, 0x00, 0x00, 0x2a, 0xff, 0xff, 0xff, 0xff, 0xff, 0xff, 0xfc, 0x50, 0x00, 0x00, 0x00,
    0x00, 0x00, 0x00, 0x00, 0x00, 0x00, 0x00, 0x01, 0x59, 0xbd, 0xef, 0xee, 0xca, 0x72, 0x00, 0x00,
    0x00, 0x00, 0x00, 0x00, 0x00, 0x00, 0x04, 0x00, 0x00, 0x00, 0x00, 0x00, 0x00, 0x00, 0x03, 0x10,
    0x00, 0x00, 0x00, 0x07, 0xf9, 0x00, 0x00, 0x00, 0x00, 0x00, 0x00, 0x03, 0xec, 0x10, 0x00, 0x00,
    0x07, 0xff, 0xf9, 0x00, 0x00, 0x00, 0x00, 0x00, 0x03, 0xef, 0xfc, 0x10, 0x00, 0x00, 0x6f, 0xff,
    0xf9, 0x00, 0x00, 0x00, 0x00, 0x03, 0xef, 0xff, 0xa0, 0x00, 0x00, 0x00, 0x5f, 0xff, 0xf9, 0x00,
    0x00, 0x00, 0x03, 0xef, 0xff, 0xa0, 0x00, 0x00, 0x00, 0x00, 0x5f, 0xff, 0xf8, 0x00, 0x00, 0x03,
    0xef, 0xff, 0xa0, 0x00, 0x00, 0x00, 0x00, 0x00, 0x5f, 0xff, 0xf8, 0x00, 0x03, 0xef, 0xff, 0xa0,
    0x00, 0x00, 0x00, 0x00, 0x00, 0x00, 0x5f, 0xff, 0xf8, 0x03, 0xef, 0xff, 0xa0, 0x00, 0x00, 0x00,
    0x00, 0x00, 0x00, 0x00, 0x5f, 0xff, 0xf9, 0xef, 0xff, 0xa0, 0x00, 0x00, 0x00, 0x00, 0x00, 0x00,
    0x00, 0x00, 0x5f, 0xff, 0xff, 0xff, 0xa0, 0x00, 0x00, 0x00, 0x00, 0x00, 0x00, 0x00, 0x00, 0x00,
    0x5f, 0xff, 0xff, 0xa0, 0x00, 0x00, 0x00, 0x00, 0x00, 0x00, 0x00, 0x00, 0x00, 0x04, 0xef, 0xff,
    0xf8, 0x00, 0x00, 0x00, 0x00, 0x00, 0x00, 0x00, 0x00, 0x00, 0x04, 0xef, 0xff, 0xff, 0xf8, 0x00,
    0x00, 0x00, 0x00, 0x00, 0x00, 0x00, 0x00, 0x04, 0xef, 0xff, 0xcf, 0xff, 0xf8, 0x00, 0x00, 0x00,
    0x00, 0x00, 0x00, 0x00, 0x03, 0xef, 0xff, 0xa0, 0x6f, 0xff, 0xf8, 0x00, 0x00, 0x00, 0x00, 0x00,
    0x00, 0x03, 0xef, 0xff, 0xa0, 0x00, 0x6f, 0xff, 0xf8, 0x00, 0x00, 0x00, 0x00, 0x00, 0x03, 0xef,
    0xff, 0xa0, 0x00, 0x00, 0x6f, 0xff, 0xf8, 0x00, 0x00, 0x00, 0x00, 0x03, 0xef, 0xff, 0xa0, 0x00,
    0x00, 0x00, 0x6f, 0xff, 0xf8, 0x00, 0x00, 0x00, 0x03, 0xef, 0xff, 0xb0, 0x00, 0x00, 0x00, 0x00,
    0x6f, 0xff, 0xf8, 0x00, 0x00, 0x00, 0x8f, 0xff, 0xb0, 0x00, 0x00, 0x00, 0x00, 0x00, 0x5f, 0xff,
    0xd1, 0x00, 0x00, 0x00, 0x9f, 0xb0, 0x00, 0x00, 0x00, 0x00, 0x00, 0x00, 0x5f, 0xd2, 0x00, 0x00,
    0x00, 0x00, 0x60, 0x00, 0x00, 0x00, 0x00, 0x00, 0x00, 0x00, 0x52, 0x00, 0x00, 0x00, 0x00, 0x00,
    0x00, 0x00, 0x00, 0x00, 0x00, 0x00, 0x00, 0x00, 0x00, 0x00, 0x00, 0x00, 0x00, 0x00, 0x00, 0x00,
    0x00, 0x00, 0x00, 0x00, 0x00, 0x00, 0x00, 0x00, 0x00, 0x00, 0x00, 0x00, 0x00, 0x00, 0x00, 0x00,
    0x00, 0x00, 0x00, 0x00, 0x00, 0x00, 0x00, 0x00, 0x00, 0x00, 0x00, 0x00, 0x00, 0x00, 0x00, 0x00,
    0x00, 0x00, 0x00, 0x00, 0x00, 0x00, 0x00, 0x00, 0x00, 0x00, 0x00, 0x00, 0x00, 0x00, 0x00, 0x00,
    0x00, 0x00, 0x00, 0x00, 0x00, 0x00, 0x00, 0x00, 0x00, 0x00, 0x00, 0x00, 0x00, 0x00, 0x00, 0x00,
    0x00, 0x00, 0x00, 0x00, 0x00, 0x00, 0x00, 0x00, 0x00, 0x00, 0x00, 0x00, 0x04, 0x10, 0x00, 0x00,
    0x00, 0x00, 0x00, 0x00, 0x00, 0x00, 0x00, 0x01, 0x36, 0x67, 0x76, 0x52, 0x00, 0x00, 0x03, 0xfd,
    0x40, 0x00, 0x00, 0x00, 0x00, 0x00, 0x00, 0x00, 0x02, 0x8c, 0xff, 0xff, 0xff, 0xff, 0xfe, 0xa5,
    0x01, 0xdf, 0xff, 0x40, 0x00, 0x00, 0x00, 0x00, 0x00, 0x00, 0x29, 0xff, 0xff, 0xff, 0xff, 0xff,
    0xff, 0xff, 0xfd, 0xbf, 0xff, 0xa0, 0x00, 0x00, 0x00, 0x00, 0x00, 0x00, 0x5e, 0xff, 0xff, 0xff,
    0xff, 0xff, 0xff, 0xff, 0xff, 0xff, 0xff, 0xc1, 0x00, 0x00, 0x00, 0x00, 0x00, 0x00, 0x6f, 0xff,
    0xff, 0xea, 0x63, 0x10, 0x01, 0x47, 0xdf, 0xff, 0xff, 0xf4, 0x00, 0x00, 0x00, 0x00, 0x00, 0x00,
    0x5f, 0xff, 0xff, 0xa2, 0x00, 0x00, 0x00, 0x00, 0x00, 0x6f, 0xff, 0xff, 0xc1, 0x00, 0x00, 0x00,
    0x00, 0x00, 0x2e, 0xff, 0xff, 0x60, 0x00, 0x00, 0x00, 0x00, 0x00, 0x08, 0xff, 0xff, 0xff, 0x90,
    0x00, 0x00, 0x00, 0x00, 0x0a, 0xff, 0xff, 0x60, 0x00, 0x00, 0x00, 0x00, 0x00, 0x04, 0xff, 0xff,
    0xff, 0xff, 0x30, 0x00, 0x00, 0x00, 0x03, 0xff, 0xff, 0xb0, 0x00, 0x00, 0x00, 0x00, 0x00, 0x01,
    0xdf, 0xff, 0x7f, 0xff, 0xfb, 0x00, 0x00, 0x00, 0x00, 0xaf, 0xff, 0xf2, 0x00, 0x00, 0x00, 0x00,
    0x00, 0x00, 0xaf, 0xff, 0x80, 0xaf, 0xff, 0xf2, 0x00, 0x00, 0x00, 0x1e, 0xff, 0xfb, 0x00, 0x00,
    0x00, 0x00, 0x00, 0x00, 0x6f, 0xff, 0xc0, 0x03, 0xff, 0xff, 0x80, 0x00, 0x00, 0x04, 0xff, 0xff,
    0x50, 0x00, 0x00, 0x00, 0x00, 0x00, 0x2e, 0xff, 0xe2, 0x00, 0x0d, 0xff, 0xfc, 0x00, 0x00, 0x00,
    0x8f, 0xff, 0xf1, 0x00, 0x00, 0x00, 0x00, 0x00, 0x0c, 0xff, 0xf6, 0x00, 0x00, 0x9f, 0xff, 0xf1,
    0x00, 0x00, 0x0b, 0xff, 0xfd, 0x00, 0x00, 0x00, 0x00, 0x00, 0x08, 0xff, 0xfb, 0x00, 0x00, 0x06,
    0xff, 0xff, 0x40, 0x00, 0x00, 0xdf, 0xff, 0xa0, 0x00, 0x00, 0x00, 0x00, 0x04, 0xff, 0xfe, 0x10,
    0x00, 0x00, 0x3f, 0xff, 0xf6, 0x00, 0x00, 0x0f, 0xff, 0xf9, 0x00, 0x00, 0x00, 0x00, 0x01, 0xdf,
    0xff, 0x40, 0x00, 0x00, 0x02, 0xff, 0xff, 0x70, 0x00, 0x00, 0xff, 0xff, 0x80, 0x00, 0x00, 0x00,
    0x00, 0xaf, 0xff, 0x90, 0x00, 0x00, 0x00, 0x1f, 0xff, 0xf8, 0x00, 0x00, 0x1f, 0xff, 0xf7, 0x00,
    0x00, 0x00, 0x00, 0x6f, 0xff, 0xc0, 0x00, 0x00, 0x00, 0x00, 0xff, 0xff, 0x80, 0x00, 0x01, 0xff,
    0xff, 0x80, 0x00, 0x00, 0x00, 0x2e, 0xff, 0xf3, 0x00, 0x00, 0x00, 0x00, 0x1f, 0xff, 0xf8, 0x00,
    0x00, 0x0f, 0xff, 0xf9, 0x00, 0x00, 0x00, 0x0c, 0xff, 0xf7, 0x00, 0x00, 0x00, 0x00, 0x02, 0xff,
    0xff, 0x70, 0x00, 0x00, 0xef, 0xff, 0xa0, 0x00, 0x00, 0x08, 0xff, 0xfb, 0x00, 0x00, 0x00, 0x00,
    0x00, 0x2f, 0xff, 0xf6, 0x00, 0x00, 0x0c, 0xff, 0xfc, 0x00, 0x00, 0x04, 0xff, 0xfe, 0x10, 0x00,
    0x00, 0x00, 0x00, 0x05, 0xff, 0xff, 0x40, 0x00, 0x00, 0xaf, 0xff, 0xe0, 0x00, 0x01, 0xdf, 0xff,
    0x50, 0x00, 0x00, 0x00, 0x00, 0x00, 0x7f, 0xff, 0xf1, 0x00, 0x00, 0x07, 0xff, 0xff, 0x30, 0x00,
    0xaf, 0xff, 0x90, 0x00, 0x00, 0x00, 0x00, 0x00, 0x0b, 0xff, 0xfd, 0x00, 0x00, 0x00, 0x3f, 0xff,
    0xf8, 0x00, 0x6f, 0xff, 0xd1, 0x00, 0x00, 0x00, 0x00, 0x00, 0x01, 0xff, 0xff, 0x90, 0x00, 0x00,
    0x00, 0xdf, 0xff, 0xd0, 0x2e, 0xff, 0xf3, 0x00, 0x00, 0x00, 0x00, 0x00, 0x00, 0x6f, 0xff, 0xf4,
    0x00, 0x00, 0x00, 0x08, 0xff, 0xff, 0x7c, 0xff, 0xf7, 0x00, 0x00, 0x00, 0x00, 0x00, 0x00, 0x1d,
    0xff, 0xfd, 0x00, 0x00, 0x00, 0x00, 0x1f, 0xff, 0xff, 0xff, 0xfb, 0x00, 0x00, 0x00, 0x00, 0x00,
    0x00, 0x08, 0xff, 0xff, 0x50, 0x00, 0x00, 0x00, 0x00, 0x8f, 0xff, 0xff, 0xfe, 0x20, 0x00, 0x00,
    0x00, 0x00, 0x00, 0x05, 0xff, 0xff, 0xc0, 0x00, 0x00, 0x00, 0x00, 0x00, 0xdf, 0xff, 0xff, 0x70,
    0x00, 0x00, 0x00, 0x00, 0x00, 0x06, 0xff, 0xff, 0xe2, 0x00, 0x00, 0x00, 0x00, 0x00, 0x02, 0xff,
    0xff, 0xff, 0x93, 0x00, 0x00, 0x00, 0x01, 0x5c, 0xff, 0xff, 0xf4, 0x00, 0x00, 0x00, 0x00, 0x00,
    0x00, 0x5f, 0xff, 0xff, 0xff, 0xfd, 0xa8, 0x88, 0x9b, 0xff, 0xff, 0xff, 0xe4, 0x00, 0x00, 0x00,
    0x00, 0x00, 0x00, 0x2e, 0xff, 0xff, 0xff, 0xff, 0xff, 0xff, 0xff, 0xff, 0xff, 0xff, 0xc2, 0x00,
    0x00, 0x00, 0x00, 0x00, 0x00, 0x0c, 0xff, 0xf7, 0x3b, 0xff, 0xff, 0xff, 0xff, 0xff, 0xff, 0xfc,
    0x50, 0x00, 0x00, 0x00, 0x00, 0x00, 0x00, 0x01, 0xbf, 0xfb, 0x00, 0x01, 0x69, 0xbd, 0xef, 0xee,
    0xca, 0x72, 0x00, 0x00, 0x00, 0x00, 0x00, 0x00, 0x00, 0x00, 0x00, 0x5c, 0x10, 0x00, 0x00, 0x00,
    0x00, 0x00, 0x00, 0x00, 0x00, 0x00, 0x00, 0x00, 0x00, 0x00, 0x00, 0x00, 0x00, 0x00, 0x00, 0x00,
    0x00, 0x00, 0x00, 0x00, 0x00, 0x00, 0x00, 0x00, 0x00, 0x00, 0x00, 0x00, 0x00, 0x00, 0x00, 0x00,
    0x00, 0x00, 0x05, 0x88, 0x88, 0x30, 0x00, 0x00, 0x00, 0x00, 0x00, 0x00, 0x00, 0x00, 0x00, 0x00,
    0x00, 0x00, 0x00, 0x00, 0x5f, 0xff, 0xfd, 0x00, 0x00, 0x00, 0x00, 0x00, 0x00, 0x00, 0x00, 0x00,
    0x00, 0x00, 0x00, 0x00, 0x00, 0x00, 0x8f, 0xff, 0xf7, 0x00, 0x00, 0x00, 0x00, 0x00, 0x00, 0x00,
    0x00, 0x00, 0x00, 0x00, 0x00, 0x00, 0x00, 0x00, 0x9f, 0xff, 0xe2, 0x00, 0x00, 0x00, 0x00, 0x00,
    0x00, 0x00, 0x00, 0x00, 0x00, 0x00, 0x00, 0x00, 0x00, 0x00, 0xaf, 0xff, 0xb0, 0x00, 0x00, 0x00,
    0x00, 0x00, 0x00, 0x00, 0x00, 0x00, 0x00, 0x00, 0x00, 0x00, 0x00, 0x00, 0xaf, 0xff, 0x60, 0x00,
    0x00, 0x00, 0x00, 0x00, 0x00, 0x00, 0x00, 0x00, 0x00, 0x00, 0x00, 0x00, 0x00, 0x00, 0xaf, 0xff,
    0x30, 0x00, 0x00, 0x00, 0x00, 0x00, 0x00, 0x00, 0x00, 0x00, 0x00, 0x00, 0x00, 0x00, 0x00, 0x00,
    0x8f, 0xfd, 0x00, 0x00, 0x00, 0x00, 0x00, 0x00, 0x00, 0x00, 0x00, 0x00, 0x00, 0x00, 0x00, 0x00,
    0x00, 0x00, 0x00, 0x00, 0x00, 0x00, 0x00, 0x00, 0x00, 0x00, 0x00, 0x00, 0x00, 0x00, 0x00, 0x00,
    0x00, 0x00, 0x00, 0x00, 0x00, 0x00, 0x00, 0x00, 0x00, 0x00, 0x00, 0x00, 0x00, 0x00, 0x00, 0x00,
    0x00, 0x00, 0x00, 0x00, 0x00, 0x00, 0x00, 0x00, 0x00, 0x00, 0x00, 0x00, 0x00, 0x00, 0x00, 0x00,
    0x00, 0x00, 0x00, 0x00, 0x00, 0x00, 0x00, 0x00, 0x00, 0x00, 0x00, 0x00, 0x00, 0x00, 0x00, 0x00,
    0x00, 0xaf, 0xff, 0xa0, 0x00, 0x00, 0x00, 0x00, 0x00, 0x00, 0x00, 0x00, 0x8f, 0xff, 0xb0, 0x00,
    0x00, 0x00, 0x0a, 0xff, 0xfa, 0x00, 0x00, 0x00, 0x00, 0x00, 0x00, 0x00, 0x00, 0x08, 0xff, 0xfb,
    0x00, 0x00, 0x00, 0x00, 0xaf, 0xff, 0xa0, 0x00, 0x00, 0x00, 0x00, 0x00, 0x00, 0x00, 0x00, 0x8f,
    0xff, 0xb0, 0x00, 0x00, 0x00, 0x0a, 0xff, 0xfa, 0x00, 0x00, 0x00, 0x00, 0x00, 0x00, 0x00, 0x00,
    0x08, 0xff, 0xfb, 0x00, 0x00, 0x00, 0x00, 0xaf, 0xff, 0xa0, 0x00, 0x00, 0x00, 0x00, 0x00, 0x00,
    0x00, 0x00, 0x8f, 0xff, 0xb0, 0x00, 0x00, 0x00, 0x0a, 0xff, 0xfa, 0x00, 0x00, 0x00, 0x00, 0x00,
    0x00, 0x00, 0x00, 0x08, 0xff, 0xfb, 0x00, 0x00, 0x00, 0x00, 0xaf, 0xff, 0xa0, 0x00, 0x00, 0x00,
    0x00, 0x00, 0x00, 0x00, 0x00, 0x8f, 0xff, 0xb0, 0x00, 0x00, 0x00, 0x0a, 0xff, 0xfa, 0x00, 0x00,
    0x00, 0x00, 0x00, 0x00, 0x00, 0x00, 0x08, 0xff, 0xfb, 0x00, 0x00, 0x00, 0x00, 0xaf, 0xff, 0xa0,
    0x00, 0x00, 0x00, 0x00, 0x00, 0x00, 0x00, 0x00, 0x8f, 0xff, 0xb0, 0x00, 0x00, 0x00, 0x0a, 0xff,
    0xfa, 0x00, 0x00, 0x00, 0x00, 0x00, 0x00, 0x00, 0x00, 0x08, 0xff, 0xfb, 0x00, 0x00, 0x00, 0x00,
    0xaf, 0xff, 0xa0, 0x00, 0x00, 0x00, 0x00, 0x00, 0x00, 0x00, 0x00, 0x8f, 0xff, 0xb0, 0x00, 0x00,
    0x00, 0x0a, 0xff, 0xfa, 0x00, 0x00, 0x00, 0x00, 0x00, 0x00, 0x00, 0x00, 0x08, 0xff, 0xfb, 0x00,
    0x00, 0x00, 0x00, 0xaf, 0xff, 0xa0, 0x00, 0x00, 0x00, 0x00, 0x00, 0x00, 0x00, 0x00, 0x8f, 0xff,
    0xb0, 0x00, 0x00, 0x00, 0x0a, 0xff, 0xfa, 0x00, 0x00, 0x00, 0x00, 0x00, 0x00, 0x00, 0x00, 0x08,
    0xff, 0xfb, 0x00, 0x00, 0x00, 0x00, 0xaf, 0xff, 0xa0, 0x00, 0x00, 0x00, 0x00, 0x00, 0x00, 0x00,
    0x00, 0x8f, 0xff, 0xb0, 0x00, 0x00, 0x00, 0x0a, 0xff, 0xfa, 0x00, 0x00, 0x00, 0x00, 0x00, 0x00,
    0x00, 0x00, 0x08, 0xff, 0xfb, 0x00, 0x00, 0x00, 0x00, 0xaf, 0xff, 0xa0, 0x00, 0x00, 0x00, 0x00,
    0x00, 0x00, 0x00, 0x00, 0x8f, 0xff, 0xb0, 0x00, 0x00, 0x00, 0x0a, 0xff, 0xfa, 0x00, 0x00, 0x00,
    0x00, 0x00, 0x00, 0x00, 0x00, 0x08, 0xff, 0xfb, 0x00, 0x00, 0x00, 0x00, 0xaf, 0xff, 0xa0, 0x00,
    0x00, 0x00, 0x00, 0x00, 0x00, 0x00, 0x00, 0x8f, 0xff, 0xb0, 0x00, 0x00, 0x00, 0x0a, 0xff, 0xfa,
    0x00, 0x00, 0x00, 0x00, 0x00, 0x00, 0x00, 0x00, 0x08, 0xff, 0xfb, 0x00, 0x00, 0x00, 0x00, 0xaf,
    0xff, 0xa0, 0x00, 0x00, 0x00, 0x00, 0x00, 0x00, 0x00, 0x00, 0x8f, 0xff, 0xb0, 0x00, 0x00, 0x00,
    0x0a, 0xff, 0xfa, 0x00, 0x00, 0x00, 0x00, 0x00, 0x00, 0x00, 0x00, 0x08, 0xff, 0xfb, 0x00, 0x00,
    0x00, 0x00, 0x9f, 0xff, 0xa0, 0x00, 0x00, 0x00, 0x00, 0x00, 0x00, 0x00, 0x00, 0x9f, 0xff, 0xa0,
    0x00, 0x00, 0x00, 0x08, 0xff, 0xfb, 0x00, 0x00, 0x00, 0x00, 0x00, 0x00, 0x00, 0x00, 0x0a, 0xff,
    0xf9, 0x00, 0x00, 0x00, 0x00, 0x6f, 0xff, 0xe0, 0x00, 0x00, 0x00, 0x00, 0x00, 0x00, 0x00, 0x00,
    0xdf, 0xff, 0x70, 0x00, 0x00, 0x00, 0x02, 0xff, 0xff, 0x30, 0x00, 0x00, 0x00, 0x00, 0x00, 0x00,
    0x00, 0x2f, 0xff, 0xf3, 0x00, 0x00, 0x00, 0x00, 0x0d, 0xff, 0xfa, 0x00, 0x00, 0x00, 0x00, 0x00,
    0x00, 0x00, 0x09, 0xff, 0xfd, 0x00, 0x00, 0x00, 0x00, 0x00, 0x7f, 0xff, 0xf4, 0x00, 0x00, 0x00,
    0x00, 0x00, 0x00, 0x04, 0xff, 0xff, 0x70, 0x00, 0x00, 0x00, 0x00, 0x01, 0xdf, 0xff, 0xe4, 0x00,
    0x00, 0x00, 0x00, 0x00, 0x03, 0xef, 0xff, 0xe1, 0x00, 0x00, 0x00, 0x00, 0x00, 0x04, 0xff, 0xff,
    0xf9, 0x20, 0x00, 0x00, 0x00, 0x18, 0xef, 0xff, 0xf4, 0x00, 0x00, 0x00, 0x00, 0x00, 0x00, 0x06,
    0xff, 0xff, 0xff, 0xda, 0x88, 0x89, 0xcf, 0xff, 0xff, 0xf6, 0x00, 0x00, 0x00, 0x00, 0x00, 0x00,
    0x00, 0x04, 0xef, 0xff, 0xff, 0xff, 0xff, 0xff, 0xff, 0xff, 0xe5, 0x00, 0x00, 0x00, 0x00, 0x00,
    0x00, 0x00, 0x00, 0x02, 0x8e, 0xff, 0xff, 0xff, 0xff, 0xff, 0xfe, 0x81, 0x00, 0x00, 0x00, 0x00,
    0x00, 0x00, 0x00, 0x00, 0x00, 0x00, 0x15, 0x9c, 0xde, 0xfe, 0xdb, 0x95, 0x10, 0x00, 0x00, 0x00,
    0x00, 0x00, 0x00, 0x00, 0x00, 0x00, 0x00, 0x00, 0x00, 0x00, 0x00, 0x07, 0x88, 0x88, 0x20, 0x00,
    0x00, 0x00, 0x00, 0x00, 0x00, 0x00, 0x00, 0x00, 0x00, 0x00, 0x00, 0x00, 0x05, 0xff, 0xff, 0xd1,
    0x00, 0x00, 0x00, 0x00, 0x00, 0x00, 0x00, 0x00, 0x00, 0x00, 0x00, 0x00, 0x00, 0x01, 0xdf, 0xff,
    0xe3, 0x00, 0x00, 0x00, 0x00, 0x00, 0x00, 0x00, 0x00, 0x00, 0x00, 0x00, 0x00, 0x00, 0x00, 0x8f,
    0xff, 0xe4, 0x00, 0x00, 0x00, 0x00, 0x00, 0x00, 0x00, 0x00, 0x00, 0x00, 0x00, 0x00, 0x00, 0x00,
    0x3f, 0xff, 0xf4, 0x00, 0x00, 0x00, 0x00, 0x00, 0x00, 0x00, 0x00, 0x00, 0x00, 0x00, 0x00, 0x00,
    0x00, 0x1d, 0xff, 0xf5, 0x00, 0x00, 0x00, 0x00, 0x00, 0x00, 0x00, 0x00, 0x00, 0x00, 0x00, 0x00,
    0x00, 0x00, 0x09, 0xff, 0xe4, 0x00, 0x00, 0x00, 0x00, 0x00, 0x00, 0x00, 0x00, 0x00, 0x00, 0x00,
    0x00, 0x00, 0x00, 0x04, 0xff, 0xd3, 0x00, 0x00, 0x00, 0x00, 0x00, 0x00, 0x00, 0x00, 0x00, 0x00,
    0x00, 0x00, 0x00, 0x00, 0x00, 0x00, 0x00, 0x00, 0x00, 0x00, 0x00, 0x00, 0x00, 0x00, 0x00, 0x00,
    0x00, 0x00, 0x00, 0x00, 0x00, 0x00, 0x00, 0x00, 0x00, 0x00, 0x00, 0x00, 0x00, 0x00, 0x00, 0x00,
    0x00, 0x00, 0x00, 0x00, 0x00, 0x00, 0x00, 0x00, 0x00, 0x00, 0x00, 0x00, 0x00, 0x00, 0x00, 0x00,
    0x00, 0x00, 0x00, 0x00, 0x00, 0x00, 0x00, 0x00, 0x00, 0x00, 0x00, 0x00, 0x00, 0x00, 0x00, 0x00,
    0x00, 0x00, 0x00, 0x00, 0x00, 0x00, 0xaf, 0xff, 0xa0, 0x00, 0x00, 0x00, 0x00, 0x00, 0x00, 0x00,
    0x00, 0x8f, 0xff, 0xb0, 0x00, 0x00, 0x00, 0x0a, 0xff, 0xfa, 0x00, 0x00, 0x00, 0x00, 0x00, 0x00,
    0x00, 0x00, 0x08, 0xff, 0xfb, 0x00, 0x00, 0x00, 0x00, 0xaf, 0xff, 0xa0, 0x00, 0x00, 0x00, 0x00,
    0x00, 0x00, 0x00, 0x00, 0x8f, 0xff, 0xb0, 0x00, 0x00, 0x00, 0x0a, 0xff, 0xfa, 0x00, 0x00, 0x00,
    0x00, 0x00, 0x00, 0x00, 0x00, 0x08, 0xff, 0xfb, 0x00, 0x00, 0x00, 0x00, 0xaf, 0xff, 0xa0, 0x00,
    0x00, 0x00, 0x00, 0x00, 0x00, 0x00, 0x00, 0x8f, 0xff, 0xb0, 0x00, 0x00, 0x00, 0x0a, 0xff, 0xfa,
    0x00, 0x00, 0x00, 0x00, 0x00, 0x00, 0x00, 0x00, 0x08, 0xff, 0xfb, 0x00, 0x00, 0x00, 0x00, 0xaf,
    0xff, 0xa0, 0x00, 0x00, 0x00, 0x00, 0x00, 0x00, 0x00, 0x00, 0x8f, 0xff, 0xb0, 0x00, 0x00, 0x00,
    0x0a, 0xff, 0xfa, 0x00, 0x00, 0x00, 0x00, 0x00, 0x00, 0x00, 0x00, 0x08, 0xff, 0xfb, 0x00, 0x00,
    0x00, 0x00, 0xaf, 0xff, 0xa0, 0x00, 0x00, 0x00, 0x00, 0x00, 0x00, 0x00, 0x00, 0x8f, 0xff, 0xb0,
    0x00, 0x00, 0x00, 0x0a, 0xff, 0xfa, 0x00, 0x00, 0x00, 0x00, 0x00, 0x00, 0x00, 0x00, 0x08, 0xff,
    0xfb, 0x00, 0x00, 0x00, 0x00, 0xaf, 0xff, 0xa0, 0x00, 0x00, 0x00, 0x00, 0x00, 0x00, 0x00, 0x00,
    0x8f, 0xff, 0xb0, 0x00, 0x00, 0x00, 0x0a, 0xff, 0xfa, 0x00, 0x00, 0x00, 0x00, 0x00, 0x00, 0x00,
    0x00, 0x08, 0xff, 0xfb, 0x00, 0x00, 0x00, 0x00, 0xaf, 0xff, 0xa0, 0x00, 0x00, 0x00, 0x00, 0x00,
    0x00, 0x00, 0x00, 0x8f, 0xff, 0xb0, 0x00, 0x00, 0x00, 0x0a, 0xff, 0xfa, 0x00, 0x00, 0x00, 0x00,
    0x00, 0x00, 0x00, 0x00, 0x08, 0xff, 0xfb, 0x00, 0x00, 0x00, 0x00, 0xaf, 0xff, 0xa0, 0x00, 0x00,
    0x00, 0x00, 0x00, 0x00, 0x00, 0x00, 0x8f, 0xff, 0xb0, 0x00, 0x00, 0x00, 0x0a, 0xff, 0xfa, 0x00,
    0x00, 0x00, 0x00, 0x00, 0x00, 0x00, 0x00, 0x08, 0xff, 0xfb, 0x00, 0x00, 0x00, 0x00, 0xaf, 0xff,
    0xa0, 0x00, 0x00, 0x00, 0x00, 0x00, 0x00, 0x00, 0x00, 0x8f, 0xff, 0xb0, 0x00, 0x00, 0x00, 0x0a,
    0xff, 0xfa, 0x00, 0x00, 0x00, 0x00, 0x00, 0x00, 0x00, 0x00, 0x08, 0xff, 0xfb, 0x00, 0x00, 0x00,
    0x00, 0xaf, 0xff, 0xa0, 0x00, 0x00, 0x00, 0x00, 0x00, 0x00, 0x00, 0x00, 0x8f, 0xff, 0xb0, 0x00,
    0x00, 0x00, 0x0a, 0xff, 0xfa, 0x00, 0x00, 0x00, 0x00, 0x00, 0x00, 0x00, 0x00, 0x08, 0xff, 0xfb,
    0x00, 0x00, 0x00, 0x00, 0xaf, 0xff, 0xa0, 0x00, 0x00, 0x00, 0x00, 0x00, 0x00, 0x00, 0x00, 0x8f,
    0xff, 0xb0, 0x00, 0x00, 0x00, 0x0a, 0xff, 0xfa, 0x00, 0x00, 0x00, 0x00, 0x00, 0x00, 0x00, 0x00,
    0x08, 0xff, 0xfb, 0x00, 0x00, 0x00, 0x00, 0x9f, 0xff, 0xa0, 0x00, 0x00, 0x00, 0x00, 0x00, 0x00,
    0x00, 0x00, 0x9f, 0xff, 0xa0, 0x00, 0x00, 0x00, 0x08, 0xff, 0xfb, 0x00, 0x00, 0x00, 0x00, 0x00,
    0x00, 0x00, 0x00, 0x0a, 0xff, 0xf9, 0x00, 0x00, 0x00, 0x00, 0x6f, 0xff, 0xe0, 0x00, 0x00, 0x00,
    0x00, 0x00, 0x00, 0x00, 0x00, 0xdf, 0xff, 0x70, 0x00, 0x00, 0x00, 0x02, 0xff, 0xff, 0x30, 0x00,
    0x00, 0x00, 0x00, 0x00, 0x00, 0x00, 0x2f, 0xff, 0xf3, 0x00, 0x00, 0x00, 0x00, 0x0d, 0xff, 0xfa,
    0x00, 0x00, 0x00, 0x00, 0x00, 0x00, 0x00, 0x09, 0xff, 0xfd, 0x00, 0x00, 0x00, 0x00, 0x00, 0x7f,
    0xff, 0xf4, 0x00, 0x00, 0x00, 0x00, 0x00, 0x00, 0x04, 0xff, 0xff, 0x70, 0x00, 0x00, 0x00, 0x00,
    0x01, 0xdf, 0xff, 0xe4, 0x00, 0x00, 0x00, 0x00, 0x00, 0x03, 0xef, 0xff, 0xe1, 0x00, 0x00, 0x00,
    0x00, 0x00, 0x04, 0xff, 0xff, 0xf9, 0x20, 0x00, 0x00, 0x00, 0x18, 0xef, 0xff, 0xf4, 0x00, 0x00,
    0x00, 0x00, 0x00, 0x00, 0x06, 0xff, 0xff, 0xff, 0xda, 0x88, 0x89, 0xcf, 0xff, 0xff, 0xf6, 0x00,
    0x00, 0x00, 0x00, 0x00, 0x00, 0x00, 0x04, 0xef, 0xff, 0xff, 0xff, 0xff, 0xff, 0xff, 0xff, 0xe5,
    0x00, 0x00, 0x00, 0x00, 0x00, 0x00, 0x00, 0x00, 0x02, 0x8e, 0xff, 0xff, 0xff, 0xff, 0xff, 0xfe,
    0x81, 0x00, 0x00, 0x00, 0x00, 0x00, 0x00, 0x00, 0x00, 0x00, 0x00, 0x15, 0x9c, 0xde, 0xfe, 0xdb,
    0x95, 0x10, 0x00, 0x00, 0x00, 0x00, 0x00, 0x00, 0x00, 0x00, 0x00, 0x00, 0x00, 0x00, 0x05, 0x88,
    0x87, 0x00, 0x00, 0x00, 0x00, 0x00, 0x00, 0x00, 0x00, 0x00, 0x00, 0x00, 0x00, 0x00, 0x00, 0x04,
    0xff, 0xff, 0xf6, 0x00, 0x00, 0x00, 0x00, 0x00, 0x00, 0x00, 0x00, 0x00, 0x00, 0x00, 0x00, 0x00,
    0x01, 0xdf, 0xff, 0xff, 0xf3, 0x00, 0x00, 0x00, 0x00, 0x00, 0x00, 0x00, 0x00, 0x00, 0x00, 0x00,
    0x00, 0x01, 0xcf, 0xff, 0xef, 0xff, 0xd2, 0x00, 0x00, 0x00, 0x00, 0x00, 0x00, 0x00, 0x00, 0x00,
    0x00, 0x00, 0x00, 0xaf, 0xff, 0xb1, 0x9f, 0xff, 0xd1, 0x00, 0x00, 0x00, 0x00, 0x00, 0x00, 0x00,
    0x00, 0x00, 0x00, 0x00, 0x9f, 0xff, 0xa0, 0x00, 0x8f, 0xff, 0xb1, 0x00, 0x00, 0x00, 0x00, 0x00,
    0x00, 0x00, 0x00, 0x00, 0x00, 0x8f, 0xff, 0x70, 0x00, 0x00, 0x6e, 0xff, 0xb0, 0x00, 0x00, 0x00,
    0x00, 0x00, 0x00, 0x00, 0x00, 0x00, 0x5f, 0xfd, 0x40, 0x00, 0x00, 0x00, 0x3c, 0xff, 0xa0, 0x00,
    0x00, 0x00, 0x00, 0x00, 0x00, 0x00, 0x00, 0x00, 0x00, 0x00, 0x00, 0x00, 0x00, 0x00, 0x00, 0x00,
    0x00, 0x00, 0x00, 0x00, 0x00, 0x00, 0x00, 0x00, 0x00, 0x00, 0x00, 0x00, 0x00, 0x00, 0x00, 0x00,
    0x00, 0x00, 0x00, 0x00, 0x00, 0x00, 0x00, 0x00, 0x00, 0x00, 0x00, 0x00, 0x00, 0x00, 0x00, 0x00,
    0x00, 0x00, 0x00, 0x00, 0x00, 0x00, 0x00, 0x00, 0x00, 0x00, 0x00, 0x00, 0x00, 0x00, 0x00, 0x00,
    0x00, 0x00, 0x00, 0x00, 0x00, 0x00, 0x00, 0x00, 0x00, 0x00, 0x00, 0xaf, 0xff, 0xa0, 0x00, 0x00,
    0x00, 0x00, 0x00, 0x00, 0x00, 0x00, 0x8f, 0xff, 0xb0, 0x00, 0x00, 0x00, 0x0a, 0xff, 0xfa, 0x00,
    0x00, 0x00, 0x00, 0x00, 0x00, 0x00, 0x00, 0x08, 0xff, 0xfb, 0x00, 0x00, 0x00, 0x00, 0xaf, 0xff,
    0xa0, 0x00, 0x00, 0x00, 0x00, 0x00, 0x00, 0x00, 0x00, 0x8f, 0xff, 0xb0, 0x00, 0x00, 0x00, 0x0a,
    0xff, 0xfa, 0x00, 0x00, 0x00, 0x00, 0x00, 0x00, 0x00, 0x00, 0x08, 0xff, 0xfb, 0x00, 0x00, 0x00,
    0x00, 0xaf, 0xff, 0xa0, 0x00, 0x00, 0x00, 0x00, 0x00, 0x00, 0x00, 0x00, 0x8f, 0xff, 0xb0, 0x00,
    0x00, 0x00, 0x0a, 0xff, 0xfa, 0x00, 0x00, 0x00, 0x00, 0x00, 0x00, 0x00, 0x00, 0x08, 0xff, 0xfb,
    0x00, 0x00, 0x00, 0x00, 0xaf, 0xff, 0xa0, 0x00, 0x00, 0x00, 0x00, 0x00, 0x00, 0x00, 0x00, 0x8f,
    0xff, 0xb0, 0x00, 0x00, 0x00, 0x0a, 0xff, 0xfa, 0x00, 0x00, 0x00, 0x00, 0x00, 0x00, 0x00, 0x00,
    0x08, 0xff, 0xfb, 0x00, 0x00, 0x00, 0x00, 0xaf, 0xff, 0xa0, 0x00, 0x00, 0x00, 0x00, 0x00, 0x00,
    0x00, 0x00, 0x8f, 0xff, 0xb0, 0x00, 0x00, 0x00, 0x0a, 0xff, 0xfa, 0x00, 0x00, 0x00, 0x00, 0x00,
    0x00, 0x00, 0x00, 0x08, 0xff, 0xfb, 0x00, 0x00, 0x00, 0x00, 0xaf, 0xff, 0xa0, 0x00, 0x00, 0x00,
    0x00, 0x00, 0x00, 0x00, 0x00, 0x8f, 0xff, 0xb0, 0x00, 0x00, 0x00, 0x0a, 0xff, 0xfa, 0x00, 0x00,
    0x00, 0x00, 0x00, 0x00, 0x00, 0x00, 0x08, 0xff, 0xfb, 0x00, 0x00, 0x00, 0x00, 0xaf, 0xff, 0xa0,
    0x00, 0x00, 0x00, 0x00, 0x00, 0x00, 0x00, 0x00, 0x8f, 0xff, 0xb0, 0x00, 0x00, 0x00, 0x0a, 0xff,
    0xfa, 0x00, 0x00, 0x00, 0x00, 0x00, 0x00, 0x00, 0x00, 0x08, 0xff, 0xfb, 0x00, 0x00, 0x00, 0x00,
    0xaf, 0xff, 0xa0, 0x00, 0x00, 0x00, 0x00, 0x00, 0x00, 0x00, 0x00, 0x8f, 0xff, 0xb0, 0x00, 0x00,
    0x00, 0x0a, 0xff, 0xfa, 0x00, 0x00, 0x00, 0x00, 0x00, 0x00, 0x00, 0x00, 0x08, 0xff, 0xfb, 0x00,
    0x00, 0x00, 0x00, 0xaf, 0xff, 0xa0, 0x00, 0x00, 0x00, 0x00, 0x00, 0x00, 0x00, 0x00, 0x8f, 0xff,
    0xb0, 0x00, 0x00, 0x00, 0x0a, 0xff, 0xfa, 0x00, 0x00, 0x00, 0x00, 0x00, 0x00, 0x00, 0x00, 0x08,
    0xff, 0xfb, 0x00, 0x00, 0x00, 0x00, 0xaf, 0xff, 0xa0, 0x00, 0x00, 0x00, 0x00, 0x00, 0x00, 0x00,
    0x00, 0x8f, 0xff, 0xb0, 0x00, 0x00, 0x00, 0x0a, 0xff, 0xfa, 0x00, 0x00, 0x00, 0x00, 0x00, 0x00,
    0x00, 0x00, 0x08, 0xff, 0xfb, 0x00, 0x00, 0x00, 0x00, 0xaf, 0xff, 0xa0, 0x00, 0x00, 0x00, 0x00,
    0x00, 0x00, 0x00, 0x00, 0x8f, 0xff, 0xb0, 0x00, 0x00, 0x00, 0x0a, 0xff, 0xfa, 0x00, 0x00, 0x00,
    0x00, 0x00, 0x00, 0x00, 0x00, 0x08, 0xff, 0xfb, 0x00, 0x00, 0x00, 0x00, 0x9f, 0xff, 0xa0, 0x00,
    0x00, 0x00, 0x00, 0x00, 0x00, 0x00, 0x00, 0x9f, 0xff, 0xa0, 0x00, 0x00, 0x00, 0x08, 0xff, 0xfb,
    0x00, 0x00, 0x00, 0x00, 0x00, 0x00, 0x00, 0x00, 0x0a, 0xff, 0xf9, 0x00, 0x00, 0x00, 0x00, 0x6f,
    0xff, 0xe0, 0x00, 0x00, 0x00, 0x00, 0x00, 0x00, 0x00, 0x00, 0xdf, 0xff, 0x70, 0x00, 0x00, 0x00,
    0x02, 0xff, 0xff, 0x30, 0x00, 0x00, 0x00, 0x00, 0x00, 0x00, 0x00, 0x2f, 0xff, 0xf3, 0x00, 0x00,
    0x00, 0x00, 0x0d, 0xff, 0xfa, 0x00, 0x00, 0x00, 0x00, 0x00, 0x00, 0x00, 0x09, 0xff, 0xfd, 0x00,
    0x00, 0x00, 0x00, 0x00, 0x7f, 0xff, 0xf4, 0x00, 0x00, 0x00, 0x00, 0x00, 0x00, 0x04, 0xff, 0xff,
    0x70, 0x00, 0x00, 0x00, 0x00, 0x01, 0xdf, 0xff, 0xe4, 0x00, 0x00, 0x00, 0x00, 0x00, 0x03, 0xef,
    0xff, 0xe1, 0x00, 0x00, 0x00, 0x00, 0x00, 0x04, 0xff, 0xff, 0xf9, 0x20, 0x00, 0x00, 0x00, 0x18,
    0xef, 0xff, 0xf4, 0x00, 0x00, 0x00, 0x00, 0x00, 0x00, 0x06, 0xff, 0xff, 0xff, 0xda, 0x88, 0x89,
    0xcf, 0xff, 0xff, 0xf6, 0x00, 0x00, 0x00, 0x00, 0x00, 0x00, 0x00, 0x04, 0xef, 0xff, 0xff, 0xff,
    0xff, 0xff, 0xff, 0xff, 0xe5, 0x00, 0x00, 0x00, 0x00, 0x00, 0x00, 0x00, 0x00, 0x02, 0x8e, 0xff,
    0xff, 0xff, 0xff, 0xff, 0xfe, 0x81, 0x00, 0x00, 0x00, 0x00, 0x00, 0x00, 0x00, 0x00, 0x00, 0x00,
    0x15, 0x9c, 0xde, 0xfe, 0xdb, 0x95, 0x10, 0x00, 0x00, 0x00, 0x00, 0x00, 0x00, 0x00, 0x00, 0x00,
    0x00, 0x05, 0xde, 0x70, 0x00, 0x00, 0x6e, 0xe6, 0x00, 0x00, 0x00, 0x00, 0x00, 0x00, 0x00, 0x00,
    0x00, 0x00, 0x01, 0xff, 0xff, 0x20, 0x00, 0x1f, 0xff, 0xf2, 0x00, 0x00, 0x00, 0x00, 0x00, 0x00,
    0x00, 0x00, 0x00, 0x00, 0x2f, 0xff, 0xf4, 0x00, 0x02, 0xff, 0xff, 0x40, 0x00, 0x00, 0x00, 0x00,
    0x00, 0x00, 0x00, 0x00, 0x00, 0x01, 0xef, 0xff, 0x20, 0x00, 0x1e, 0xff, 0xf1, 0x00, 0x00, 0x00,
    0x00, 0x00, 0x00, 0x00, 0x00, 0x00, 0x00, 0x05, 0xde, 0x60, 0x00, 0x00, 0x5d, 0xe6, 0x00, 0x00,
    0x00, 0x00, 0x00, 0x00, 0x00, 0x00, 0x00, 0x00, 0x00, 0x00, 0x00, 0x00, 0x00, 0x00, 0x00, 0x00,
    0x00, 0x00, 0x00, 0x00, 0x00, 0x00, 0x00, 0x00, 0x00, 0x00, 0x00, 0x00, 0x00, 0x00, 0x00, 0x00,
    0x00, 0x00, 0x00, 0x00, 0x00, 0x00, 0x00, 0x00, 0x00, 0x00, 0x00, 0x00, 0x00, 0x00, 0x00, 0x00,
    0x00, 0x00, 0x00, 0x00, 0x00, 0x00, 0x00, 0x00, 0x00, 0x00, 0x00, 0x00, 0x00, 0x00, 0x00, 0x00,
    0x00, 0x00, 0x00, 0x00, 0x00, 0x00, 0x00, 0x00, 0x00, 0x00, 0x00, 0x00, 0x00, 0x00, 0x00, 0x00,
    0x00, 0x00, 0x00, 0x00, 0x00, 0x00, 0x00, 0x00, 0x00, 0x00, 0x00, 0x00, 0x00, 0xaf, 0xff, 0xa0,
    0x00, 0x00, 0x00, 0x00, 0x00, 0x00, 0x00, 0x00, 0x8f, 0xff, 0xb0, 0x00, 0x00, 0x00, 0x0a, 0xff,
    0xfa, 0x00, 0x00, 0x00, 0x00, 0x00, 0x00, 0x00, 0x00, 0x08, 0xff, 0xfb, 0x00, 0x00, 0x00, 0x00,
    0xaf, 0xff, 0xa0, 0x00, 0x00, 0x00, 0x00, 0x00, 0x00, 0x00, 0x00, 0x8f, 0xff, 0xb0, 0x00, 0x00,
    0x00, 0x0a, 0xff, 0xfa, 0x00, 0x00, 0x00, 0x00, 0x00, 0x00, 0x00, 0x00, 0x08, 0xff, 0xfb, 0x00,
    0x00, 0x00, 0x00, 0xaf, 0xff, 0xa0, 0x00, 0x00, 0x00, 0x00, 0x00, 0x00, 0x00, 0x00, 0x8f, 0xff,
    0xb0, 0x00, 0x00, 0x00, 0x0a, 0xff, 0xfa, 0x00, 0x00, 0x00, 0x00, 0x00, 0x00, 0x00, 0x00, 0x08,
    0xff, 0xfb, 0x00, 0x00, 0x00, 0x00, 0xaf, 0xff, 0xa0, 0x00, 0x00, 0x00, 0x00, 0x00, 0x00, 0x00,
    0x00, 0x8f, 0xff, 0xb0, 0x00, 0x00, 0x00, 0x0a, 0xff, 0xfa, 0x00, 0x00, 0x00, 0x00, 0x00, 0x00,
    0x00, 0x00, 0x08, 0xff, 0xfb, 0x00, 0x00, 0x00, 0x00, 0xaf, 0xff, 0xa0, 0x00, 0x00, 0x00, 0x00,
    0x00, 0x00, 0x00, 0x00, 0x8f, 0xff, 0xb0, 0x00, 0x00, 0x00, 0x0a, 0xff, 0xfa, 0x00, 0x00, 0x00,
    0x00, 0x00, 0x00, 0x00, 0x00, 0x08, 0xff, 0xfb, 0x00, 0x00, 0x00, 0x00, 0xaf, 0xff, 0xa0, 0x00,
    0x00, 0x00, 0x00, 0x00, 0x00, 0x00, 0x00, 0x8f, 0xff, 0xb0, 0x00, 0x00, 0x00, 0x0a, 0xff, 0xfa,
    0x00, 0x00, 0x00, 0x00, 0x00, 0x00, 0x00, 0x00, 0x08, 0xff, 0xfb, 0x00, 0x00, 0x00, 0x00, 0xaf,
    0xff, 0xa0, 0x00, 0x00, 0x00, 0x00, 0x00, 0x00, 0x00, 0x00, 0x8f, 0xff, 0xb0, 0x00, 0x00, 0x00,
    0x0a, 0xff, 0xfa, 0x00, 0x00, 0x00, 0x00, 0x00, 0x00, 0x00, 0x00, 0x08, 0xff, 0xfb, 0x00, 0x00,
    0x00, 0x00, 0xaf, 0xff, 0xa0, 0x00, 0x00, 0x00, 0x00, 0x00, 0x00, 0x00, 0x00, 0x8f, 0xff, 0xb0,
    0x00, 0x00, 0x00, 0x0a, 0xff, 0xfa, 0x00, 0x00, 0x00, 0x00, 0x00, 0x00, 0x00, 0x00, 0x08, 0xff,
    0xfb, 0x00, 0x00, 0x00, 0x00, 0xaf, 0xff, 0xa0, 0x00, 0x00, 0x00, 0x00, 0x00, 0x00, 0x00, 0x00,
    0x8f, 0xff, 0xb0, 0x00, 0x00, 0x00, 0x0a, 0xff, 0xfa, 0x00, 0x00, 0x00, 0x00, 0x00, 0x00, 0x00,
    0x00, 0x08, 0xff, 0xfb, 0x00, 0x00, 0x00, 0x00, 0xaf, 0xff, 0xa0, 0x00, 0x00, 0x00, 0x00, 0x00,
    0x00, 0x00, 0x00, 0x8f, 0xff, 0xb0, 0x00, 0x00, 0x00, 0x0a, 0xff, 0xfa, 0x00, 0x00, 0x00, 0x00,
    0x00, 0x00, 0x00, 0x00, 0x08, 0xff, 0xfb, 0x00, 0x00, 0x00, 0x00, 0xaf, 0xff, 0xa0, 0x00, 0x00,
    0x00, 0x00, 0x00, 0x00, 0x00, 0x00, 0x8f, 0xff, 0xb0, 0x00, 0x00, 0x00, 0x0a, 0xff, 0xfa, 0x00,
    0x00, 0x00, 0x00, 0x00, 0x00, 0x00, 0x00, 0x08, 0xff, 0xfb, 0x00, 0x00, 0x00, 0x00, 0x9f, 0xff,
    0xa0, 0x00, 0x00, 0x00, 0x00, 0x00, 0x00, 0x00, 0x00, 0x9f, 0xff, 0xa0, 0x00, 0x00, 0x00, 0x08,
    0xff, 0xfb, 0x00, 0x00, 0x00, 0x00, 0x00, 0x00, 0x00, 0x00, 0x0a, 0xff, 0xf9, 0x00, 0x00, 0x00,
    0x00, 0x6f, 0xff, 0xe0, 0x00, 0x00, 0x00, 0x00, 0x00, 0x00, 0x00, 0x00, 0xdf, 0xff, 0x70, 0x00,
    0x00, 0x00, 0x02, 0xff, 0xff, 0x30, 0x00, 0x00, 0x00, 0x00, 0x00, 0x00, 0x00, 0x2f, 0xff, 0xf3,
    0x00, 0x00, 0x00, 0x00, 0x0d, 0xff, 0xfa, 0x00, 0x00, 0x00, 0x00, 0x00, 0x00, 0x00, 0x09, 0xff,
    0xfd, 0x00, 0x00, 0x00, 0x00, 0x00, 0x7f, 0xff, 0xf4, 0x00, 0x00, 0x00, 0x00, 0x00, 0x00, 0x04,
    0xff, 0xff, 0x70, 0x00, 0x00, 0x00, 0x00, 0x01, 0xdf, 0xff, 0xe4, 0x00, 0x00, 0x00, 0x00, 0x00,
    0x03, 0xef, 0xff, 0xe1, 0x00, 0x00, 0x00, 0x00, 0x00, 0x04, 0xff, 0xff, 0xf9, 0x20, 0x00, 0x00,
    0x00, 0x18, 0xef, 0xff, 0xf4, 0x00, 0x00, 0x00, 0x00, 0x00, 0x00, 0x06, 0xff, 0xff, 0xff, 0xda,
    0x88, 0x89, 0xcf, 0xff, 0xff, 0xf6, 0x00, 0x00, 0x00, 0x00, 0x00, 0x00, 0x00, 0x04, 0xef, 0xff,
    0xff, 0xff, 0xff, 0xff, 0xff, 0xff, 0xe5, 0x00, 0x00, 0x00, 0x00, 0x00, 0x00, 0x00, 0x00, 0x02,
    0x8e, 0xff, 0xff, 0xff, 0xff, 0xff, 0xfe, 0x81, 0x00, 0x00, 0x00, 0x00, 0x00, 0x00, 0x00, 0x00,
    0x00, 0x00, 0x15, 0x9c, 0xde, 0xfe, 0xdb, 0x95, 0x10, 0x00, 0x00, 0x00, 0x00, 0x00, 0x00, 0x00,
    0x00, 0x00, 0x00, 0x00, 0x00, 0x07, 0x88, 0x88, 0x30, 0x00, 0x00, 0x00, 0x00, 0x00, 0x00, 0x00,
    0x00, 0x00, 0x00, 0x4f, 0xff, 0xfd, 0x10, 0x00, 0x00, 0x00, 0x00, 0x00, 0x00, 0x00, 0x00, 0x00,
    0x00, 0xdf, 0xff, 0xe3, 0x00, 0x00, 0x00, 0x00, 0x00, 0x00, 0x00, 0x00, 0x00, 0x00, 0x08, 0xff,
    0xff, 0x40, 0x00, 0x00, 0x00, 0x00, 0x00, 0x00, 0x00, 0x00, 0x00, 0x00, 0x3f, 0xff, 0xf4, 0x00,
    0x00, 0x00, 0x00, 0x00, 0x00, 0x00, 0x00, 0x00, 0x00, 0x00, 0xcf, 0xff, 0x50, 0x00, 0x00, 0x00,
    0x00, 0x00, 0x00, 0x00, 0x00, 0x00, 0x00, 0x09, 0xff, 0xf5, 0x00, 0x00, 0x00, 0x00, 0x00, 0x00,
    0x00, 0x00, 0x00, 0x00, 0x00, 0x3f, 0xfd, 0x30, 0x00, 0x00, 0x00, 0x00, 0x00, 0x00, 0x00, 0x00,
    0x00, 0x00, 0x00, 0x00, 0x00, 0x00, 0x00, 0x00, 0x00, 0x00, 0x00, 0x00, 0x00, 0x00, 0x00, 0x00,
    0x00, 0x00, 0x00, 0x00, 0x00, 0x00, 0x00, 0x00, 0x00, 0x00, 0x00, 0x00, 0x00, 0x00, 0x00, 0x00,
    0x00, 0x00, 0x00, 0x00, 0x00, 0x00, 0x00, 0x00, 0x00, 0x00, 0x00, 0x00, 0x00, 0x00, 0x00, 0x00,
    0x00, 0x00, 0x00, 0x00, 0x00, 0x00, 0xbf, 0xff, 0xe1, 0x00, 0x00, 0x00, 0x00, 0x00, 0x00, 0x00,
    0x00, 0xbf, 0xff, 0xd0, 0x3f, 0xff, 0xf7, 0x00, 0x00, 0x00, 0x00, 0x00, 0x00, 0x00, 0x04, 0xff,
    0xff, 0x50, 0x0a, 0xff, 0xfe, 0x10, 0x00, 0x00, 0x00, 0x00, 0x00, 0x00, 0x0c, 0xff, 0xfc, 0x00,
    0x02, 0xff, 0xff, 0x80, 0x00, 0x00, 0x00, 0x00, 0x00, 0x00, 0x5f, 0xff, 0xf4, 0x00, 0x00, 0x9f,
    0xff, 0xf2, 0x00, 0x00, 0x00, 0x00, 0x00, 0x00, 0xdf, 0xff, 0xb0, 0x00, 0x00, 0x1e, 0xff, 0xf9,
    0x00, 0x00, 0x00, 0x00, 0x00, 0x06, 0xff, 0xff, 0x30, 0x00, 0x00, 0x07, 0xff, 0xff, 0x20, 0x00,
    0x00, 0x00, 0x00, 0x1d, 0xff, 0xfa, 0x00, 0x00, 0x00, 0x01, 0xef, 0xff, 0xa0, 0x00, 0x00, 0x00,
    0x00, 0x7f, 0xff, 0xf2, 0x00, 0x00, 0x00, 0x00, 0x6f, 0xff, 0xf3, 0x00, 0x00, 0x00, 0x01, 0xef,
    0xff, 0x80, 0x00, 0x00, 0x00, 0x00, 0x0d, 0xff, 0xfb, 0x00, 0x00, 0x00, 0x08, 0xff, 0xfe, 0x10,
    0x00, 0x00, 0x00, 0x00, 0x05, 0xff, 0xff, 0x40, 0x00, 0x00, 0x1e, 0xff, 0xf7, 0x00, 0x00, 0x00,
    0x00, 0x00, 0x00, 0xcf, 0xff, 0xb0, 0x00, 0x00, 0x9f, 0xff, 0xd0, 0x00, 0x00, 0x00, 0x00, 0x00,
    0x00, 0x4f, 0xff, 0xf4, 0x00, 0x02, 0xff, 0xff, 0x60, 0x00, 0x00, 0x00, 0x00, 0x00, 0x00, 0x0b,
    0xff, 0xfc, 0x00, 0x0a, 0xff, 0xfc, 0x00, 0x00, 0x00, 0x00, 0x00, 0x00, 0x00, 0x03, 0xff, 0xff,
    0x50, 0x3f, 0xff, 0xf4, 0x00, 0x00, 0x00, 0x00, 0x00, 0x00, 0x00, 0x00, 0xaf, 0xff, 0xd0, 0xbf,
    0xff, 0xb0, 0x00, 0x00, 0x00, 0x00, 0x00, 0x00, 0x00, 0x00, 0x2f, 0xff, 0xf9, 0xff, 0xff, 0x30,
    0x00, 0x00, 0x00, 0x00, 0x00, 0x00, 0x00, 0x00, 0x09, 0xff, 0xff, 0xff, 0xfa, 0x00, 0x00, 0x00,
    0x00, 0x00, 0x00, 0x00, 0x00, 0x00, 0x01, 0xef, 0xff, 0xff, 0xf2, 0x00, 0x00, 0x00, 0x00, 0x00,
    0x00, 0x00, 0x00, 0x00, 0x00, 0x7f, 0xff, 0xff, 0x80, 0x00, 0x00, 0x00, 0x00, 0x00, 0x00, 0x00,
    0x00, 0x00, 0x00, 0x1e, 0xff, 0xfe, 0x10, 0x00, 0x00, 0x00, 0x00, 0x00, 0x00, 0x00, 0x00, 0x00,
    0x00, 0x09, 0xff, 0xfb, 0x00, 0x00, 0x00, 0x00, 0x00, 0x00, 0x00, 0x00, 0x00, 0x00, 0x00, 0x09,
    0xff, 0xfb, 0x00, 0x00, 0x00, 0x00, 0x00, 0x00, 0x00, 0x00, 0x00, 0x00, 0x00, 0x09, 0xff, 0xfb,
    0x00, 0x00, 0x00, 0x00, 0x00, 0x00, 0x00, 0x00, 0x00, 0x00, 0x00, 0x09, 0xff, 0xfb, 0x00, 0x00,
    0x00, 0x00, 0x00, 0x00, 0x00, 0x00, 0x00, 0x00, 0x00, 0x09, 0xff, 0xfb, 0x00, 0x00, 0x00, 0x00,
    0x00, 0x00, 0x00, 0x00, 0x00, 0x00, 0x00, 0x09, 0xff, 0xfb, 0x00, 0x00, 0x00, 0x00, 0x00, 0x00,
    0x00, 0x00, 0x00, 0x00, 0x00, 0x09, 0xff, 0xfb, 0x00, 0x00, 0x00, 0x00, 0x00, 0x00, 0x00, 0x00,
    0x00, 0x00, 0x00, 0x09, 0xff, 0xfb, 0x00, 0x00, 0x00, 0x00, 0x00, 0x00, 0x00, 0x00, 0x00, 0x00,
    0x00, 0x09, 0xff, 0xfb, 0x00, 0x00, 0x00, 0x00, 0x00, 0x00, 0x00, 0x00, 0x00, 0x00, 0x00, 0x09,
    0xff, 0xfb, 0x00, 0x00, 0x00, 0x00, 0x00, 0x00, 0x00, 0x00, 0x00, 0x00, 0x00, 0x09, 0xff, 0xfb,
    0x00, 0x00, 0x00, 0x00, 0x00, 0x00, 0x00, 0x00, 0x00, 0x00, 0x00, 0x09, 0xff, 0xfb, 0x00, 0x00,
    0x00, 0x00, 0x00, 0x00, 0x00, 0x00, 0x00, 0x00, 0x00, 0x09, 0xff, 0xfb, 0x00, 0x00, 0x00, 0x00,
    0x00, 0x00, 0x00, 0x00, 0x5f, 0xff, 0xf0, 0x00, 0x00, 0x00, 0x00, 0x00, 0x00, 0x00, 0x00, 0x00,
    0x00, 0x00, 0x05, 0xff, 0xff, 0x00, 0x00, 0x00, 0x00, 0x00, 0x00, 0x00, 0x00, 0x00, 0x00, 0x00,
    0x00, 0x5f, 0xff, 0xf0, 0x00, 0x00, 0x00, 0x00, 0x00, 0x00, 0x00, 0x00, 0x00, 0x00, 0x00, 0x05,
    0xff, 0xff, 0x00, 0x00, 0x00, 0x00, 0x00, 0x00, 0x00, 0x00, 0x00, 0x00, 0x00, 0x00, 0x5f, 0xff,
    0xf0, 0x00, 0x00, 0x00, 0x00, 0x00, 0x00, 0x00, 0x00, 0x00, 0x00, 0x00, 0x05, 0xff, 0xff, 0x00,
    0x00, 0x00, 0x00, 0x00, 0x00, 0x00, 0x00, 0x00, 0x00, 0x00, 0x00, 0x5f, 0xff, 0xff, 0xff, 0xff,
    0xee, 0xdb, 0x85, 0x10, 0x00, 0x00, 0x00, 0x00, 0x00, 0x05, 0xff, 0xff, 0xff, 0xff, 0xff, 0xff,
    0xff, 0xfe, 0xa2, 0x00, 0x00, 0x00, 0x00, 0x00, 0x5f, 0xff, 0xff, 0xff, 0xff, 0xff, 0xff, 0xff,
    0xff, 0xe6, 0x00, 0x00, 0x00, 0x00, 0x05, 0xff, 0xff, 0x77, 0x77, 0x78, 0x9b, 0xef, 0xff, 0xff,
    0xf6, 0x00, 0x00, 0x00, 0x00, 0x5f, 0xff, 0xf0, 0x00, 0x00, 0x00, 0x00, 0x4c, 0xff, 0xff, 0xf3,
    0x00, 0x00, 0x00, 0x05, 0xff, 0xff, 0x00, 0x00, 0x00, 0x00, 0x00, 0x08, 0xff, 0xff, 0xb0, 0x00,
    0x00, 0x00, 0x5f, 0xff, 0xf0, 0x00, 0x00, 0x00, 0x00, 0x00, 0x0b, 0xff, 0xff, 0x10, 0x00, 0x00,
    0x05, 0xff, 0xff, 0x00, 0x00, 0x00, 0x00, 0x00, 0x00, 0x4f, 0xff, 0xf5, 0x00, 0x00, 0x00, 0x5f,
    0xff, 0xf0, 0x00, 0x00, 0x00, 0x00, 0x00, 0x01, 0xff, 0xff, 0x70, 0x00, 0x00, 0x05, 0xff, 0xff,
    0x00, 0x00, 0x00, 0x00, 0x00, 0x00, 0x0e, 0xff, 0xf8, 0x00, 0x00, 0x00, 0x5f, 0xff, 0xf0, 0x00,
    0x00, 0x00, 0x00, 0x00, 0x00, 0xef, 0xff, 0x80, 0x00, 0x00, 0x05, 0xff, 0xff, 0x00, 0x00, 0x00,
    0x00, 0x00, 0x00, 0x0f, 0xff, 0xf7, 0x00, 0x00, 0x00, 0x5f, 0xff, 0xf0, 0x00, 0x00, 0x00, 0x00,
    0x00, 0x04, 0xff, 0xff, 0x40, 0x00, 0x00, 0x05, 0xff, 0xff, 0x00, 0x00, 0x00, 0x00, 0x00, 0x00,
    0x9f, 0xff, 0xe0, 0x00, 0x00, 0x00, 0x5f, 0xff, 0xf0, 0x00, 0x00, 0x00, 0x00, 0x00, 0x4f, 0xff,
    0xf9, 0x00, 0x00, 0x00, 0x05, 0xff, 0xff, 0x00, 0x00, 0x00, 0x00, 0x00, 0x7f, 0xff, 0xfe, 0x20,
    0x00, 0x00, 0x00, 0x5f, 0xff, 0xf0, 0x00, 0x01, 0x13, 0x59, 0xef, 0xff, 0xff, 0x50, 0x00, 0x00,
    0x00, 0x05, 0xff, 0xff, 0xff, 0xff, 0xff, 0xff, 0xff, 0xff, 0xfe, 0x50, 0x00, 0x00, 0x00, 0x00,
    0x5f, 0xff, 0xff, 0xff, 0xff, 0xff, 0xff, 0xff, 0xfb, 0x30, 0x00, 0x00, 0x00, 0x00, 0x05, 0xff,
    0xff, 0xff, 0xff, 0xff, 0xff, 0xfd, 0x93, 0x00, 0x00, 0x00, 0x00, 0x00, 0x00, 0x5f, 0xff, 0xf7,
    0x77, 0x77, 0x65, 0x42, 0x00, 0x00, 0x00, 0x00, 0x00, 0x00, 0x00, 0x05, 0xff, 0xff, 0x00, 0x00,
    0x00, 0x00, 0x00, 0x00, 0x00, 0x00, 0x00, 0x00, 0x00, 0x00, 0x5f, 0xff, 0xf0, 0x00, 0x00, 0x00,
    0x00, 0x00, 0x00, 0x00, 0x00, 0x00, 0x00, 0x00, 0x05, 0xff, 0xff, 0x00, 0x00, 0x00, 0x00, 0x00,
    0x00, 0x00, 0x00, 0x00, 0x00, 0x00, 0x00, 0x5f, 0xff, 0xf0, 0x00, 0x00, 0x00, 0x00, 0x00, 0x00,
    0x00, 0x00, 0x00, 0x00, 0x00, 0x05, 0xff, 0xff, 0x00, 0x00, 0x00, 0x00, 0x00, 0x00, 0x00, 0x00,
    0x00, 0x00, 0x00, 0x00, 0x5f, 0xff, 0xf0, 0x00, 0x00, 0x00, 0x00, 0x00, 0x00, 0x00, 0x00, 0x00,
    0x00, 0x00, 0x05, 0xff, 0xff, 0x00, 0x00, 0x00, 0x00, 0x00, 0x00, 0x00, 0x00, 0x00, 0x00, 0x00,
    0x00, 0x00, 0x00, 0x03, 0x7b, 0xde, 0xfe, 0xec, 0x96, 0x10, 0x00, 0x00, 0x00, 0x00, 0x00, 0x00,
    0x00, 0x04, 0xcf, 0xff, 0xff, 0xff, 0xff, 0xff, 0xf9, 0x10, 0x00, 0x00, 0x00, 0x00, 0x00, 0x00,
    0x8f, 0xff, 0xff, 0xff, 0xff, 0xff, 0xff, 0xff, 0xe3, 0x00, 0x00, 0x00, 0x00, 0x00, 0x06, 0xff,
    0xff, 0xfe, 0xb9, 0x88, 0xad, 0xff, 0xff, 0xfe, 0x10, 0x00, 0x00, 0x00, 0x00, 0x1e, 0xff, 0xff,
    0x71, 0x00, 0x00, 0x00, 0x3a, 0xff, 0xff, 0x80, 0x00, 0x00, 0x00, 0x00, 0x7f, 0xff, 0xf4, 0x00,
    0x00, 0x00, 0x00, 0x00, 0xbf, 0xff, 0xd0, 0x00, 0x00, 0x00, 0x00, 0xbf, 0xff, 0xb0, 0x00, 0x00,
    0x00, 0x00, 0x00, 0x5f, 0xff, 0xf0, 0x00, 0x00, 0x00, 0x00, 0xdf, 0xff, 0x70, 0x00, 0x00, 0x00,
    0x00, 0x00, 0x4f, 0xff, 0xf0, 0x00, 0x00, 0x00, 0x00, 0xef, 0xff, 0x50, 0x00, 0x00, 0x00, 0x00,
    0x00, 0x6f, 0xff, 0xd0, 0x00, 0x00, 0x00, 0x00, 0xef, 0xff, 0x40, 0x00, 0x00, 0x00, 0x00, 0x01,
    0xdf, 0xff, 0x80, 0x00, 0x00, 0x00, 0x00, 0xef, 0xff, 0x40, 0x00, 0x00, 0x00, 0x00, 0x1b, 0xff,
    0xfe, 0x10, 0x00, 0x00, 0x00, 0x00, 0xef, 0xff, 0x40, 0x00, 0x00, 0x00, 0x02, 0xcf, 0xff, 0xf4,
    0x00, 0x00, 0x00, 0x00, 0x00, 0xef, 0xff, 0x40, 0x00, 0x00, 0x00, 0x4e, 0xff, 0xfe, 0x40, 0x00,
    0x00, 0x00, 0x00, 0x00, 0xef, 0xff, 0x40, 0x00, 0x00, 0x05, 0xff, 0xff, 0xd2, 0x00, 0x00, 0x00,
    0x00, 0x00, 0x00, 0xef, 0xff, 0x40, 0x00, 0x00, 0x2e, 0xff, 0xfb, 0x10, 0x00, 0x00, 0x00, 0x00,
    0x00, 0x00, 0xef, 0xff, 0x40, 0x00, 0x00, 0x7f, 0xff, 0xd1, 0x00, 0x00, 0x00, 0x00, 0x00, 0x00,
    0x00, 0xef, 0xff, 0x40, 0x00, 0x00, 0xaf, 0xff, 0x60, 0x00, 0x00, 0x00, 0x00, 0x00, 0x00, 0x00,
    0xef, 0xff, 0x40, 0x00, 0x00, 0xbf, 0xff, 0x70, 0x00, 0x00, 0x00, 0x00, 0x00, 0x00, 0x00, 0xef,
    0xff, 0x40, 0x00, 0x00, 0x8f, 0xff, 0xe2, 0x00, 0x00, 0x00, 0x00, 0x00, 0x00, 0x00, 0xef, 0xff,
    0x40, 0x00, 0x00, 0x3f, 0xff, 0xfe, 0x50, 0x00, 0x00, 0x00, 0x00, 0x00, 0x00, 0xef, 0xff, 0x40,
    0x00, 0x00, 0x07, 0xff, 0xff, 0xf9, 0x10, 0x00, 0x00, 0x00, 0x00, 0x00, 0xef, 0xff, 0x40, 0x00,
    0x00, 0x00, 0x8f, 0xff, 0xff, 0xd4, 0x00, 0x00, 0x00, 0x00, 0x00, 0xef, 0xff, 0x40, 0x00, 0x00,
    0x00, 0x05, 0xef, 0xff, 0xff, 0x70, 0x00, 0x00, 0x00, 0x00, 0xef, 0xff, 0x40, 0x00, 0x00, 0x00,
    0x00, 0x2b, 0xff, 0xff, 0xf9, 0x00, 0x00, 0x00, 0x00, 0xef, 0xff, 0x40, 0x00, 0x00, 0x00, 0x00,
    0x00, 0x6e, 0xff, 0xff, 0x80, 0x00, 0x00, 0x00, 0xef, 0xff, 0x40, 0x00, 0x00, 0x00, 0x00, 0x00,
    0x03, 0xdf, 0xff, 0xf3, 0x00, 0x00, 0x00, 0xef, 0xff, 0x40, 0x00, 0x00, 0x00, 0x00, 0x00, 0x00,
    0x2e, 0xff, 0xfa, 0x00, 0x00, 0x00, 0xef, 0xff, 0x40, 0x00, 0x00, 0x00, 0x00, 0x00, 0x00, 0x07,
    0xff, 0xfe, 0x00, 0x00, 0x00, 0xef, 0xff, 0x40, 0x00, 0x00, 0x00, 0x00, 0x00, 0x00, 0x02, 0xff,
    0xff, 0x10, 0x00, 0x00, 0xef, 0xff, 0x40, 0x00, 0x00, 0x00, 0x00, 0x00, 0x00, 0x00, 0xff, 0xff,
    0x10, 0x00, 0x00, 0xef, 0xff, 0x40, 0x00, 0x00, 0x00, 0x00, 0x00, 0x00, 0x02, 0xff, 0xff, 0x00,
    0x00, 0x00, 0xef, 0xff, 0x40, 0x00, 0x30, 0x00, 0x00, 0x00, 0x00, 0x07, 0xff, 0xfd, 0x00, 0x00,
    0x00, 0xef, 0xff, 0x40, 0x00, 0xcc, 0x61, 0x00, 0x00, 0x00, 0x5f, 0xff, 0xf8, 0x00, 0x00, 0x00,
    0xef, 0xff, 0x40, 0x00, 0xcf, 0xff, 0xc9, 0x88, 0x9d, 0xff, 0xff, 0xe2, 0x00, 0x00, 0x00, 0xef,
    0xff, 0x40, 0x00, 0xcf, 0xff, 0xff, 0xff, 0xff, 0xff, 0xff, 0x50, 0x00, 0x00, 0x00, 0xef, 0xff,
    0x40, 0x00, 0x9f, 0xff, 0xff, 0xff, 0xff, 0xff, 0xc3, 0x00, 0x00, 0x00, 0x00, 0xef, 0xff, 0x40,
    0x00, 0x02, 0x7a, 0xce, 0xff, 0xec, 0x94, 0x00, 0x00, 0x00, 0x00, 0x00, 0x00, 0x06, 0x88, 0x88,
    0x30, 0x00, 0x00, 0x00, 0x00, 0x00, 0x00, 0x00, 0x00, 0x00, 0x00, 0x6f, 0xff, 0xfc, 0x00, 0x00,
    0x00, 0x00, 0x00, 0x00, 0x00, 0x00, 0x00, 0x00, 0x00, 0x9f, 0xff, 0xf6, 0x00, 0x00, 0x00, 0x00,
    0x00, 0x00, 0x00, 0x00, 0x00, 0x00, 0x00, 0xaf, 0xff, 0xe1, 0x00, 0x00, 0x00, 0x00, 0x00, 0x00,
    0x00, 0x00, 0x00, 0x00, 0x00, 0xbf, 0xff, 0xa0, 0x00, 0x00, 0x00, 0x00, 0x00, 0x00, 0x00, 0x00,
    0x00, 0x00, 0x01, 0xbf, 0xff, 0x50, 0x00, 0x00, 0x00, 0x00, 0x00, 0x00, 0x00, 0x00, 0x00, 0x00,
    0x01, 0xbf, 0xfe, 0x20, 0x00, 0x00, 0x00, 0x00, 0x00, 0x00, 0x00, 0x00, 0x00, 0x00, 0x00, 0x9f,
    0xfb, 0x00, 0x00, 0x00, 0x00, 0x00, 0x00, 0x00, 0x00, 0x00, 0x00, 0x00, 0x00, 0x00, 0x00, 0x00,
    0x00, 0x00, 0x00, 0x00, 0x00, 0x00, 0x00, 0x00, 0x00, 0x00, 0x00, 0x00, 0x00, 0x00, 0x00, 0x00,
    0x00, 0x00, 0x00, 0x00, 0x00, 0x00, 0x00, 0x00, 0x00, 0x00, 0x00, 0x00, 0x00, 0x00, 0x00, 0x00,
    0x00, 0x00, 0x02, 0x6a, 0xce, 0xfe, 0xec, 0x94, 0x00, 0x00, 0x00, 0x00, 0x00, 0x00, 0x01, 0x6c,
    0xff, 0xff, 0xff, 0xff, 0xff, 0xfc, 0x20, 0x00, 0x00, 0x00, 0x00, 0x00, 0xbf, 0xff, 0xff, 0xff,
    0xff, 0xff, 0xff, 0xfe, 0x30, 0x00, 0x00, 0x00, 0x00, 0x06, 0xff, 0xff, 0xda, 0x88, 0x8b, 0xef,
    0xff, 0xfd, 0x00, 0x00, 0x00, 0x00, 0x00, 0x1e, 0xd7, 0x20, 0x00, 0x00, 0x01, 0xaf, 0xff, 0xf5,
    0x00, 0x00, 0x00, 0x00, 0x00, 0x20, 0x00, 0x00, 0x00, 0x00, 0x00, 0xcf, 0xff, 0xa0, 0x00, 0x00,
    0x00, 0x00, 0x00, 0x00, 0x00, 0x00, 0x00, 0x00, 0x06, 0xff, 0xfd, 0x00, 0x00, 0x00, 0x00, 0x00,
    0x00, 0x00, 0x00, 0x00, 0x00, 0x00, 0x3f, 0xff, 0xf0, 0x00, 0x00, 0x00, 0x00, 0x00, 0x00, 0x00,
    0x00, 0x00, 0x00, 0x02, 0xff, 0xff, 0x00, 0x00, 0x00, 0x00, 0x00, 0x00, 0x00, 0x00, 0x00, 0x00,
    0x00, 0x1f, 0xff, 0xf1, 0x00, 0x00, 0x00, 0x00, 0x00, 0x04, 0x8a, 0xde, 0xef, 0xff, 0xff, 0xff,
    0xff, 0x10, 0x00, 0x00, 0x00, 0x01, 0x8e, 0xff, 0xff, 0xff, 0xff, 0xff, 0xff, 0xff, 0xf1, 0x00,
    0x00, 0x00, 0x04, 0xef, 0xff, 0xff, 0xff, 0xff, 0xff, 0xff, 0xff, 0xff, 0x10, 0x00, 0x00, 0x03,
    0xff, 0xff, 0xff, 0xeb, 0x98, 0x87, 0x77, 0x8f, 0xff, 0xf1, 0x00, 0x00, 0x00, 0xdf, 0xff, 0xfc,
    0x40, 0x00, 0x00, 0x00, 0x02, 0xff, 0xff, 0x10, 0x00, 0x00, 0x5f, 0xff, 0xfa, 0x00, 0x00, 0x00,
    0x00, 0x00, 0x2f, 0xff, 0xf1, 0x00, 0x00, 0x09, 0xff, 0xfe, 0x10, 0x00, 0x00, 0x00, 0x00, 0x03,
    0xff, 0xff, 0x10, 0x00, 0x00, 0xbf, 0xff, 0xa0, 0x00, 0x00, 0x00, 0x00, 0x00, 0x5f, 0xff, 0xf1,
    0x00, 0x00, 0x0c, 0xff, 0xf9, 0x00, 0x00, 0x00, 0x00, 0x00, 0x0a, 0xff, 0xff, 0x10, 0x00, 0x00,
    0xbf, 0xff, 0xa0, 0x00, 0x00, 0x00, 0x00, 0x02, 0xff, 0xff, 0xf1, 0x00, 0x00, 0x08, 0xff, 0xfe,
    0x10, 0x00, 0x00, 0x00, 0x02, 0xdf, 0xff, 0xff, 0x10, 0x00, 0x00, 0x4f, 0xff, 0xfc, 0x20, 0x00,
    0x00, 0x16, 0xef, 0xff, 0xff, 0xf1, 0x00, 0x00, 0x00, 0xcf, 0xff, 0xff, 0xb9, 0x89, 0xbe, 0xff,
    0xf6, 0xbf, 0xff, 0x10, 0x00, 0x00, 0x02, 0xef, 0xff, 0xff, 0xff, 0xff, 0xff, 0xf6, 0x08, 0xff,
    0xf1, 0x00, 0x00, 0x00, 0x02, 0xcf, 0xff, 0xff, 0xff, 0xff, 0xd4, 0x00, 0x5f, 0xff, 0x10, 0x00,
    0x00, 0x00, 0x00, 0x49, 0xde, 0xfe, 0xda, 0x60, 0x00, 0x02, 0xff, 0xf1, 0x00, 0x00, 0x00, 0x00,
    0x00, 0x00, 0x00, 0x00, 0x00, 0x07, 0x88, 0x88, 0x20, 0x00, 0x00, 0x00, 0x00, 0x00, 0x00, 0x00,
    0x00, 0x00, 0x06, 0xff, 0xff, 0xc0, 0x00, 0x00, 0x00, 0x00, 0x00, 0x00, 0x00, 0x00, 0x00, 0x01,
    0xef, 0xff, 0xe2, 0x00, 0x00, 0x00, 0x00, 0x00, 0x00, 0x00, 0x00, 0x00, 0x00, 0x9f, 0xff, 0xe3,
    0x00, 0x00, 0x00, 0x00, 0x00, 0x00, 0x00, 0x00, 0x00, 0x00, 0x4f, 0xff, 0xe3, 0x00, 0x00, 0x00,
    0x00, 0x00, 0x00, 0x00, 0x00, 0x00, 0x00, 0x1d, 0xff, 0xe4, 0x00, 0x00, 0x00, 0x00, 0x00, 0x00,
    0x00, 0x00, 0x00, 0x00, 0x0a, 0xff, 0xe4, 0x00, 0x00, 0x00, 0x00, 0x00, 0x00, 0x00, 0x00, 0x00,
    0x00, 0x05, 0xff, 0xd2, 0x00, 0x00, 0x00, 0x00, 0x00, 0x00, 0x00, 0x00, 0x00, 0x00, 0x00, 0x00,
    0x00, 0x00, 0x00, 0x00, 0x00, 0x00, 0x00, 0x00, 0x00, 0x00, 0x00, 0x00, 0x00, 0x00, 0x00, 0x00,
    0x00, 0x00, 0x00, 0x00, 0x00, 0x00, 0x00, 0x00, 0x00, 0x00, 0x00, 0x00, 0x00, 0x00, 0x00, 0x00,
    0x00, 0x00, 0x00, 0x00, 0x00, 0x00, 0x02, 0x6a, 0xce, 0xfe, 0xec, 0x94, 0x00, 0x00, 0x00, 0x00,
    0x00, 0x00, 0x01, 0x6c, 0xff, 0xff, 0xff, 0xff, 0xff, 0xfc, 0x20, 0x00, 0x00, 0x00, 0x00, 0x00,
    0xbf, 0xff, 0xff, 0xff, 0xff, 0xff, 0xff, 0xfe, 0x30, 0x00, 0x00, 0x00, 0x00, 0x06, 0xff, 0xff,
    0xda, 0x88, 0x8b, 0xef, 0xff, 0xfd, 0x00, 0x00, 0x00, 0x00, 0x00, 0x1e, 0xd7, 0x20, 0x00, 0x00,
    0x01, 0xaf, 0xff, 0xf5, 0x00, 0x00, 0x00, 0x00, 0x00, 0x20, 0x00, 0x00, 0x00, 0x00, 0x00, 0xcf,
    0xff, 0xa0, 0x00, 0x00, 0x00, 0x00, 0x00, 0x00, 0x00, 0x00, 0x00, 0x00, 0x06, 0xff, 0xfd, 0x00,
    0x00, 0x00, 0x00, 0x00, 0x00, 0x00, 0x00, 0x00, 0x00, 0x00, 0x3f, 0xff, 0xf0, 0x00, 0x00, 0x00,
    0x00, 0x00, 0x00, 0x00, 0x00, 0x00, 0x00, 0x02, 0xff, 0xff, 0x00, 0x00, 0x00, 0x00, 0x00, 0x00,
    0x00, 0x00, 0x00, 0x00, 0x00, 0x1f, 0xff, 0xf1, 0x00, 0x00, 0x00, 0x00, 0x00, 0x04, 0x8a, 0xde,
    0xef, 0xff, 0xff, 0xff, 0xff, 0x10, 0x00, 0x00, 0x00, 0x01, 0x8e, 0xff, 0xff, 0xff, 0xff, 0xff,
    0xff, 0xff, 0xf1, 0x00, 0x00, 0x00, 0x04, 0xef, 0xff, 0xff, 0xff, 0xff, 0xff, 0xff, 0xff, 0xff,
    0x10, 0x00, 0x00, 0x03, 0xff, 0xff, 0xff, 0xeb, 0x98, 0x87, 0x77, 0x8f, 0xff, 0xf1, 0x00, 0x00,
    0x00, 0xdf, 0xff, 0xfc, 0x40, 0x00, 0x00, 0x00, 0x02, 0xff, 0xff, 0x10, 0x00, 0x00, 0x5f, 0xff,
    0xfa, 0x00, 0x00, 0x00, 0x00, 0x00, 0x2f, 0xff, 0xf1, 0x00, 0x00, 0x09, 0xff, 0xfe, 0x10, 0x00,
    0x00, 0x00, 0x00, 0x03, 0xff, 0xff, 0x10, 0x00, 0x00, 0xbf, 0xff, 0xa0, 0x00, 0x00, 0x00, 0x00,
    0x00, 0x5f, 0xff, 0xf1, 0x00, 0x00, 0x0c, 0xff, 0xf9, 0x00, 0x00, 0x00, 0x00, 0x00, 0x0a, 0xff,
    0xff, 0x10, 0x00, 0x00, 0xbf, 0xff, 0xa0, 0x00, 0x00, 0x00, 0x00, 0x02, 0xff, 0xff, 0xf1, 0x00,
    0x00, 0x08, 0xff, 0xfe, 0x10, 0x00, 0x00, 0x00, 0x02, 0xdf, 0xff, 0xff, 0x10, 0x00, 0x00, 0x4f,
    0xff, 0xfc, 0x20, 0x00, 0x00, 0x16, 0xef, 0xff, 0xff, 0xf1, 0x00, 0x00, 0x00, 0xcf, 0xff, 0xff,
    0xb9, 0x89, 0xbe, 0xff, 0xf6, 0xbf, 0xff, 0x10, 0x00, 0x00, 0x02, 0xef, 0xff, 0xff, 0xff, 0xff,
    0xff, 0xf6, 0x08, 0xff, 0xf1, 0x00, 0x00, 0x00, 0x02, 0xcf, 0xff, 0xff, 0xff, 0xff, 0xd4, 0x00,
    0x5f, 0xff, 0x10, 0x00, 0x00, 0x00, 0x00, 0x49, 0xde, 0xfe, 0xda, 0x60, 0x00, 0x02, 0xff, 0xf1,
    0x00, 0x00, 0x00, 0x00, 0x00, 0x00, 0x00, 0x06, 0x88, 0x86, 0x00, 0x00, 0x00, 0x00, 0x00, 0x00,
    0x00, 0x00, 0x00, 0x00, 0x05, 0xff, 0xff, 0xf5, 0x00, 0x00, 0x00, 0x00, 0x00, 0x00, 0x00, 0x00,
    0x00, 0x02, 0xef, 0xff, 0xff, 0xe2, 0x00, 0x00, 0x00, 0x00, 0x00, 0x00, 0x00, 0x00, 0x01, 0xdf,
    0xff, 0xef, 0xff, 0xd1, 0x00, 0x00, 0x00, 0x00, 0x00, 0x00, 0x00, 0x00, 0xbf, 0xff, 0xa1, 0xaf,
    0xff, 0xc1, 0x00, 0x00, 0x00, 0x00, 0x00, 0x00, 0x00, 0xaf, 0xff, 0x90, 0x00, 0x9f, 0xff, 0xb0,
    0x00, 0x00, 0x00, 0x00, 0x00, 0x00, 0x9f, 0xff, 0x60, 0x00, 0x00, 0x7f, 0xff, 0xa0, 0x00, 0x00,
    0x00, 0x00, 0x00, 0x6f, 0xfd, 0x30, 0x00, 0x00, 0x00, 0x3c, 0xff, 0x80, 0x00, 0x00, 0x00, 0x00,
    0x00, 0x00, 0x00, 0x00, 0x00, 0x00, 0x00, 0x00, 0x00, 0x00, 0x00, 0x00, 0x00, 0x00, 0x00, 0x00,
    0x00, 0x00, 0x00, 0x00, 0x00, 0x00, 0x00, 0x00, 0x00, 0x00, 0x00, 0x00, 0x00, 0x00, 0x00, 0x00,
    0x00, 0x00, 0x00, 0x00, 0x00, 0x00, 0x00, 0x00, 0x00, 0x00, 0x02, 0x6a, 0xce, 0xfe, 0xec, 0x94,
    0x00, 0x00, 0x00, 0x00, 0x00, 0x00, 0x01, 0x6c, 0xff, 0xff, 0xff, 0xff, 0xff, 0xfc, 0x20, 0x00,
    0x00, 0x00, 0x00, 0x00, 0xbf, 0xff, 0xff, 0xff, 0xff, 0xff, 0xff, 0xfe, 0x30, 0x00, 0x00, 0x00,
    0x00, 0x06, 0xff, 0xff, 0xda, 0x88, 0x8b, 0xef, 0xff, 0xfd, 0x00, 0x00, 0x00, 0x00, 0x00, 0x1e,
    0xd7, 0x20, 0x00, 0x00, 0x01, 0xaf, 0xff, 0xf5, 0x00, 0x00, 0x00, 0x00, 0x00, 0x20, 0x00, 0x00,
    0x00, 0x00, 0x00, 0xcf, 0xff, 0xa0, 0x00, 0x00, 0x00, 0x00, 0x00, 0x00, 0x00, 0x00, 0x00, 0x00,
    0x06, 0xff, 0xfd, 0x00, 0x00, 0x00, 0x00, 0x00, 0x00, 0x00, 0x00, 0x00, 0x00, 0x00, 0x3f, 0xff,
    0xf0, 0x00, 0x00, 0x00, 0x00, 0x00, 0x00, 0x00, 0x00, 0x00, 0x00, 0x02, 0xff, 0xff, 0x00, 0x00,
    0x00, 0x00, 0x00, 0x00, 0x00, 0x00, 0x00, 0x00, 0x00, 0x1f, 0xff, 0xf1, 0x00, 0x00, 0x00, 0x00,
    0x00, 0x04, 0x8a, 0xde, 0xef, 0xff, 0xff, 0xff, 0xff, 0x10, 0x00, 0x00, 0x00, 0x01, 0x8e, 0xff,
    0xff, 0xff, 0xff, 0xff, 0xff, 0xff, 0xf1, 0x00, 0x00, 0x00, 0x04, 0xef, 0xff, 0xff, 0xff, 0xff,
    0xff, 0xff, 0xff, 0xff, 0x10, 0x00, 0x00, 0x03, 0xff, 0xff, 0xff, 0xeb, 0x98, 0x87, 0x77, 0x8f,
    0xff, 0xf1, 0x00, 0x00, 0x00, 0xdf, 0xff, 0xfc, 0x40, 0x00, 0x00, 0x00, 0x02, 0xff, 0xff, 0x10,
    0x00, 0x00, 0x5f, 0xff, 0xfa, 0x00, 0x00, 0x00, 0x00, 0x00, 0x2f, 0xff, 0xf1, 0x00, 0x00, 0x09,
    0xff, 0xfe, 0x10, 0x00, 0x00, 0x00, 0x00, 0x03, 0xff, 0xff, 0x10, 0x00, 0x00, 0xbf, 0xff, 0xa0,
    0x00, 0x00, 0x00, 0x00, 0x00, 0x5f, 0xff, 0xf1, 0x00, 0x00, 0x0c, 0xff, 0xf9, 0x00, 0x00, 0x00,
    0x00, 0x00, 0x0a, 0xff, 0xff, 0x10, 0x00, 0x00, 0xbf, 0xff, 0xa0, 0x00, 0x00, 0x00, 0x00, 0x02,
    0xff, 0xff, 0xf1, 0x00, 0x00, 0x08, 0xff, 0xfe, 0x10, 0x00, 0x00, 0x00, 0x02, 0xdf, 0xff, 0xff,
    0x10, 0x00, 0x00, 0x4f, 0xff, 0xfc, 0x20, 0x00, 0x00, 0x16, 0xef, 0xff, 0xff, 0xf1, 0x00, 0x00,
    0x00, 0xcf, 0xff, 0xff, 0xb9, 0x89, 0xbe, 0xff, 0xf6, 0xbf, 0xff, 0x10, 0x00, 0x00, 0x02, 0xef,
    0xff, 0xff, 0xff, 0xff, 0xff, 0xf6, 0x08, 0xff, 0xf1, 0x00, 0x00, 0x00, 0x02, 0xcf, 0xff, 0xff,
    0xff, 0xff, 0xd4, 0x00, 0x5f, 0xff, 0x10, 0x00, 0x00, 0x00, 0x00, 0x49, 0xde, 0xfe, 0xda, 0x60,
    0x00, 0x02, 0xff, 0xf1, 0x00, 0x00, 0x00, 0x00, 0x00, 0x05, 0xce, 0xeb, 0x60, 0x00, 0x00, 0x05,
    0xff, 0x30, 0x00, 0x00, 0x00, 0x00, 0x08, 0xff, 0xff, 0xff, 0xd6, 0x00, 0x00, 0xcf, 0xe0, 0x00,
    0x00, 0x00, 0x00, 0x04, 0xff, 0xff, 0xff, 0xff, 0xfd, 0x98, 0xcf, 0xfa, 0x00, 0x00, 0x00, 0x00,
    0x00, 0xbf, 0xfc, 0x89, 0xef, 0xff, 0xff, 0xff, 0xff, 0x30, 0x00, 0x00, 0x00, 0x00, 0x1f, 0xfb,
    0x00, 0x00, 0x6d, 0xff, 0xff, 0xff, 0x70, 0x00, 0x00, 0x00, 0x00, 0x04, 0xff, 0x40, 0x00, 0x00,
    0x06, 0xbe, 0xec, 0x50, 0x00, 0x00, 0x00, 0x00, 0x00, 0x00, 0x00, 0x00, 0x00, 0x00, 0x00, 0x00,
    0x00, 0x00, 0x00, 0x00, 0x00, 0x00, 0x00, 0x00, 0x00, 0x00, 0x00, 0x00, 0x00, 0x00, 0x00, 0x00,
    0x00, 0x00, 0x00, 0x00, 0x00, 0x00, 0x00, 0x00, 0x00, 0x00, 0x00, 0x00, 0x00, 0x00, 0x00, 0x00,
    0x00, 0x00, 0x00, 0x02, 0x6a, 0xce, 0xfe, 0xec, 0x94, 0x00, 0x00, 0x00, 0x00, 0x00, 0x00, 0x01,
    0x6c, 0xff, 0xff, 0xff, 0xff, 0xff, 0xfc, 0x20, 0x00, 0x00, 0x00, 0x00, 0x00, 0xbf, 0xff, 0xff,
    0xff, 0xff, 0xff, 0xff, 0xfe, 0x30, 0x00, 0x00, 0x00, 0x00, 0x06, 0xff, 0xff, 0xda, 0x88, 0x8b,
    0xef, 0xff, 0xfd, 0x00, 0x00, 0x00, 0x00, 0x00, 0x1e, 0xd7, 0x20, 0x00, 0x00, 0x01, 0xaf, 0xff,
    0xf5, 0x00, 0x00, 0x00, 0x00, 0x00, 0x20, 0x00, 0x00, 0x00, 0x00, 0x00, 0xcf, 0xff, 0xa0, 0x00,
    0x00, 0x00, 0x00, 0x00, 0x00, 0x00, 0x00, 0x00, 0x00, 0x06, 0xff, 0xfd, 0x00, 0x00, 0x00, 0x00,
    0x00, 0x00, 0x00, 0x00, 0x00, 0x00, 0x00, 0x3f, 0xff, 0xf0, 0x00, 0x00, 0x00, 0x00, 0x00, 0x00,
    0x00, 0x00, 0x00, 0x00, 0x02, 0xff, 0xff, 0x00, 0x00, 0x00, 0x00, 0x00, 0x00, 0x00, 0x00, 0x00,
    0x00, 0x00, 0x1f, 0xff, 0xf1, 0x00, 0x00, 0x00, 0x00, 0x00, 0x04, 0x8a, 0xde, 0xef, 0xff, 0xff,
    0xff, 0xff, 0x10, 0x00, 0x00, 0x00, 0x01, 0x8e, 0xff, 0xff, 0xff, 0xff, 0xff, 0xff, 0xff, 0xf1,
    0x00, 0x00, 0x00, 0x04, 0xef, 0xff, 0xff, 0xff, 0xff, 0xff, 0xff, 0xff, 0xff, 0x10, 0x00, 0x00,
    0x03, 0xff, 0xff, 0xff, 0xeb, 0x98, 0x87, 0x77, 0x8f, 0xff, 0xf1, 0x00, 0x00, 0x00, 0xdf, 0xff,
    0xfc, 0x40, 0x00, 0x00, 0x00, 0x02, 0xff, 0xff, 0x10, 0x00, 0x00, 0x5f, 0xff, 0xfa, 0x00, 0x00,
    0x00, 0x00, 0x00, 0x2f, 0xff, 0xf1, 0x00, 0x00, 0x09, 0xff, 0xfe, 0x10, 0x00, 0x00, 0x00, 0x00,
    0x03, 0xff, 0xff, 0x10, 0x00, 0x00, 0xbf, 0xff, 0xa0, 0x00, 0x00, 0x00, 0x00, 0x00, 0x5f, 0xff,
    0xf1, 0x00, 0x00, 0x0c, 0xff, 0xf9, 0x00, 0x00, 0x00, 0x00, 0x00, 0x0a, 0xff, 0xff, 0x10, 0x00,
    0x00, 0xbf, 0xff, 0xa0, 0x00, 0x00, 0x00, 0x00, 0x02, 0xff, 0xff, 0xf1, 0x00, 0x00, 0x08, 0xff,
    0xfe, 0x10, 0x00, 0x00, 0x00, 0x02, 0xdf, 0xff, 0xff, 0x10, 0x00, 0x00, 0x4f, 0xff, 0xfc, 0x20,
    0x00, 0x00, 0x16, 0xef, 0xff, 0xff, 0xf1, 0x00, 0x00, 0x00, 0xcf, 0xff, 0xff, 0xb9, 0x89, 0xbe,
    0xff, 0xf6, 0xbf, 0xff, 0x10, 0x00, 0x00, 0x02, 0xef, 0xff, 0xff, 0xff, 0xff, 0xff, 0xf6, 0x08,
    0xff, 0xf1, 0x00, 0x00, 0x00, 0x02, 0xcf, 0xff, 0xff, 0xff, 0xff, 0xd4, 0x00, 0x5f, 0xff, 0x10,
    0x00, 0x00, 0x00, 0x00, 0x49, 0xde, 0xfe, 0xda, 0x60, 0x00, 0x02, 0xff, 0xf1, 0x00, 0x00, 0x00,
    0x00, 0x00, 0x06, 0xee, 0x60, 0x00, 0x00, 0x7e, 0xd5, 0x00, 0x00, 0x00, 0x00, 0x00, 0x00, 0x02,
    0xff, 0xff, 0x10, 0x00, 0x2f, 0xff, 0xf1, 0x00, 0x00, 0x00, 0x00, 0x00, 0x00, 0x4f, 0xff, 0xf3,
    0x00, 0x03, 0xff, 0xff, 0x20, 0x00, 0x00, 0x00, 0x00, 0x00, 0x02, 0xff, 0xfe, 0x10, 0x00, 0x1f,
    0xff, 0xe1, 0x00, 0x00, 0x00, 0x00, 0x00, 0x00, 0x06, 0xed, 0x50, 0x00, 0x00, 0x6e, 0xd5, 0x00,
    0x00, 0x00, 0x00, 0x00, 0x00, 0x00, 0x00, 0x00, 0x00, 0x00, 0x00, 0x00, 0x00, 0x00, 0x00, 0x00,
    0x00, 0x00, 0x00, 0x00, 0x00, 0x00, 0x00, 0x00, 0x00, 0x00, 0x00, 0x00, 0x00, 0x00, 0x00, 0x00,
    0x00, 0x00, 0x00, 0x00, 0x00, 0x00, 0x00, 0x00, 0x00, 0x00, 0x00, 0x00, 0x00, 0x00, 0x00, 0x00,
    0x00, 0x00, 0x00, 0x00, 0x00, 0x00, 0x00, 0x00, 0x00, 0x00, 0x00, 0x00, 0x02, 0x6a, 0xce, 0xfe,
    0xec, 0x94, 0x00, 0x00, 0x00, 0x00, 0x00, 0x00, 0x01, 0x6c, 0xff, 0xff, 0xff, 0xff, 0xff, 0xfc,
    0x20, 0x00, 0x00, 0x00, 0x00, 0x00, 0xbf, 0xff, 0xff, 0xff, 0xff, 0xff, 0xff, 0xfe, 0x30, 0x00,
    0x00, 0x00, 0x00, 0x06, 0xff, 0xff, 0xda, 0x88, 0x8b, 0xef, 0xff, 0xfd, 0x00, 0x00, 0x00, 0x00,
    0x00, 0x1e, 0xd7, 0x20, 0x00, 0x00, 0x01, 0xaf, 0xff, 0xf5, 0x00, 0x00, 0x00, 0x00, 0x00, 0x20,
    0x00, 0x00, 0x00, 0x00, 0x00, 0xcf, 0xff, 0xa0, 0x00, 0x00, 0x00, 0x00, 0x00, 0x00, 0x00, 0x00,
    0x00, 0x00, 0x06, 0xff, 0xfd, 0x00, 0x00, 0x00, 0x00, 0x00, 0x00, 0x00, 0x00, 0x00, 0x00, 0x00,
    0x3f, 0xff, 0xf0, 0x00, 0x00, 0x00, 0x00, 0x00, 0x00, 0x00, 0x00, 0x00, 0x00, 0x02, 0xff, 0xff,
    0x00, 0x00, 0x00, 0x00, 0x00, 0x00, 0x00, 0x00, 0x00, 0x00, 0x00, 0x1f, 0xff, 0xf1, 0x00, 0x00,
    0x00, 0x00, 0x00, 0x04, 0x8a, 0xde, 0xef, 0xff, 0xff, 0xff, 0xff, 0x10, 0x00, 0x00, 0x00, 0x01,
    0x8e, 0xff, 0xff, 0xff, 0xff, 0xff, 0xff, 0xff, 0xf1, 0x00, 0x00, 0x00, 0x04, 0xef, 0xff, 0xff,
    0xff, 0xff, 0xff, 0xff, 0xff, 0xff, 0x10, 0x00, 0x00, 0x03, 0xff, 0xff, 0xff, 0xeb, 0x98, 0x87,
    0x77, 0x8f, 0xff, 0xf1, 0x00, 0x00, 0x00, 0xdf, 0xff, 0xfc, 0x40, 0x00, 0x00, 0x00, 0x02, 0xff,
    0xff, 0x10, 0x00, 0x00, 0x5f, 0xff, 0xfa, 0x00, 0x00, 0x00, 0x00, 0x00, 0x2f, 0xff, 0xf1, 0x00,
    0x00, 0x09, 0xff, 0xfe, 0x10, 0x00, 0x00, 0x00, 0x00, 0x03, 0xff, 0xff, 0x10, 0x00, 0x00, 0xbf,
    0xff, 0xa0, 0x00, 0x00, 0x00, 0x00, 0x00, 0x5f, 0xff, 0xf1, 0x00, 0x00, 0x0c, 0xff, 0xf9, 0x00,
    0x00, 0x00, 0x00, 0x00, 0x0a, 0xff, 0xff, 0x10, 0x00, 0x00, 0xbf, 0xff, 0xa0, 0x00, 0x00, 0x00,
    0x00, 0x02, 0xff, 0xff, 0xf1, 0x00, 0x00, 0x08, 0xff, 0xfe, 0x10, 0x00, 0x00, 0x00, 0x02, 0xdf,
    0xff, 0xff, 0x10, 0x00, 0x00, 0x4f, 0xff, 0xfc, 0x20, 0x00, 0x00, 0x16, 0xef, 0xff, 0xff, 0xf1,
    0x00, 0x00, 0x00, 0xcf, 0xff, 0xff, 0xb9, 0x89, 0xbe, 0xff, 0xf6, 0xbf, 0xff, 0x10, 0x00, 0x00,
    0x02, 0xef, 0xff, 0xff, 0xff, 0xff, 0xff, 0xf6, 0x08, 0xff, 0xf1, 0x00, 0x00, 0x00, 0x02, 0xcf,
    0xff, 0xff, 0xff, 0xff, 0xd4, 0x00, 0x5f, 0xff, 0x10, 0x00, 0x00, 0x00, 0x00, 0x49, 0xde, 0xfe,
    0xda, 0x60, 0x00, 0x02, 0xff, 0xf1, 0x00, 0x00, 0x00, 0x00, 0x00, 0x00, 0x00, 0x3a, 0xef, 0xea,
    0x40, 0x00, 0x00, 0x00, 0x00, 0x00, 0x00, 0x00, 0x00, 0x00, 0x6f, 0xff, 0xff, 0xff, 0x70, 0x00,
    0x00, 0x00, 0x00, 0x00, 0x00, 0x00, 0x00, 0x2f, 0xfe, 0x63, 0x6d, 0xff, 0x40, 0x00, 0x00, 0x00,
    0x00, 0x00, 0x00, 0x00, 0x07, 0xff, 0x40, 0x00, 0x3f, 0xfa, 0x00, 0x00, 0x00, 0x00, 0x00, 0x00,
    0x00, 0x00, 0xaf, 0xe0, 0x00, 0x00, 0xdf, 0xd0, 0x00, 0x00, 0x00, 0x00, 0x00, 0x00, 0x00, 0x0a,
    0xfe, 0x00, 0x00, 0x0d, 0xfc, 0x00, 0x00, 0x00, 0x00, 0x00, 0x00, 0x00, 0x00, 0x7f, 0xf3, 0x00,
    0x03, 0xff, 0xa0, 0x00, 0x00, 0x00, 0x00, 0x00, 0x00, 0x00, 0x02, 0xff, 0xd6, 0x35, 0xdf, 0xf4,
    0x00, 0x00, 0x00, 0x00, 0x00, 0x00, 0x00, 0x00, 0x06, 0xff, 0xff, 0xff, 0xf7, 0x00, 0x00, 0x00,
    0x00, 0x00, 0x00, 0x00, 0x00, 0x00, 0x03, 0xae, 0xfe, 0xa4, 0x00, 0x00, 0x00, 0x00, 0x00, 0x00,
    0x00, 0x00, 0x00, 0x00, 0x00, 0x00, 0x00, 0x00, 0x00, 0x00, 0x00, 0x00, 0x00, 0x00, 0x00, 0x00,
    0x00, 0x00, 0x00, 0x00, 0x00, 0x00, 0x00, 0x00, 0x00, 0x00, 0x00, 0x00, 0x00, 0x00, 0x00, 0x00,
    0x00, 0x00, 0x00, 0x00, 0x00, 0x00, 0x00, 0x00, 0x00, 0x00, 0x00, 0x02, 0x6a, 0xce, 0xfe, 0xec,
    0x94, 0x00, 0x00, 0x00, 0x00, 0x00, 0x00, 0x01, 0x6c, 0xff, 0xff, 0xff, 0xff, 0xff, 0xfc, 0x20,
    0x00, 0x00, 0x00, 0x00, 0x00, 0xbf, 0xff, 0xff, 0xff, 0xff, 0xff, 0xff, 0xfe, 0x30, 0x00, 0x00,
    0x00, 0x00, 0x06, 0xff, 0xff, 0xda, 0x88, 0x8b, 0xef, 0xff, 0xfd, 0x00, 0x00, 0x00, 0x00, 0x00,
    0x1e, 0xd7, 0x20, 0x00, 0x00, 0x01, 0xaf, 0xff, 0xf5, 0x00, 0x00, 0x00, 0x00, 0x00, 0x20, 0x00,
    0x00, 0x00, 0x00, 0x00, 0xcf, 0xff, 0xa0, 0x00, 0x00, 0x00, 0x00, 0x00, 0x00, 0x00, 0x00, 0x00,
    0x00, 0x06, 0xff, 0xfd, 0x00, 0x00, 0x00, 0x00, 0x00, 0x00, 0x00, 0x00, 0x00, 0x00, 0x00, 0x3f,
    0xff, 0xf0, 0x00, 0x00, 0x00, 0x00, 0x00, 0x00, 0x00, 0x00, 0x00, 0x00, 0x02, 0xff, 0xff, 0x00,
    0x00, 0x00, 0x00, 0x00, 0x00, 0x00, 0x00, 0x00, 0x00, 0x00, 0x1f, 0xff, 0xf1, 0x00, 0x00, 0x00,
    0x00, 0x00, 0x04, 0x8a, 0xde, 0xef, 0xff, 0xff, 0xff, 0xff, 0x10, 0x00, 0x00, 0x00, 0x01, 0x8e,
    0xff, 0xff, 0xff, 0xff, 0xff, 0xff, 0xff, 0xf1, 0x00, 0x00, 0x00, 0x04, 0xef, 0xff, 0xff, 0xff,
    0xff, 0xff, 0xff, 0xff, 0xff, 0x10, 0x00, 0x00, 0x03, 0xff, 0xff, 0xff, 0xeb, 0x98, 0x87, 0x77,
    0x8f, 0xff, 0xf1, 0x00, 0x00, 0x00, 0xdf, 0xff, 0xfc, 0x40, 0x00, 0x00, 0x00, 0x02, 0xff, 0xff,
    0x10, 0x00, 0x00, 0x5f, 0xff, 0xfa, 0x00, 0x00, 0x00, 0x00, 0x00, 0x2f, 0xff, 0xf1, 0x00, 0x00,
    0x09, 0xff, 0xfe, 0x10, 0x00, 0x00, 0x00, 0x00, 0x03, 0xff, 0xff, 0x10, 0x00, 0x00, 0xbf, 0xff,
    0xa0, 0x00, 0x00, 0x00, 0x00, 0x00, 0x5f, 0xff, 0xf1, 0x00, 0x00, 0x0c, 0xff, 0xf9, 0x00, 0x00,
    0x00, 0x00, 0x00, 0x0a, 0xff, 0xff, 0x10, 0x00, 0x00, 0xbf, 0xff, 0xa0, 0x00, 0x00, 0x00, 0x00,
    0x02, 0xff, 0xff, 0xf1, 0x00, 0x00, 0x08, 0xff, 0xfe, 0x10, 0x00, 0x00, 0x00, 0x02, 0xdf, 0xff,
    0xff, 0x10, 0x00, 0x00, 0x4f, 0xff, 0xfc, 0x20, 0x00, 0x00, 0x16, 0xef, 0xff, 0xff, 0xf1, 0x00,
    0x00, 0x00, 0xcf, 0xff, 0xff, 0xb9, 0x89, 0xbe, 0xff, 0xf6, 0xbf, 0xff, 0x10, 0x00, 0x00, 0x02,
    0xef, 0xff, 0xff, 0xff, 0xff, 0xff, 0xf6, 0x08, 0xff, 0xf1, 0x00, 0x00, 0x00, 0x02, 0xcf, 0xff,
    0xff, 0xff, 0xff, 0xd4, 0x00, 0x5f, 0xff, 0x10, 0x00, 0x00, 0x00, 0x00, 0x49, 0xde, 0xfe, 0xda,
    0x60, 0x00, 0x02, 0xff, 0xf1, 0x00, 0x00, 0x00, 0x00, 0x00, 0x01, 0x58, 0xbd, 0xef, 0xec, 0x94,
    0x00, 0x00, 0x00, 0x16, 0xbd, 0xff, 0xdb, 0x71, 0x00, 0x00, 0x00, 0x00, 0x00, 0x00, 0x4b, 0xff,
    0xff, 0xff, 0xff, 0xff, 0xfb, 0x20, 0x00, 0x4e, 0xff, 0xff, 0xff, 0xff, 0xe7, 0x00, 0x00, 0x00,
    0x00, 0x00, 0x7f, 0xff, 0xff, 0xff, 0xff, 0xff, 0xff, 0xfd, 0x10, 0x8f, 0xff, 0xff, 0xff, 0xff,
    0xff, 0xfb, 0x10, 0x00, 0x00, 0x00, 0x02, 0xff, 0xff, 0xeb, 0x98, 0x8a, 0xef, 0xff, 0xfb, 0x6f,
    0xff, 0xfd, 0x98, 0x8a, 0xef, 0xff, 0xfa, 0x00, 0x00, 0x00, 0x00, 0x0a, 0xe9, 0x30, 0x00, 0x00,
    0x00, 0x7f, 0xff, 0xff, 0xff, 0xe6, 0x00, 0x00, 0x01, 0x9f, 0xff, 0xf6, 0x00, 0x00, 0x00, 0x00,
    0x10, 0x00, 0x00, 0x00, 0x00, 0x00, 0x7f, 0xff, 0xff, 0xf4, 0x00, 0x00, 0x00, 0x00, 0xaf, 0xff,
    0xd0, 0x00, 0x00, 0x00, 0x00, 0x00, 0x00, 0x00, 0x00, 0x00, 0x01, 0xff, 0xff, 0xf9, 0x00, 0x00,
    0x00, 0x00, 0x02, 0xff, 0xff, 0x50, 0x00, 0x00, 0x00, 0x00, 0x00, 0x00, 0x00, 0x00, 0x00, 0x0d,
    0xff, 0xff, 0x20, 0x00, 0x00, 0x00, 0x00, 0x0b, 0xff, 0xf9, 0x00, 0x00, 0x00, 0x00, 0x00, 0x00,
    0x00, 0x00, 0x00, 0x00, 0xcf, 0xff, 0xd0, 0x00, 0x00, 0x00, 0x00, 0x00, 0x8f, 0xff, 0xc0, 0x00,
    0x00, 0x00, 0x00, 0x00, 0x00, 0x00, 0x00, 0x00, 0x0c, 0xff, 0xfb, 0x00, 0x00, 0x00, 0x00, 0x00,
    0x07, 0xff, 0xfe, 0x00, 0x00, 0x00, 0x00, 0x01, 0x69, 0xbd, 0xef, 0xff, 0xff, 0xff, 0xff, 0xff,
    0xff, 0xff, 0xff, 0xff, 0xff, 0xff, 0xff, 0xf0, 0x00, 0x00, 0x00, 0x2a, 0xff, 0xff, 0xff, 0xff,
    0xff, 0xff, 0xff, 0xff, 0xff, 0xff, 0xff, 0xff, 0xff, 0xff, 0xff, 0xff, 0x00, 0x00, 0x00, 0x5f,
    0xff, 0xff, 0xff, 0xff, 0xff, 0xff, 0xff, 0xff, 0xff, 0xff, 0xff, 0xff, 0xff, 0xff, 0xff, 0xff,
    0xf0, 0x00, 0x00, 0x4f, 0xff, 0xff, 0xfd, 0xb9, 0x87, 0x77, 0x7e, 0xff, 0xfc, 0x77, 0x77, 0x77,
    0x77, 0x77, 0x77, 0x77, 0x77, 0x00, 0x00, 0x1d, 0xff, 0xff, 0xb3, 0x00, 0x00, 0x00, 0x00, 0xdf,
    0xff, 0xa0, 0x00, 0x00, 0x00, 0x00, 0x00, 0x00, 0x00, 0x00, 0x00, 0x05, 0xff, 0xff, 0x90, 0x00,
    0x00, 0x00, 0x00, 0x0d, 0xff, 0xfb, 0x00, 0x00, 0x00, 0x00, 0x00, 0x00, 0x00, 0x00, 0x00, 0x00,
    0x9f, 0xff, 0xe1, 0x00, 0x00, 0x00, 0x00, 0x00, 0xef, 0xff, 0xd0, 0x00, 0x00, 0x00, 0x00, 0x00,
    0x00, 0x00, 0x00, 0x00, 0x0b, 0xff, 0xfa, 0x00, 0x00, 0x00, 0x00, 0x00, 0x1f, 0xff, 0xff, 0x20,
    0x00, 0x00, 0x00, 0x00, 0x00, 0x00, 0x00, 0x00, 0x00, 0xcf, 0xff, 0x90, 0x00, 0x00, 0x00, 0x00,
    0x05, 0xff, 0xff, 0xf7, 0x00, 0x00, 0x00, 0x00, 0x00, 0x00, 0x00, 0x00, 0x00, 0x0b, 0xff, 0xfa,
    0x00, 0x00, 0x00, 0x00, 0x00, 0xcf, 0xff, 0xff, 0xe1, 0x00, 0x00, 0x00, 0x00, 0x00, 0x00, 0x00,
    0x00, 0x00, 0x8f, 0xff, 0xe1, 0x00, 0x00, 0x00, 0x00, 0x9f, 0xff, 0xef, 0xff, 0xb1, 0x00, 0x00,
    0x00, 0x00, 0x00, 0x01, 0x00, 0x00, 0x04, 0xff, 0xff, 0xb2, 0x00, 0x00, 0x03, 0xbf, 0xff, 0x86,
    0xff, 0xff, 0xc3, 0x00, 0x00, 0x00, 0x01, 0x5a, 0xd0, 0x00, 0x00, 0x0c, 0xff, 0xff, 0xfa, 0x88,
    0x9d, 0xff, 0xff, 0xa0, 0x09, 0xff, 0xff, 0xfd, 0x98, 0x88, 0xac, 0xff, 0xfd, 0x00, 0x00, 0x00,
    0x2e, 0xff, 0xff, 0xff, 0xff, 0xff, 0xff, 0xa0, 0x00, 0x09, 0xff, 0xff, 0xff, 0xff, 0xff, 0xff,
    0xff, 0xd0, 0x00, 0x00, 0x00, 0x2b, 0xff, 0xff, 0xff, 0xff, 0xfe, 0x60, 0x00, 0x00, 0x05, 0xdf,
    0xff, 0xff, 0xff, 0xff, 0xff, 0xd7, 0x00, 0x00, 0x00, 0x00, 0x04, 0x9d, 0xef, 0xed, 0xa6, 0x10,
    0x00, 0x00, 0x00, 0x00, 0x59, 0xce, 0xff, 0xed, 0xb7, 0x30, 0x00, 0x00, 0x00, 0x00, 0x00, 0x00,
    0x01, 0x6a, 0xce, 0xfe, 0xeb, 0x95, 0x10, 0x00, 0x00, 0x00, 0x00, 0x19, 0xff, 0xff, 0xff, 0xff,
    0xff, 0xfe, 0x40, 0x00, 0x00, 0x00, 0x4e, 0xff, 0xff, 0xff, 0xff, 0xff, 0xff, 0xe1, 0x00, 0x00,
    0x00, 0x4f, 0xff, 0xff, 0xfb, 0x98, 0x8b, 0xef, 0xfa, 0x00, 0x00, 0x00, 0x2e, 0xff, 0xff, 0x81,
    0x00, 0x00, 0x00, 0x38, 0x40, 0x00, 0x00, 0x0a, 0xff, 0xff, 0x50, 0x00, 0x00, 0x00, 0x00, 0x00,
    0x00, 0x00, 0x03, 0xff, 0xff, 0x80, 0x00, 0x00, 0x00, 0x00, 0x00, 0x00, 0x00, 0x00, 0x8f, 0xff,
    0xe1, 0x00, 0x00, 0x00, 0x00, 0x00, 0x00, 0x00, 0x00, 0x0d, 0xff, 0xf9, 0x00, 0x00, 0x00, 0x00,
    0x00, 0x00, 0x00, 0x00, 0x01, 0xff, 0xff, 0x60, 0x00, 0x00, 0x00, 0x00, 0x00, 0x00, 0x00, 0x00,
    0x3f, 0xff, 0xf3, 0x00, 0x00, 0x00, 0x00, 0x00, 0x00, 0x00, 0x00, 0x04, 0xff, 0xff, 0x10, 0x00,
    0x00, 0x00, 0x00, 0x00, 0x00, 0x00, 0x00, 0x5f, 0xff, 0xf1, 0x00, 0x00, 0x00, 0x00, 0x00, 0x00,
    0x00, 0x00, 0x05, 0xff, 0xff, 0x10, 0x00, 0x00, 0x00, 0x00, 0x00, 0x00, 0x00, 0x00, 0x5f, 0xff,
    0xf1, 0x00, 0x00, 0x00, 0x00, 0x00, 0x00, 0x00, 0x00, 0x03, 0xff, 0xff, 0x30, 0x00, 0x00, 0x00,
    0x00, 0x00, 0x00, 0x00, 0x00, 0x1f, 0xff, 0xf5, 0x00, 0x00, 0x00, 0x00, 0x00, 0x00, 0x00, 0x00,
    0x00, 0xdf, 0xff, 0x90, 0x00, 0x00, 0x00, 0x00, 0x00, 0x00, 0x00, 0x00, 0x09, 0xff, 0xfe, 0x10,
    0x00, 0x00, 0x00, 0x00, 0x00, 0x00, 0x00, 0x00, 0x4f, 0xff, 0xf8, 0x00, 0x00, 0x00, 0x00, 0x00,
    0x00, 0x00, 0x00, 0x00, 0xcf, 0xff, 0xf4, 0x00, 0x00, 0x00, 0x00, 0x00, 0x00, 0x00, 0x00, 0x03,
    0xff, 0xff, 0xf7, 0x00, 0x00, 0x00, 0x01, 0x5b, 0x00, 0x00, 0x00, 0x06, 0xff, 0xff, 0xfe, 0xa8,
    0x78, 0x9c, 0xff, 0xf0, 0x00, 0x00, 0x00, 0x06, 0xff, 0xff, 0xff, 0xff, 0xff, 0xff, 0xff, 0x00,
    0x00, 0x00, 0x00, 0x02, 0xbf, 0xff, 0xff, 0xff, 0xff, 0xff, 0xd0, 0x00, 0x00, 0x00, 0x00, 0x00,
    0x27, 0xbf, 0xff, 0xfe, 0xc9, 0x40, 0x00, 0x00, 0x00, 0x00, 0x00, 0x00, 0x00, 0xdf, 0xe0, 0x00,
    0x00, 0x00, 0x00, 0x00, 0x00, 0x00, 0x00, 0x00, 0x5f, 0xf7, 0x00, 0x00, 0x00, 0x00, 0x00, 0x00,
    0x00, 0x00, 0x00, 0x0d, 0xff, 0xc7, 0x10, 0x00, 0x00, 0x00, 0x00, 0x00, 0x00, 0x00, 0x03, 0xdf,
    0xff, 0xfd, 0x30, 0x00, 0x00, 0x00, 0x00, 0x00, 0x00, 0x00, 0x00, 0x17, 0xef, 0xfe, 0x00, 0x00,
    0x00, 0x00, 0x00, 0x00, 0x00, 0x00, 0x00, 0x04, 0xff, 0xf4, 0x00, 0x00, 0x00, 0x00, 0x00, 0x00,
    0x00, 0x00, 0x00, 0x2f, 0xff, 0x40, 0x00, 0x00, 0x00, 0x00, 0x00, 0x00, 0x00, 0x00, 0x09, 0xff,
    0xf2, 0x00, 0x00, 0x00, 0x00, 0x00, 0x00, 0x2b, 0xaa, 0xbe, 0xff, 0xfa, 0x00, 0x00, 0x00, 0x00,
    0x00, 0x00, 0x03, 0xff, 0xff, 0xff, 0xfb, 0x10, 0x00, 0x00, 0x00, 0x00, 0x00, 0x00, 0x2d, 0xff,
    0xec, 0x94, 0x00, 0x00, 0x00, 0x00, 0x00, 0x00, 0x00, 0x05, 0x88, 0x88, 0x40, 0x00, 0x00, 0x00,
    0x00, 0x00, 0x00, 0x00, 0x00, 0x00, 0x00, 0x3f, 0xff, 0xfe, 0x10, 0x00, 0x00, 0x00, 0x00, 0x00,
    0x00, 0x00, 0x00, 0x00, 0x00, 0x6f, 0xff, 0xf8, 0x00, 0x00, 0x00, 0x00, 0x00, 0x00, 0x00, 0x00,
    0x00, 0x00, 0x00, 0x8f, 0xff, 0xf3, 0x00, 0x00, 0x00, 0x00, 0x00, 0x00, 0x00, 0x00, 0x00, 0x00,
    0x00, 0x9f, 0xff, 0xc0, 0x00, 0x00, 0x00, 0x00, 0x00, 0x00, 0x00, 0x00, 0x00, 0x00, 0x00, 0x9f,
    0xff, 0x80, 0x00, 0x00, 0x00, 0x00, 0x00, 0x00, 0x00, 0x00, 0x00, 0x00, 0x00, 0x8f, 0xff, 0x40,
    0x00, 0x00, 0x00, 0x00, 0x00, 0x00, 0x00, 0x00, 0x00, 0x00, 0x00, 0x6f, 0xfe, 0x00, 0x00, 0x00,
    0x00, 0x00, 0x00, 0x00, 0x00, 0x00, 0x00, 0x00, 0x00, 0x00, 0x00, 0x00, 0x00, 0x00, 0x00, 0x00,
    0x00, 0x00, 0x00, 0x00, 0x00, 0x00, 0x00, 0x00, 0x00, 0x00, 0x00, 0x00, 0x00, 0x00, 0x00, 0x00,
    0x00, 0x00, 0x00, 0x00, 0x00, 0x00, 0x00, 0x00, 0x00, 0x00, 0x00, 0x00, 0x00, 0x00, 0x00, 0x27,
    0xbd, 0xff, 0xeb, 0x83, 0x00, 0x00, 0x00, 0x00, 0x00, 0x00, 0x00, 0x01, 0xaf, 0xff, 0xff, 0xff,
    0xff, 0xfb, 0x20, 0x00, 0x00, 0x00, 0x00, 0x00, 0x04, 0xef, 0xff, 0xff, 0xff, 0xff, 0xff, 0xfe,
    0x40, 0x00, 0x00, 0x00, 0x00, 0x03, 0xef, 0xff, 0xfd, 0x98, 0x89, 0xdf, 0xff, 0xff, 0x30, 0x00,
    0x00, 0x00, 0x01, 0xdf, 0xff, 0xd4, 0x00, 0x00, 0x00, 0x5e, 0xff, 0xfd, 0x00, 0x00, 0x00, 0x00,
    0x9f, 0xff, 0xd1, 0x00, 0x00, 0x00, 0x00, 0x3f, 0xff, 0xf7, 0x00, 0x00, 0x00, 0x2f, 0xff, 0xf3,
    0x00, 0x00, 0x00, 0x00, 0x00, 0x9f, 0xff, 0xd0, 0x00, 0x00, 0x07, 0xff, 0xfb, 0x00, 0x00, 0x00,
    0x00, 0x00, 0x03, 0xff, 0xff, 0x30, 0x00, 0x00, 0xcf, 0xff, 0x60, 0x00, 0x00, 0x00, 0x00, 0x00,
    0x0e, 0xff, 0xf6, 0x00, 0x00, 0x0f, 0xff, 0xf3, 0x00, 0x00, 0x00, 0x00, 0x00, 0x00, 0xdf, 0xff,
    0x80, 0x00, 0x03, 0xff, 0xff, 0xff, 0xff, 0xff, 0xff, 0xff, 0xff, 0xff, 0xff, 0xf9, 0x00, 0x00,
    0x4f, 0xff, 0xff, 0xff, 0xff, 0xff, 0xff, 0xff, 0xff, 0xff, 0xff, 0x90, 0x00, 0x05, 0xff, 0xff,
    0xff, 0xff, 0xff, 0xff, 0xff, 0xff, 0xff, 0xff, 0xf9, 0x00, 0x00, 0x5f, 0xff, 0xf8, 0x77, 0x77,
    0x77, 0x77, 0x77, 0x77, 0x77, 0x77, 0x50, 0x00, 0x04, 0xff, 0xff, 0x10, 0x00, 0x00, 0x00, 0x00,
    0x00, 0x00, 0x00, 0x00, 0x00, 0x00, 0x3f, 0xff, 0xf3, 0x00, 0x00, 0x00, 0x00, 0x00, 0x00, 0x00,
    0x00, 0x00, 0x00, 0x01, 0xff, 0xff, 0x60, 0x00, 0x00, 0x00, 0x00, 0x00, 0x00, 0x00, 0x00, 0x00,
    0x00, 0x0c, 0xff, 0xfa, 0x00, 0x00, 0x00, 0x00, 0x00, 0x00, 0x00, 0x00, 0x00, 0x00, 0x00, 0x8f,
    0xff, 0xf2, 0x00, 0x00, 0x00, 0x00, 0x00, 0x00, 0x00, 0x00, 0x00, 0x00, 0x02, 0xff, 0xff, 0xb0,
    0x00, 0x00, 0x00, 0x00, 0x00, 0x00, 0x00, 0x00, 0x00, 0x00, 0x09, 0xff, 0xff, 0x80, 0x00, 0x00,
    0x00, 0x00, 0x00, 0x00, 0x10, 0x00, 0x00, 0x00, 0x1d, 0xff, 0xff, 0xb3, 0x00, 0x00, 0x00, 0x00,
    0x38, 0xd7, 0x00, 0x00, 0x00, 0x00, 0x3e, 0xff, 0xff, 0xfd, 0x98, 0x78, 0x9b, 0xef, 0xff, 0x70,
    0x00, 0x00, 0x00, 0x00, 0x2d, 0xff, 0xff, 0xff, 0xff, 0xff, 0xff, 0xff, 0xf7, 0x00, 0x00, 0x00,
    0x00, 0x00, 0x07, 0xef, 0xff, 0xff, 0xff, 0xff, 0xff, 0xfb, 0x30, 0x00, 0x00, 0x00, 0x00, 0x00,
    0x01, 0x59, 0xce, 0xff, 0xed, 0xb9, 0x61, 0x00, 0x00, 0x00, 0x00, 0x00, 0x00, 0x00, 0x00, 0x00,
    0x00, 0x06, 0x88, 0x88, 0x30, 0x00, 0x00, 0x00, 0x00, 0x00, 0x00, 0x00, 0x00, 0x00, 0x03, 0xff,
    0xff, 0xe2, 0x00, 0x00, 0x00, 0x00, 0x00, 0x00, 0x00, 0x00, 0x00, 0x00, 0xcf, 0xff, 0xf4, 0x00,
    0x00, 0x00, 0x00, 0x00, 0x00, 0x00, 0x00, 0x00, 0x00, 0x7f, 0xff, 0xf5, 0x00, 0x00, 0x00, 0x00,
    0x00, 0x00, 0x00, 0x00, 0x00, 0x00, 0x2e, 0xff, 0xf6, 0x00, 0x00, 0x00, 0x00, 0x00, 0x00, 0x00,
    0x00, 0x00, 0x00, 0x0b, 0xff, 0xf6, 0x00, 0x00, 0x00, 0x00, 0x00, 0x00, 0x00, 0x00, 0x00, 0x00,
    0x07, 0xff, 0xf6, 0x00, 0x00, 0x00, 0x00, 0x00, 0x00, 0x00, 0x00, 0x00, 0x00, 0x02, 0xff, 0xe4,
    0x00, 0x00, 0x00, 0x00, 0x00, 0x00, 0x00, 0x00, 0x00, 0x00, 0x00, 0x00, 0x00, 0x00, 0x00, 0x00,
    0x00, 0x00, 0x00, 0x00, 0x00, 0x00, 0x00, 0x00, 0x00, 0x00, 0x00, 0x00, 0x00, 0x00, 0x00, 0x00,
    0x00, 0x00, 0x00, 0x00, 0x00, 0x00, 0x00, 0x00, 0x00, 0x00, 0x00, 0x00, 0x00, 0x00, 0x00, 0x00,
    0x00, 0x00, 0x00, 0x27, 0xbd, 0xff, 0xeb, 0x83, 0x00, 0x00, 0x00, 0x00, 0x00, 0x00, 0x00, 0x01,
    0xaf, 0xff, 0xff, 0xff, 0xff, 0xfb, 0x20, 0x00, 0x00, 0x00, 0x00, 0x00, 0x04, 0xef, 0xff, 0xff,
    0xff, 0xff, 0xff, 0xfe, 0x40, 0x00, 0x00, 0x00, 0x00, 0x03, 0xef, 0xff, 0xfd, 0x98, 0x89, 0xdf,
    0xff, 0xff, 0x30, 0x00, 0x00, 0x00, 0x01, 0xdf, 0xff, 0xd4, 0x00, 0x00, 0x00, 0x5e, 0xff, 0xfd,
    0x00, 0x00, 0x00, 0x00, 0x9f, 0xff, 0xd1, 0x00, 0x00, 0x00, 0x00, 0x3f, 0xff, 0xf7, 0x00, 0x00,
    0x00, 0x2f, 0xff, 0xf3, 0x00, 0x00, 0x00, 0x00, 0x00, 0x9f, 0xff, 0xd0, 0x00, 0x00, 0x07, 0xff,
    0xfb, 0x00, 0x00, 0x00, 0x00, 0x00, 0x03, 0xff, 0xff, 0x30, 0x00, 0x00, 0xcf, 0xff, 0x60, 0x00,
    0x00, 0x00, 0x00, 0x00, 0x0e, 0xff, 0xf6, 0x00, 0x00, 0x0f, 0xff, 0xf3, 0x00, 0x00, 0x00, 0x00,
    0x00, 0x00, 0xdf, 0xff, 0x80, 0x00, 0x03, 0xff, 0xff, 0xff, 0xff, 0xff, 0xff, 0xff, 0xff, 0xff,
    0xff, 0xf9, 0x00, 0x00, 0x4f, 0xff, 0xff, 0xff, 0xff, 0xff, 0xff, 0xff, 0xff, 0xff, 0xff, 0x90,
    0x00, 0x05, 0xff, 0xff, 0xff, 0xff, 0xff, 0xff, 0xff, 0xff, 0xff, 0xff, 0xf9, 0x00, 0x00, 0x5f,
    0xff, 0xf8, 0x77, 0x77, 0x77, 0x77, 0x77, 0x77, 0x77, 0x77, 0x50, 0x00, 0x04, 0xff, 0xff, 0x10,
    0x00, 0x00, 0x00, 0x00, 0x00, 0x00, 0x00, 0x00, 0x00, 0x00, 0x3f, 0xff, 0xf3, 0x00, 0x00, 0x00,
    0x00, 0x00, 0x00, 0x00, 0x00, 0x00, 0x00, 0x01, 0xff, 0xff, 0x60, 0x00, 0x00, 0x00, 0x00, 0x00,
    0x00, 0x00, 0x00, 0x00, 0x00, 0x0c, 0xff, 0xfa, 0x00, 0x00, 0x00, 0x00, 0x00, 0x00, 0x00, 0x00,
    0x00, 0x00, 0x00, 0x8f, 0xff, 0xf2, 0x00, 0x00, 0x00, 0x00, 0x00, 0x00, 0x00, 0x00, 0x00, 0x00,
    0x02, 0xff, 0xff, 0xb0, 0x00, 0x00, 0x00, 0x00, 0x00, 0x00, 0x00, 0x00, 0x00, 0x00, 0x09, 0xff,
    0xff, 0x80, 0x00, 0x00, 0x00, 0x00, 0x00, 0x00, 0x10, 0x00, 0x00, 0x00, 0x1d, 0xff, 0xff, 0xb3,
    0x00, 0x00, 0x00, 0x00, 0x38, 0xd7, 0x00, 0x00, 0x00, 0x00, 0x3e, 0xff, 0xff, 0xfd, 0x98, 0x78,
    0x9b, 0xef, 0xff, 0x70, 0x00, 0x00, 0x00, 0x00, 0x2d, 0xff, 0xff, 0xff, 0xff, 0xff, 0xff, 0xff,
    0xf7, 0x00, 0x00, 0x00, 0x00, 0x00, 0x07, 0xef, 0xff, 0xff, 0xff, 0xff, 0xff, 0xfb, 0x30, 0x00,
    0x00, 0x00, 0x00, 0x00, 0x01, 0x59, 0xce, 0xff, 0xed, 0xb9, 0x61, 0x00, 0x00, 0x00, 0x00, 0x00,
    0x00, 0x00, 0x00, 0x04, 0x88, 0x87, 0x00, 0x00, 0x00, 0x00, 0x00, 0x00, 0x00, 0x00, 0x00, 0x00,
    0x02, 0xef, 0xff, 0xf8, 0x00, 0x00, 0x00, 0x00, 0x00, 0x00, 0x00, 0x00, 0x00, 0x01, 0xcf, 0xff,
    0xff, 0xf4, 0x00, 0x00, 0x00, 0x00, 0x00, 0x00, 0x00, 0x00, 0x00, 0xaf, 0xff, 0xef, 0xff, 0xe3,
    0x00, 0x00, 0x00, 0x00, 0x00, 0x00, 0x00, 0x00, 0x8f, 0xff, 0xc1, 0x8f, 0xff, 0xe2, 0x00, 0x00,
    0x00, 0x00, 0x00, 0x00, 0x00, 0x7f, 0xff, 0xb1, 0x00, 0x6f, 0xff, 0xd1, 0x00, 0x00, 0x00, 0x00,
    0x00, 0x00, 0x6f, 0xff, 0x90, 0x00, 0x00, 0x4e, 0xff, 0xc1, 0x00, 0x00, 0x00, 0x00, 0x00, 0x3f,
    0xfe, 0x50, 0x00, 0x00, 0x00, 0x2b, 0xff, 0xb0, 0x00, 0x00, 0x00, 0x00, 0x00, 0x00, 0x00, 0x00,
    0x00, 0x00, 0x00, 0x00, 0x00, 0x00, 0x00, 0x00, 0x00, 0x00, 0x00, 0x00, 0x00, 0x00, 0x00, 0x00,
    0x00, 0x00, 0x00, 0x00, 0x00, 0x00, 0x00, 0x00, 0x00, 0x00, 0x00, 0x00, 0x00, 0x00, 0x00, 0x00,
    0x00, 0x00, 0x00, 0x00, 0x00, 0x00, 0x00, 0x27, 0xbd, 0xff, 0xeb, 0x83, 0x00, 0x00, 0x00, 0x00,
    0x00, 0x00, 0x00, 0x01, 0xaf, 0xff, 0xff, 0xff, 0xff, 0xfb, 0x20, 0x00, 0x00, 0x00, 0x00, 0x00,
    0x04, 0xef, 0xff, 0xff, 0xff, 0xff, 0xff, 0xfe, 0x40, 0x00, 0x00, 0x00, 0x00, 0x03, 0xef, 0xff,
    0xfd, 0x98, 0x89, 0xdf, 0xff, 0xff, 0x30, 0x00, 0x00, 0x00, 0x01, 0xdf, 0xff, 0xd4, 0x00, 0x00,
    0x00, 0x5e, 0xff, 0xfd, 0x00, 0x00, 0x00, 0x00, 0x9f, 0xff, 0xd1, 0x00, 0x00, 0x00, 0x00, 0x3f,
    0xff, 0xf7, 0x00, 0x00, 0x00, 0x2f, 0xff, 0xf3, 0x00, 0x00, 0x00, 0x00, 0x00, 0x9f, 0xff, 0xd0,
    0x00, 0x00, 0x07, 0xff, 0xfb, 0x00, 0x00, 0x00, 0x00, 0x00, 0x03, 0xff, 0xff, 0x30, 0x00, 0x00,
    0xcf, 0xff, 0x60, 0x00, 0x00, 0x00, 0x00, 0x00, 0x0e, 0xff, 0xf6, 0x00, 0x00, 0x0f, 0xff, 0xf3,
    0x00, 0x00, 0x00, 0x00, 0x00, 0x00, 0xdf, 0xff, 0x80, 0x00, 0x03, 0xff, 0xff, 0xff, 0xff, 0xff,
    0xff, 0xff, 0xff, 0xff, 0xff, 0xf9, 0x00, 0x00, 0x4f, 0xff, 0xff, 0xff, 0xff, 0xff, 0xff, 0xff,
    0xff, 0xff, 0xff, 0x90, 0x00, 0x05, 0xff, 0xff, 0xff, 0xff, 0xff, 0xff, 0xff, 0xff, 0xff, 0xff,
    0xf9, 0x00, 0x00, 0x5f, 0xff, 0xf8, 0x77, 0x77, 0x77, 0x77, 0x77, 0x77, 0x77, 0x77, 0x50, 0x00,
    0x04, 0xff, 0xff, 0x10, 0x00, 0x00, 0x00, 0x00, 0x00, 0x00, 0x00, 0x00, 0x00, 0x00, 0x3f, 0xff,
    0xf3, 0x00, 0x00, 0x00, 0x00, 0x00, 0x00, 0x00, 0x00, 0x00, 0x00, 0x01, 0xff, 0xff, 0x60, 0x00,
    0x00, 0x00, 0x00, 0x00, 0x00, 0x00, 0x00, 0x00, 0x00, 0x0c, 0xff, 0xfa, 0x00, 0x00, 0x00, 0x00,
    0x00, 0x00, 0x00, 0x00, 0x00, 0x00, 0x00, 0x8f, 0xff, 0xf2, 0x00, 0x00, 0x00, 0x00, 0x00, 0x00,
    0x00, 0x00, 0x00, 0x00, 0x02, 0xff, 0xff, 0xb0, 0x00, 0x00, 0x00, 0x00, 0x00, 0x00, 0x00, 0x00,
    0x00, 0x00, 0x09, 0xff, 0xff, 0x80, 0x00, 0x00, 0x00, 0x00, 0x00, 0x00, 0x10, 0x00, 0x00, 0x00,
    0x1d, 0xff, 0xff, 0xb3, 0x00, 0x00, 0x00, 0x00, 0x38, 0xd7, 0x00, 0x00, 0x00, 0x00, 0x3e, 0xff,
    0xff, 0xfd, 0x98, 0x78, 0x9b, 0xef, 0xff, 0x70, 0x00, 0x00, 0x00, 0x00, 0x2d, 0xff, 0xff, 0xff,
    0xff, 0xff, 0xff, 0xff, 0xf7, 0x00, 0x00, 0x00, 0x00, 0x00, 0x07, 0xef, 0xff, 0xff, 0xff, 0xff,
    0xff, 0xfb, 0x30, 0x00, 0x00, 0x00, 0x00, 0x00, 0x01, 0x59, 0xce, 0xff, 0xed, 0xb9, 0x61, 0x00,
    0x00, 0x00, 0x00, 0x00, 0x00, 0x04, 0xde, 0x80, 0x00, 0x00, 0x4d, 0xe8, 0x00, 0x00, 0x00, 0x00,
    0x00, 0x00, 0x00, 0xef, 0xff, 0x40, 0x00, 0x0d, 0xff, 0xf3, 0x00, 0x00, 0x00, 0x00, 0x00, 0x00,
    0x1f, 0xff, 0xf6, 0x00, 0x00, 0xff, 0xff, 0x60, 0x00, 0x00, 0x00, 0x00, 0x00, 0x00, 0xdf, 0xff,
    0x30, 0x00, 0x0d, 0xff, 0xf3, 0x00, 0x00, 0x00, 0x00, 0x00, 0x00, 0x04, 0xde, 0x80, 0x00, 0x00,
    0x4d, 0xe7, 0x00, 0x00, 0x00, 0x00, 0x00, 0x00, 0x00, 0x00, 0x00, 0x00, 0x00, 0x00, 0x00, 0x00,
    0x00, 0x00, 0x00, 0x00, 0x00, 0x00, 0x00, 0x00, 0x00, 0x00, 0x00, 0x00, 0x00, 0x00, 0x00, 0x00,
    0x00, 0x00, 0x00, 0x00, 0x00, 0x00, 0x00, 0x00, 0x00, 0x00, 0x00, 0x00, 0x00, 0x00, 0x00, 0x00,
    0x00, 0x00, 0x00, 0x00, 0x00, 0x00, 0x00, 0x00, 0x00, 0x00, 0x00, 0x00, 0x00, 0x00, 0x00, 0x00,
    0x27, 0xbd, 0xff, 0xeb, 0x83, 0x00, 0x00, 0x00, 0x00, 0x00, 0x00, 0x00, 0x01, 0xaf, 0xff, 0xff,
    0xff, 0xff, 0xfb, 0x20, 0x00, 0x00, 0x00, 0x00, 0x00, 0x04, 0xef, 0xff, 0xff, 0xff, 0xff, 0xff,
    0xfe, 0x40, 0x00, 0x00, 0x00, 0x00, 0x03, 0xef, 0xff, 0xfd, 0x98, 0x89, 0xdf, 0xff, 0xff, 0x30,
    0x00, 0x00, 0x00, 0x01, 0xdf, 0xff, 0xd4, 0x00, 0x00, 0x00, 0x5e, 0xff, 0xfd, 0x00, 0x00, 0x00,
    0x00, 0x9f, 0xff, 0xd1, 0x00, 0x00, 0x00, 0x00, 0x3f, 0xff, 0xf7, 0x00, 0x00, 0x00, 0x2f, 0xff,
    0xf3, 0x00, 0x00, 0x00, 0x00, 0x00, 0x9f, 0xff, 0xd0, 0x00, 0x00, 0x07, 0xff, 0xfb, 0x00, 0x00,
    0x00, 0x00, 0x00, 0x03, 0xff, 0xff, 0x30, 0x00, 0x00, 0xcf, 0xff, 0x60, 0x00, 0x00, 0x00, 0x00,
    0x00, 0x0e, 0xff, 0xf6, 0x00, 0x00, 0x0f, 0xff, 0xf3, 0x00, 0x00, 0x00, 0x00, 0x00, 0x00, 0xdf,
    0xff, 0x80, 0x00, 0x03, 0xff, 0xff, 0xff, 0xff, 0xff, 0xff, 0xff, 0xff, 0xff, 0xff, 0xf9, 0x00,
    0x00, 0x4f, 0xff, 0xff, 0xff, 0xff, 0xff, 0xff, 0xff, 0xff, 0xff, 0xff, 0x90, 0x00, 0x05, 0xff,
    0xff, 0xff, 0xff, 0xff, 0xff, 0xff, 0xff, 0xff, 0xff, 0xf9, 0x00, 0x00, 0x5f, 0xff, 0xf8, 0x77,
    0x77, 0x77, 0x77, 0x77, 0x77, 0x77, 0x77, 0x50, 0x00, 0x04, 0xff, 0xff, 0x10, 0x00, 0x00, 0x00,
    0x00, 0x00, 0x00, 0x00, 0x00, 0x00, 0x00, 0x3f, 0xff, 0xf3, 0x00, 0x00, 0x00, 0x00, 0x00, 0x00,
    0x00, 0x00, 0x00, 0x00, 0x01, 0xff, 0xff, 0x60, 0x00, 0x00, 0x00, 0x00, 0x00, 0x00, 0x00, 0x00,
    0x00, 0x00, 0x0c, 0xff, 0xfa, 0x00, 0x00, 0x00, 0x00, 0x00, 0x00, 0x00, 0x00, 0x00, 0x00, 0x00,
    0x8f, 0xff, 0xf2, 0x00, 0x00, 0x00, 0x00, 0x00, 0x00, 0x00, 0x00, 0x00, 0x00, 0x02, 0xff, 0xff,
    0xb0, 0x00, 0x00, 0x00, 0x00, 0x00, 0x00, 0x00, 0x00, 0x00, 0x00, 0x09, 0xff, 0xff, 0x80, 0x00,
    0x00, 0x00, 0x00, 0x00, 0x00, 0x10, 0x00, 0x00, 0x00, 0x1d, 0xff, 0xff, 0xb3, 0x00, 0x00, 0x00,
    0x00, 0x38, 0xd7, 0x00, 0x00, 0x00, 0x00, 0x3e, 0xff, 0xff, 0xfd, 0x98, 0x78, 0x9b, 0xef, 0xff,
    0x70, 0x00, 0x00, 0x00, 0x00, 0x2d, 0xff, 0xff, 0xff, 0xff, 0xff, 0xff, 0xff, 0xf7, 0x00, 0x00,
    0x00, 0x00, 0x00, 0x07, 0xef, 0xff, 0xff, 0xff, 0xff, 0xff, 0xfb, 0x30, 0x00, 0x00, 0x00, 0x00,
    0x00, 0x01, 0x59, 0xce, 0xff, 0xed, 0xb9, 0x61, 0x00, 0x00, 0x00, 0x18, 0x88, 0x87, 0x10, 0x00,
    0x00, 0x00, 0xaf, 0xff, 0xf7, 0x00, 0x00, 0x00, 0x01, 0xdf, 0xff, 0xe2, 0x00, 0x00, 0x00, 0x02,
    0xdf, 0xff, 0xb0, 0x00, 0x00, 0x00, 0x02, 0xef, 0xff, 0x60, 0x00, 0x00, 0x00, 0x03, 0xef, 0xfe,
    0x20, 0x00, 0x00, 0x00, 0x02, 0xdf, 0xfc, 0x00, 0x00, 0x00, 0x00, 0x02, 0xcf, 0xf7, 0x00, 0x00,
    0x00, 0x00, 0x00, 0x00, 0x00, 0x00, 0x00, 0x00, 0x00, 0x00, 0x00, 0x00, 0x00, 0x00, 0x00, 0x00,
    0x00, 0x00, 0x00, 0x00, 0x00, 0xef, 0xff, 0x40, 0x00, 0x00, 0x00, 0x0e, 0xff, 0xf4, 0x00, 0x00,
    0x00, 0x00, 0xef, 0xff, 0x40, 0x00, 0x00, 0x00, 0x0e, 0xff, 0xf4, 0x00, 0x00, 0x00, 0x00, 0xef,
    0xff, 0x40, 0x00, 0x00, 0x00, 0x0e, 0xff, 0xf4, 0x00, 0x00, 0x00, 0x00, 0xef, 0xff, 0x40, 0x00,
    0x00, 0x00, 0x0e, 0xff, 0xf4, 0x00, 0x00, 0x00, 0x00, 0xef, 0xff, 0x40, 0x00, 0x00, 0x00, 0x0e,
    0xff, 0xf4, 0x00, 0x00, 0x00, 0x00, 0xef, 0xff, 0x40, 0x00, 0x00, 0x00, 0x0e, 0xff, 0xf4, 0x00,
    0x00, 0x00, 0x00, 0xef, 0xff, 0x40, 0x00, 0x00, 0x00, 0x0e, 0xff, 0xf4, 0x00, 0x00, 0x00, 0x00,
    0xef, 0xff, 0x40, 0x00, 0x00, 0x00, 0x0e, 0xff, 0xf4, 0x00, 0x00, 0x00, 0x00, 0xef, 0xff, 0x40,
    0x00, 0x00, 0x00, 0x0e, 0xff, 0xf4, 0x00, 0x00, 0x00, 0x00, 0xef, 0xff, 0x40, 0x00, 0x00, 0x00,
    0x0e, 0xff, 0xf4, 0x00, 0x00, 0x00, 0x00, 0xef, 0xff, 0x40, 0x00, 0x00, 0x00, 0x0e, 0xff, 0xf4,
    0x00, 0x00, 0x00, 0x00, 0xef, 0xff, 0x40, 0x00, 0x00, 0x00, 0x0e, 0xff, 0xf4, 0x00, 0x00, 0x00,
    0x00, 0xef, 0xff, 0x40, 0x00, 0x00, 0x00, 0x0e, 0xff, 0xf4, 0x00, 0x00, 0x00, 0x00, 0x00, 0x02,
    0x88, 0x88, 0x70, 0x00, 0x00, 0x00, 0xaf, 0xff, 0xf8, 0x00, 0x00, 0x00, 0x4f, 0xff, 0xfb, 0x00,
    0x00, 0x00, 0x1d, 0xff, 0xfc, 0x10, 0x00, 0x00, 0x09, 0xff, 0xfc, 0x10, 0x00, 0x00, 0x04, 0xff,
    0xfd, 0x10, 0x00, 0x00, 0x01, 0xdf, 0xfc, 0x10, 0x00, 0x00, 0x00, 0x9f, 0xfa, 0x10, 0x00, 0x00,
    0x00, 0x00, 0x00, 0x00, 0x00, 0x00, 0x00, 0x00, 0x00, 0x00, 0x00, 0x00, 0x00, 0x00, 0x00, 0x00,
    0x00, 0x00, 0x00, 0x00, 0x00, 0x0e, 0xff, 0xf4, 0x00, 0x00, 0x00, 0x00, 0xef, 0xff, 0x40, 0x00,
    0x00, 0x00, 0x0e, 0xff, 0xf4, 0x00, 0x00, 0x00, 0x00, 0xef, 0xff, 0x40, 0x00, 0x00, 0x00, 0x0e,
    0xff, 0xf4, 0x00, 0x00, 0x00, 0x00, 0xef, 0xff, 0x40, 0x00, 0x00, 0x00, 0x0e, 0xff, 0xf4, 0x00,
    0x00, 0x00, 0x00, 0xef, 0xff, 0x40, 0x00, 0x00, 0x00, 0x0e, 0xff, 0xf4, 0x00, 0x00, 0x00, 0x00,
    0xef, 0xff, 0x40, 0x00, 0x00, 0x00, 0x0e, 0xff, 0xf4, 0x00, 0x00, 0x00, 0x00, 0xef, 0xff, 0x40,
    0x00, 0x00, 0x00, 0x0e, 0xff, 0xf4, 0x00, 0x00, 0x00, 0x00, 0xef, 0xff, 0x40, 0x00, 0x00, 0x00,
    0x0e, 0xff, 0xf4, 0x00, 0x00, 0x00, 0x00, 0xef, 0xff, 0x40, 0x00, 0x00, 0x00, 0x0e, 0xff, 0xf4,
    0x00, 0x00, 0x00, 0x00, 0xef, 0xff, 0x40, 0x00, 0x00, 0x00, 0x0e, 0xff, 0xf4, 0x00, 0x00, 0x00,
    0x00, 0xef, 0xff, 0x40, 0x00, 0x00, 0x00, 0x0e, 0xff, 0xf4, 0x00, 0x00, 0x00, 0x00, 0xef, 0xff,
    0x40, 0x00, 0x00, 0x00, 0x0e, 0xff, 0xf4, 0x00, 0x00, 0x00, 0x00, 0xef, 0xff, 0x40, 0x00, 0x00,
    0x00, 0x0e, 0xff, 0xf4, 0x00, 0x00, 0x00, 0x00, 0xef, 0xff, 0x40, 0x00, 0x00, 0x00, 0x00, 0x01,
    0x78, 0x88, 0x40, 0x00, 0x00, 0x00, 0x00, 0x00, 0x9f, 0xff, 0xfe, 0x20, 0x00, 0x00, 0x00, 0x00,
    0x5f, 0xff, 0xff, 0xfc, 0x00, 0x00, 0x00, 0x00, 0x3f, 0xff, 0xfe, 0xff, 0xfa, 0x00, 0x00, 0x00,
    0x2e, 0xff, 0xf6, 0x2d, 0xff, 0xf8, 0x00, 0x00, 0x1d, 0xff, 0xf5, 0x00, 0x1c, 0xff, 0xf6, 0x00,
    0x1c, 0xff, 0xd3, 0x00, 0x00, 0x1a, 0xff, 0xf6, 0x0b, 0xff, 0xa1, 0x00, 0x00, 0x00, 0x06, 0xef,
    0xf4, 0x00, 0x00, 0x00, 0x00, 0x00, 0x00, 0x00, 0x00, 0x00, 0x00, 0x00, 0x00, 0x00, 0x00, 0x00,
    0x00, 0x00, 0x00, 0x00, 0x00, 0x00, 0x00, 0x00, 0x00, 0x00, 0x00, 0x00, 0x00, 0x0e, 0xff, 0xf4,
    0x00, 0x00, 0x00, 0x00, 0x00, 0x00, 0xef, 0xff, 0x40, 0x00, 0x00, 0x00, 0x00, 0x00, 0x0e, 0xff,
    0xf4, 0x00, 0x00, 0x00, 0x00, 0x00, 0x00, 0xef, 0xff, 0x40, 0x00, 0x00, 0x00, 0x00, 0x00, 0x0e,
    0xff, 0xf4, 0x00, 0x00, 0x00, 0x00, 0x00, 0x00, 0xef, 0xff, 0x40, 0x00, 0x00, 0x00, 0x00, 0x00,
    0x0e, 0xff, 0xf4, 0x00, 0x00, 0x00, 0x00, 0x00, 0x00, 0xef, 0xff, 0x40, 0x00, 0x00, 0x00, 0x00,
    0x00, 0x0e, 0xff, 0xf4, 0x00, 0x00, 0x00, 0x00, 0x00, 0x00, 0xef, 0xff, 0x40, 0x00, 0x00, 0x00,
    0x00, 0x00, 0x0e, 0xff, 0xf4, 0x00, 0x00, 0x00, 0x00, 0x00, 0x00, 0xef, 0xff, 0x40, 0x00, 0x00,
    0x00, 0x00, 0x00, 0x0e, 0xff, 0xf4, 0x00, 0x00, 0x00, 0x00, 0x00, 0x00, 0xef, 0xff, 0x40, 0x00,
    0x00, 0x00, 0x00, 0x00, 0x0e, 0xff, 0xf4, 0x00, 0x00, 0x00, 0x00, 0x00, 0x00, 0xef, 0xff, 0x40,
    0x00, 0x00, 0x00, 0x00, 0x00, 0x0e, 0xff, 0xf4, 0x00, 0x00, 0x00, 0x00, 0x00, 0x00, 0xef, 0xff,
    0x40, 0x00, 0x00, 0x00, 0x00, 0x00, 0x0e, 0xff, 0xf4, 0x00, 0x00, 0x00, 0x00, 0x00, 0x00, 0xef,
    0xff, 0x40, 0x00, 0x00, 0x00, 0x00, 0x00, 0x0e, 0xff, 0xf4, 0x00, 0x00, 0x00, 0x00, 0x00, 0x00,
    0xef, 0xff, 0x40, 0x00, 0x00, 0x00, 0x00, 0x00, 0x0e, 0xff, 0xf4, 0x00, 0x00, 0x00, 0x00, 0x00,
    0x00, 0xef, 0xff, 0x40, 0x00, 0x00, 0x00, 0x00, 0x00, 0x0e, 0xff, 0xf4, 0x00, 0x00, 0x00, 0x00,
    0x00, 0x00, 0xef, 0xff, 0x40, 0x00, 0x00, 0x00, 0x0a, 0xec, 0x30, 0x00, 0x00, 0xae, 0xc3, 0x6f,
    0xff, 0xb0, 0x00, 0x06, 0xff, 0xfb, 0x8f, 0xff, 0xd0, 0x00, 0x08, 0xff, 0xfd, 0x6f, 0xff, 0xb0,
    0x00, 0x06, 0xff, 0xfb, 0x09, 0xec, 0x20, 0x00, 0x00, 0xae, 0xc2, 0x00, 0x00, 0x00, 0x00, 0x00,
    0x00, 0x00, 0x00, 0x00, 0x00, 0x00, 0x00, 0x00, 0x00, 0x00, 0x00, 0x00, 0x00, 0x00, 0x00, 0x00,
    0x00, 0x00, 0x00, 0x00, 0x00, 0x00, 0x00, 0x00, 0x00, 0x0e, 0xff, 0xf4, 0x00, 0x00, 0x00, 0x00,
    0x0e, 0xff, 0xf4, 0x00, 0x00, 0x00, 0x00, 0x0e, 0xff, 0xf4, 0x00, 0x00, 0x00, 0x00, 0x0e, 0xff,
    0xf4, 0x00, 0x00, 0x00, 0x00, 0x0e, 0xff, 0xf4, 0x00, 0x00, 0x00, 0x00, 0x0e, 0xff, 0xf4, 0x00,
    0x00, 0x00, 0x00, 0x0e, 0xff, 0xf4, 0x00, 0x00, 0x00, 0x00, 0x0e, 0xff, 0xf4, 0x00, 0x00, 0x00,
    0x00, 0x0e, 0xff, 0xf4, 0x00, 0x00, 0x00, 0x00, 0x0e, 0xff, 0xf4, 0x00, 0x00, 0x00, 0x00, 0x0e,
    0xff, 0xf4, 0x00, 0x00, 0x00, 0x00, 0x0e, 0xff, 0xf4, 0x00, 0x00, 0x00, 0x00, 0x0e, 0xff, 0xf4,
    0x00, 0x00, 0x00, 0x00, 0x0e, 0xff, 0xf4, 0x00, 0x00, 0x00, 0x00, 0x0e, 0xff, 0xf4, 0x00, 0x00,
    0x00, 0x00, 0x0e, 0xff, 0xf4, 0x00, 0x00, 0x00, 0x00, 0x0e, 0xff, 0xf4, 0x00, 0x00, 0x00, 0x00,
    0x0e, 0xff, 0xf4, 0x00, 0x00, 0x00, 0x00, 0x0e, 0xff, 0xf4, 0x00, 0x00, 0x00, 0x00, 0x0e, 0xff,
    0xf4, 0x00, 0x00, 0x00, 0x00, 0x0e, 0xff, 0xf4, 0x00, 0x00, 0x00, 0x00, 0x0e, 0xff, 0xf4, 0x00,
    0x00, 0x00, 0x00, 0x0e, 0xff, 0xf4, 0x00, 0x00, 0x00, 0x00, 0x0e, 0xff, 0xf4, 0x00, 0x00, 0x00,
    0x00, 0x0e, 0xff, 0xf4, 0x00, 0x00, 0x00, 0x00, 0x0e, 0xff, 0xf4, 0x00, 0x00, 0x00, 0x00, 0x00,
    0x00, 0x00, 0xb5, 0x00, 0x00, 0x00, 0x00, 0x06, 0x20, 0x00, 0x00, 0x00, 0x00, 0x00, 0x00, 0x00,
    0x7f, 0xfc, 0x50, 0x00, 0x00, 0x4c, 0xfb, 0x00, 0x00, 0x00, 0x00, 0x00, 0x00, 0x00, 0x2f, 0xff,
    0xff, 0xa2, 0x02, 0xaf, 0xff, 0xf7, 0x00, 0x00, 0x00, 0x00, 0x00, 0x00, 0x00, 0x6e, 0xff, 0xff,
    0xea, 0xff, 0xff, 0xf9, 0x10, 0x00, 0x00, 0x00, 0x00, 0x00, 0x00, 0x00, 0x19, 0xff, 0xff, 0xff,
    0xff, 0xb3, 0x00, 0x00, 0x00, 0x00, 0x00, 0x00, 0x00, 0x00, 0x00, 0x07, 0xff, 0xff, 0xff, 0x60,
    0x00, 0x00, 0x00, 0x00, 0x00, 0x00, 0x00, 0x00, 0x00, 0x2b, 0xff, 0xff, 0xff, 0xfc, 0x10, 0x00,
    0x00, 0x00, 0x00, 0x00, 0x00, 0x00, 0x01, 0x9f, 0xff, 0xff, 0xbf, 0xff, 0xfb, 0x00, 0x00, 0x00,
    0x00, 0x00, 0x00, 0x00, 0x03, 0xef, 0xff, 0xfc, 0x30, 0x7f, 0xff, 0xf9, 0x00, 0x00, 0x00, 0x00,
    0x00, 0x00, 0x00, 0x0b, 0xff, 0xd5, 0x00, 0x00, 0x7f, 0xff, 0xf4, 0x00, 0x00, 0x00, 0x00, 0x00,
    0x00, 0x00, 0x2d, 0x81, 0x00, 0x00, 0x00, 0xaf, 0xff, 0xd1, 0x00, 0x00, 0x00, 0x00, 0x00, 0x00,
    0x00, 0x00, 0x00, 0x00, 0x00, 0x01, 0xdf, 0xff, 0x80, 0x00, 0x00, 0x00, 0x00, 0x00, 0x00, 0x00,
    0x00, 0x00, 0x00, 0x00, 0x05, 0xff, 0xfe, 0x10, 0x00, 0x00, 0x00, 0x00, 0x00, 0x00, 0x00, 0x00,
    0x00, 0x00, 0x00, 0x0b, 0xff, 0xf7, 0x00, 0x00, 0x00, 0x00, 0x00, 0x00, 0x04, 0x8c, 0xdf, 0xed,
    0xc8, 0x30, 0x4f, 0xff, 0xd0, 0x00, 0x00, 0x00, 0x00, 0x00, 0x5d, 0xff, 0xff, 0xff, 0xff, 0xff,
    0xb2, 0xdf, 0xff, 0x40, 0x00, 0x00, 0x00, 0x00, 0x9f, 0xff, 0xff, 0xff, 0xff, 0xff, 0xff, 0xda,
    0xff, 0xf8, 0x00, 0x00, 0x00, 0x00, 0xaf, 0xff, 0xff, 0xea, 0x88, 0x8a, 0xef, 0xff, 0xff, 0xff,
    0xc0, 0x00, 0x00, 0x00, 0x7f, 0xff, 0xfd, 0x40, 0x00, 0x00, 0x00, 0x5d, 0xff, 0xff, 0xff, 0x00,
    0x00, 0x00, 0x1e, 0xff, 0xfc, 0x10, 0x00, 0x00, 0x00, 0x00, 0x1c, 0xff, 0xff, 0xf2, 0x00, 0x00,
    0x08, 0xff, 0xfe, 0x20, 0x00, 0x00, 0x00, 0x00, 0x00, 0x2e, 0xff, 0xff, 0x40, 0x00, 0x00, 0xcf,
    0xff, 0x90, 0x00, 0x00, 0x00, 0x00, 0x00, 0x00, 0x7f, 0xff, 0xf5, 0x00, 0x00, 0x1f, 0xff, 0xf4,
    0x00, 0x00, 0x00, 0x00, 0x00, 0x00, 0x02, 0xff, 0xff, 0x60, 0x00, 0x03, 0xff, 0xff, 0x10, 0x00,
    0x00, 0x00, 0x00, 0x00, 0x00, 0x0e, 0xff, 0xf7, 0x00, 0x00, 0x4f, 0xff, 0xf0, 0x00, 0x00, 0x00,
    0x00, 0x00, 0x00, 0x00, 0xdf, 0xff, 0x60, 0x00, 0x05, 0xff, 0xfe, 0x00, 0x00, 0x00, 0x00, 0x00,
    0x00, 0x00, 0x0d, 0xff, 0xf5, 0x00, 0x00, 0x5f, 0xff, 0xf0, 0x00, 0x00, 0x00, 0x00, 0x00, 0x00,
    0x00, 0xef, 0xff, 0x40, 0x00, 0x03, 0xff, 0xff, 0x10, 0x00, 0x00, 0x00, 0x00, 0x00, 0x00, 0x2f,
    0xff, 0xf1, 0x00, 0x00, 0x1f, 0xff, 0xf5, 0x00, 0x00, 0x00, 0x00, 0x00, 0x00, 0x05, 0xff, 0xfd,
    0x00, 0x00, 0x00, 0xbf, 0xff, 0xa0, 0x00, 0x00, 0x00, 0x00, 0x00, 0x00, 0xaf, 0xff, 0x90, 0x00,
    0x00, 0x06, 0xff, 0xff, 0x30, 0x00, 0x00, 0x00, 0x00, 0x00, 0x3f, 0xff, 0xf2, 0x00, 0x00, 0x00,
    0x0d, 0xff, 0xfd, 0x20, 0x00, 0x00, 0x00, 0x00, 0x1d, 0xff, 0xfb, 0x00, 0x00, 0x00, 0x00, 0x4f,
    0xff, 0xfd, 0x50, 0x00, 0x00, 0x00, 0x5d, 0xff, 0xfe, 0x20, 0x00, 0x00, 0x00, 0x00, 0x6f, 0xff,
    0xff, 0xea, 0x88, 0x8a, 0xef, 0xff, 0xff, 0x40, 0x00, 0x00, 0x00, 0x00, 0x00, 0x5e, 0xff, 0xff,
    0xff, 0xff, 0xff, 0xff, 0xfe, 0x40, 0x00, 0x00, 0x00, 0x00, 0x00, 0x00, 0x2a, 0xff, 0xff, 0xff,
    0xff, 0xff, 0xf9, 0x20, 0x00, 0x00, 0x00, 0x00, 0x00, 0x00, 0x00, 0x02, 0x7b, 0xde, 0xfe, 0xda,
    0x62, 0x00, 0x00, 0x00, 0x00, 0x00, 0x00, 0x00, 0x00, 0x00, 0x3a, 0xef, 0xd8, 0x20, 0x00, 0x00,
    0x0e, 0xf8, 0x00, 0x00, 0x00, 0x00, 0x00, 0x00, 0x04, 0xef, 0xff, 0xff, 0xf9, 0x10, 0x00, 0x7f,
    0xf5, 0x00, 0x00, 0x00, 0x00, 0x00, 0x00, 0x1d, 0xff, 0xff, 0xff, 0xff, 0xfa, 0x8a, 0xff, 0xe1,
    0x00, 0x00, 0x00, 0x00, 0x00, 0x00, 0x6f, 0xfe, 0x98, 0xcf, 0xff, 0xff, 0xff, 0xff, 0x80, 0x00,
    0x00, 0x00, 0x00, 0x00, 0x00, 0xbf, 0xe2, 0x00, 0x03, 0xbf, 0xff, 0xff, 0xfc, 0x10, 0x00, 0x00,
    0x00, 0x00, 0x00, 0x00, 0xef, 0x90, 0x00, 0x00, 0x04, 0xae, 0xfd, 0x81, 0x00, 0x00, 0x00, 0x00,
    0x00, 0x00, 0x00, 0x00, 0x00, 0x00, 0x00, 0x00, 0x00, 0x00, 0x00, 0x00, 0x00, 0x00, 0x00, 0x00,
    0x00, 0x00, 0x00, 0x00, 0x00, 0x00, 0x00, 0x00, 0x00, 0x00, 0x00, 0x00, 0x00, 0x00, 0x00, 0x00,
    0x00, 0x00, 0x00, 0x00, 0x00, 0x00, 0x00, 0x00, 0x00, 0x00, 0x00, 0x00, 0x00, 0x00, 0x00, 0xef,
    0xf8, 0x00, 0x00, 0x48, 0xce, 0xfe, 0xda, 0x61, 0x00, 0x00, 0x00, 0x00, 0x00, 0x00, 0xef, 0xfb,
    0x00, 0x4d, 0xff, 0xff, 0xff, 0xff, 0xfe, 0x70, 0x00, 0x00, 0x00, 0x00, 0x00, 0xef, 0xfd, 0x07,
    0xff, 0xff, 0xff, 0xff, 0xff, 0xff, 0xfa, 0x00, 0x00, 0x00, 0x00, 0x00, 0xef, 0xff, 0x6f, 0xff,
    0xfb, 0x98, 0x8a, 0xef, 0xff, 0xff, 0x60, 0x00, 0x00, 0x00, 0x00, 0xef, 0xff, 0xff, 0xf7, 0x10,
    0x00, 0x00, 0x07, 0xff, 0xff, 0xd0, 0x00, 0x00, 0x00, 0x00, 0xef, 0xff, 0xff, 0x40, 0x00, 0x00,
    0x00, 0x00, 0x8f, 0xff, 0xf4, 0x00, 0x00, 0x00, 0x00, 0xef, 0xff, 0xf9, 0x00, 0x00, 0x00, 0x00,
    0x00, 0x0e, 0xff, 0xf8, 0x00, 0x00, 0x00, 0x00, 0xef, 0xff, 0xf2, 0x00, 0x00, 0x00, 0x00, 0x00,
    0x0a, 0xff, 0xfa, 0x00, 0x00, 0x00, 0x00, 0xef, 0xff, 0xc0, 0x00, 0x00, 0x00, 0x00, 0x00, 0x07,
    0xff, 0xfb, 0x00, 0x00, 0x00, 0x00, 0xef, 0xff, 0x90, 0x00, 0x00, 0x00, 0x00, 0x00, 0x06, 0xff,
    0xfc, 0x00, 0x00, 0x00, 0x00, 0xef, 0xff, 0x60, 0x00, 0x00, 0x00, 0x00, 0x00, 0x06, 0xff, 0xfc,
    0x00, 0x00, 0x00, 0x00, 0xef, 0xff, 0x50, 0x00, 0x00, 0x00, 0x00, 0x00, 0x06, 0xff, 0xfc, 0x00,
    0x00, 0x00, 0x00, 0xef, 0xff, 0x50, 0x00, 0x00, 0x00, 0x00, 0x00, 0x06, 0xff, 0xfc, 0x00, 0x00,
    0x00, 0x00, 0xef, 0xff, 0x40, 0x00, 0x00, 0x00, 0x00, 0x00, 0x06, 0xff, 0xfc, 0x00, 0x00, 0x00,
    0x00, 0xef, 0xff, 0x40, 0x00, 0x00, 0x00, 0x00, 0x00, 0x06, 0xff, 0xfc, 0x00, 0x00, 0x00, 0x00,
    0xef, 0xff, 0x40, 0x00, 0x00, 0x00, 0x00, 0x00, 0x06, 0xff, 0xfc, 0x00, 0x00, 0x00, 0x00, 0xef,
    0xff, 0x40, 0x00, 0x00, 0x00, 0x00, 0x00, 0x06, 0xff, 0xfc, 0x00, 0x00, 0x00, 0x00, 0xef, 0xff,
    0x40, 0x00, 0x00, 0x00, 0x00, 0x00, 0x06, 0xff, 0xfc, 0x00, 0x00, 0x00, 0x00, 0xef, 0xff, 0x40,
    0x00, 0x00, 0x00, 0x00, 0x00, 0x06, 0xff, 0xfc, 0x00, 0x00, 0x00, 0x00, 0xef, 0xff, 0x40, 0x00,
    0x00, 0x00, 0x00, 0x00, 0x06, 0xff, 0xfc, 0x00, 0x00, 0x00, 0x00, 0xef, 0xff, 0x40, 0x00, 0x00,
    0x00, 0x00, 0x00, 0x06, 0xff, 0xfc, 0x00, 0x00, 0x00, 0x00, 0xef, 0xff, 0x40, 0x00, 0x00, 0x00,
    0x00, 0x00, 0x06, 0xff, 0xfc, 0x00, 0x00, 0x00, 0x00, 0xef, 0xff, 0x40, 0x00, 0x00, 0x00, 0x00,
    0x00, 0x06, 0xff, 0xfc, 0x00, 0x00, 0x00, 0x00, 0xef, 0xff, 0x40, 0x00, 0x00, 0x00, 0x00, 0x00,
    0x06, 0xff, 0xfc, 0x00, 0x00, 0x00, 0x00, 0xef, 0xff, 0x40, 0x00, 0x00, 0x00, 0x00, 0x00, 0x06,
    0xff, 0xfc, 0x00, 0x00, 0x00, 0x00, 0xef, 0xff, 0x40, 0x00, 0x00, 0x00, 0x00, 0x00, 0x06, 0xff,
    0xfc, 0x00, 0x00, 0x00, 0x00, 0x00, 0x00, 0x58, 0x88, 0x83, 0x00, 0x00, 0x00, 0x00, 0x00, 0x00,
    0x00, 0x00, 0x00, 0x00, 0x00, 0x05, 0xff, 0xff, 0xc0, 0x00, 0x00, 0x00, 0x00, 0x00, 0x00, 0x00,
    0x00, 0x00, 0x00, 0x00, 0x08, 0xff, 0xff, 0x60, 0x00, 0x00, 0x00, 0x00, 0x00, 0x00, 0x00, 0x00,
    0x00, 0x00, 0x00, 0x0a, 0xff, 0xfe, 0x20, 0x00, 0x00, 0x00, 0x00, 0x00, 0x00, 0x00, 0x00, 0x00,
    0x00, 0x00, 0x0a, 0xff, 0xfb, 0x00, 0x00, 0x00, 0x00, 0x00, 0x00, 0x00, 0x00, 0x00, 0x00, 0x00,
    0x00, 0x0b, 0xff, 0xf6, 0x00, 0x00, 0x00, 0x00, 0x00, 0x00, 0x00, 0x00, 0x00, 0x00, 0x00, 0x00,
    0x0a, 0xff, 0xf3, 0x00, 0x00, 0x00, 0x00, 0x00, 0x00, 0x00, 0x00, 0x00, 0x00, 0x00, 0x00, 0x08,
    0xff, 0xc0, 0x00, 0x00, 0x00, 0x00, 0x00, 0x00, 0x00, 0x00, 0x00, 0x00, 0x00, 0x00, 0x00, 0x00,
    0x00, 0x00, 0x00, 0x00, 0x00, 0x00, 0x00, 0x00, 0x00, 0x00, 0x00, 0x00, 0x00, 0x00, 0x00, 0x00,
    0x00, 0x00, 0x00, 0x00, 0x00, 0x00, 0x00, 0x00, 0x00, 0x00, 0x00, 0x00, 0x00, 0x00, 0x00, 0x00,
    0x00, 0x00, 0x00, 0x00, 0x00, 0x00, 0x00, 0x16, 0xac, 0xef, 0xed, 0xa6, 0x10, 0x00, 0x00, 0x00,
    0x00, 0x00, 0x00, 0x00, 0x01, 0x8f, 0xff, 0xff, 0xff, 0xff, 0xff, 0x91, 0x00, 0x00, 0x00, 0x00,
    0x00, 0x00, 0x03, 0xef, 0xff, 0xff, 0xff, 0xff, 0xff, 0xff, 0xe3, 0x00, 0x00, 0x00, 0x00, 0x00,
    0x04, 0xef, 0xff, 0xfe, 0xb9, 0x89, 0xbe, 0xff, 0xff, 0xe4, 0x00, 0x00, 0x00, 0x00, 0x01, 0xef,
    0xff, 0xf7, 0x10, 0x00, 0x00, 0x07, 0xef, 0xff, 0xe2, 0x00, 0x00, 0x00, 0x00, 0xaf, 0xff, 0xf4,
    0x00, 0x00, 0x00, 0x00, 0x04, 0xff, 0xff, 0xa0, 0x00, 0x00, 0x00, 0x2f, 0xff, 0xf7, 0x00, 0x00,
    0x00, 0x00, 0x00, 0x07, 0xff, 0xff, 0x30, 0x00, 0x00, 0x08, 0xff, 0xfe, 0x10, 0x00, 0x00, 0x00,
    0x00, 0x00, 0x0e, 0xff, 0xf9, 0x00, 0x00, 0x00, 0xcf, 0xff, 0x90, 0x00, 0x00, 0x00, 0x00, 0x00,
    0x00, 0x8f, 0xff, 0xd0, 0x00, 0x00, 0x1f, 0xff, 0xf5, 0x00, 0x00, 0x00, 0x00, 0x00, 0x00, 0x04,
    0xff, 0xff, 0x20, 0x00, 0x03, 0xff, 0xff, 0x30, 0x00, 0x00, 0x00, 0x00, 0x00, 0x00, 0x2f, 0xff,
    0xf4, 0x00, 0x00, 0x4f, 0xff, 0xf1, 0x00, 0x00, 0x00, 0x00, 0x00, 0x00, 0x00, 0xff, 0xff, 0x60,
    0x00, 0x05, 0xff, 0xff, 0x10, 0x00, 0x00, 0x00, 0x00, 0x00, 0x00, 0x0e, 0xff, 0xf6, 0x00, 0x00,
    0x5f, 0xff, 0xf1, 0x00, 0x00, 0x00, 0x00, 0x00, 0x00, 0x00, 0xef, 0xff, 0x60, 0x00, 0x04, 0xff,
    0xff, 0x10, 0x00, 0x00, 0x00, 0x00, 0x00, 0x00, 0x0f, 0xff, 0xf5, 0x00, 0x00, 0x3f, 0xff, 0xf3,
    0x00, 0x00, 0x00, 0x00, 0x00, 0x00, 0x02, 0xff, 0xff, 0x40, 0x00, 0x00, 0xff, 0xff, 0x60, 0x00,
    0x00, 0x00, 0x00, 0x00, 0x00, 0x5f, 0xff, 0xf2, 0x00, 0x00, 0x0c, 0xff, 0xfa, 0x00, 0x00, 0x00,
    0x00, 0x00, 0x00, 0x09, 0xff, 0xfd, 0x00, 0x00, 0x00, 0x7f, 0xff, 0xe1, 0x00, 0x00, 0x00, 0x00,
    0x00, 0x01, 0xef, 0xff, 0x90, 0x00, 0x00, 0x01, 0xff, 0xff, 0x90, 0x00, 0x00, 0x00, 0x00, 0x00,
    0x8f, 0xff, 0xf3, 0x00, 0x00, 0x00, 0x08, 0xff, 0xff, 0x50, 0x00, 0x00, 0x00, 0x00, 0x4f, 0xff,
    0xfb, 0x00, 0x00, 0x00, 0x00, 0x1d, 0xff, 0xff, 0x81, 0x00, 0x00, 0x01, 0x7f, 0xff, 0xfe, 0x20,
    0x00, 0x00, 0x00, 0x00, 0x2e, 0xff, 0xff, 0xfb, 0x98, 0x9b, 0xef, 0xff, 0xff, 0x40, 0x00, 0x00,
    0x00, 0x00, 0x00, 0x2d, 0xff, 0xff, 0xff, 0xff, 0xff, 0xff, 0xfe, 0x30, 0x00, 0x00, 0x00, 0x00,
    0x00, 0x00, 0x18, 0xef, 0xff, 0xff, 0xff, 0xff, 0xf9, 0x10, 0x00, 0x00, 0x00, 0x00, 0x00, 0x00,
    0x00, 0x01, 0x6a, 0xde, 0xfe, 0xda, 0x62, 0x00, 0x00, 0x00, 0x00, 0x00, 0x00, 0x00, 0x00, 0x00,
    0x00, 0x00, 0x00, 0x00, 0x78, 0x88, 0x82, 0x00, 0x00, 0x00, 0x00, 0x00, 0x00, 0x00, 0x00, 0x00,
    0x00, 0x00, 0x5f, 0xff, 0xfd, 0x10, 0x00, 0x00, 0x00, 0x00, 0x00, 0x00, 0x00, 0x00, 0x00, 0x00,
    0x1d, 0xff, 0xfe, 0x20, 0x00, 0x00, 0x00, 0x00, 0x00, 0x00, 0x00, 0x00, 0x00, 0x00, 0x09, 0xff,
    0xfe, 0x40, 0x00, 0x00, 0x00, 0x00, 0x00, 0x00, 0x00, 0x00, 0x00, 0x00, 0x04, 0xff, 0xff, 0x40,
    0x00, 0x00, 0x00, 0x00, 0x00, 0x00, 0x00, 0x00, 0x00, 0x00, 0x01, 0xdf, 0xff, 0x50, 0x00, 0x00,
    0x00, 0x00, 0x00, 0x00, 0x00, 0x00, 0x00, 0x00, 0x00, 0x9f, 0xfe, 0x40, 0x00, 0x00, 0x00, 0x00,
    0x00, 0x00, 0x00, 0x00, 0x00, 0x00, 0x00, 0x4f, 0xfd, 0x30, 0x00, 0x00, 0x00, 0x00, 0x00, 0x00,
    0x00, 0x00, 0x00, 0x00, 0x00, 0x00, 0x00, 0x00, 0x00, 0x00, 0x00, 0x00, 0x00, 0x00, 0x00, 0x00,
    0x00, 0x00, 0x00, 0x00, 0x00, 0x00, 0x00, 0x00, 0x00, 0x00, 0x00, 0x00, 0x00, 0x00, 0x00, 0x00,
    0x00, 0x00, 0x00, 0x00, 0x00, 0x00, 0x00, 0x00, 0x00, 0x00, 0x00, 0x00, 0x00, 0x00, 0x00, 0x00,
    0x16, 0xac, 0xef, 0xed, 0xa6, 0x10, 0x00, 0x00, 0x00, 0x00, 0x00, 0x00, 0x00, 0x01, 0x8f, 0xff,
    0xff, 0xff, 0xff, 0xff, 0x91, 0x00, 0x00, 0x00, 0x00, 0x00, 0x00, 0x03, 0xef, 0xff, 0xff, 0xff,
    0xff, 0xff, 0xff, 0xe3, 0x00, 0x00, 0x00, 0x00, 0x00, 0x04, 0xef, 0xff, 0xfe, 0xb9, 0x89, 0xbe,
    0xff, 0xff, 0xe4, 0x00, 0x00, 0x00, 0x00, 0x01, 0xef, 0xff, 0xf7, 0x10, 0x00, 0x00, 0x07, 0xef,
    0xff, 0xe2, 0x00, 0x00, 0x00, 0x00, 0xaf, 0xff, 0xf4, 0x00, 0x00, 0x00, 0x00, 0x04, 0xff, 0xff,
    0xa0, 0x00, 0x00, 0x00, 0x2f, 0xff, 0xf7, 0x00, 0x00, 0x00, 0x00, 0x00, 0x07, 0xff, 0xff, 0x30,
    0x00, 0x00, 0x08, 0xff, 0xfe, 0x10, 0x00, 0x00, 0x00, 0x00, 0x00, 0x0e, 0xff, 0xf9, 0x00, 0x00,
    0x00, 0xcf, 0xff, 0x90, 0x00, 0x00, 0x00, 0x00, 0x00, 0x00, 0x8f, 0xff, 0xd0, 0x00, 0x00, 0x1f,
    0xff, 0xf5, 0x00, 0x00, 0x00, 0x00, 0x00, 0x00, 0x04, 0xff, 0xff, 0x20, 0x00, 0x03, 0xff, 0xff,
    0x30, 0x00, 0x00, 0x00, 0x00, 0x00, 0x00, 0x2f, 0xff, 0xf4, 0x00, 0x00, 0x4f, 0xff, 0xf1, 0x00,
    0x00, 0x00, 0x00, 0x00, 0x00, 0x00, 0xff, 0xff, 0x60, 0x00, 0x05, 0xff, 0xff, 0x10, 0x00, 0x00,
    0x00, 0x00, 0x00, 0x00, 0x0e, 0xff, 0xf6, 0x00, 0x00, 0x5f, 0xff, 0xf1, 0x00, 0x00, 0x00, 0x00,
    0x00, 0x00, 0x00, 0xef, 0xff, 0x60, 0x00, 0x04, 0xff, 0xff, 0x10, 0x00, 0x00, 0x00, 0x00, 0x00,
    0x00, 0x0f, 0xff, 0xf5, 0x00, 0x00, 0x3f, 0xff, 0xf3, 0x00, 0x00, 0x00, 0x00, 0x00, 0x00, 0x02,
    0xff, 0xff, 0x40, 0x00, 0x00, 0xff, 0xff, 0x60, 0x00, 0x00, 0x00, 0x00, 0x00, 0x00, 0x5f, 0xff,
    0xf2, 0x00, 0x00, 0x0c, 0xff, 0xfa, 0x00, 0x00, 0x00, 0x00, 0x00, 0x00, 0x09, 0xff, 0xfd, 0x00,
    0x00, 0x00, 0x7f, 0xff, 0xe1, 0x00, 0x00, 0x00, 0x00, 0x00, 0x01, 0xef, 0xff, 0x90, 0x00, 0x00,
    0x01, 0xff, 0xff, 0x90, 0x00, 0x00, 0x00, 0x00, 0x00, 0x8f, 0xff, 0xf3, 0x00, 0x00, 0x00, 0x08,
    0xff, 0xff, 0x50, 0x00, 0x00, 0x00, 0x00, 0x4f, 0xff, 0xfb, 0x00, 0x00, 0x00, 0x00, 0x1d, 0xff,
    0xff, 0x81, 0x00, 0x00, 0x01, 0x7f, 0xff, 0xfe, 0x20, 0x00, 0x00, 0x00, 0x00, 0x2e, 0xff, 0xff,
    0xfb, 0x98, 0x9b, 0xef, 0xff, 0xff, 0x40, 0x00, 0x00, 0x00, 0x00, 0x00, 0x2d, 0xff, 0xff, 0xff,
    0xff, 0xff, 0xff, 0xfe, 0x30, 0x00, 0x00, 0x00, 0x00, 0x00, 0x00, 0x18, 0xef, 0xff, 0xff, 0xff,
    0xff, 0xf9, 0x10, 0x00, 0x00, 0x00, 0x00, 0x00, 0x00, 0x00, 0x01, 0x6a, 0xde, 0xfe, 0xda, 0x62,
    0x00, 0x00, 0x00, 0x00, 0x00, 0x00, 0x00, 0x00, 0x00, 0x00, 0x00, 0x58, 0x88, 0x70, 0x00, 0x00,
    0x00, 0x00, 0x00, 0x00, 0x00, 0x00, 0x00, 0x00, 0x00, 0x4f, 0xff, 0xff, 0x60, 0x00, 0x00, 0x00,
    0x00, 0x00, 0x00, 0x00, 0x00, 0x00, 0x00, 0x1e, 0xff, 0xff, 0xfe, 0x30, 0x00, 0x00, 0x00, 0x00,
    0x00, 0x00, 0x00, 0x00, 0x00, 0x1c, 0xff, 0xfe, 0xff, 0xfd, 0x20, 0x00, 0x00, 0x00, 0x00, 0x00,
    0x00, 0x00, 0x00, 0x0a, 0xff, 0xfb, 0x1a, 0xff, 0xfc, 0x10, 0x00, 0x00, 0x00, 0x00, 0x00, 0x00,
    0x00, 0x09, 0xff, 0xf9, 0x00, 0x08, 0xff, 0xfb, 0x10, 0x00, 0x00, 0x00, 0x00, 0x00, 0x00, 0x08,
    0xff, 0xf7, 0x00, 0x00, 0x06, 0xff, 0xfb, 0x00, 0x00, 0x00, 0x00, 0x00, 0x00, 0x05, 0xff, 0xd4,
    0x00, 0x00, 0x00, 0x03, 0xcf, 0xf9, 0x00, 0x00, 0x00, 0x00, 0x00, 0x00, 0x00, 0x00, 0x00, 0x00,
    0x00, 0x00, 0x00, 0x00, 0x00, 0x00, 0x00, 0x00, 0x00, 0x00, 0x00, 0x00, 0x00, 0x00, 0x00, 0x00,
    0x00, 0x00, 0x00, 0x00, 0x00, 0x00, 0x00, 0x00, 0x00, 0x00, 0x00, 0x00, 0x00, 0x00, 0x00, 0x00,
    0x00, 0x00, 0x00, 0x00, 0x00, 0x00, 0x00, 0x00, 0x00, 0x16, 0xac, 0xef, 0xed, 0xa6, 0x10, 0x00,
    0x00, 0x00, 0x00, 0x00, 0x00, 0x00, 0x01, 0x8f, 0xff, 0xff, 0xff, 0xff, 0xff, 0x91, 0x00, 0x00,
    0x00, 0x00, 0x00, 0x00, 0x03, 0xef, 0xff, 0xff, 0xff, 0xff, 0xff, 0xff, 0xe3, 0x00, 0x00, 0x00,
    0x00, 0x00, 0x04, 0xef, 0xff, 0xfe, 0xb9, 0x89, 0xbe, 0xff, 0xff, 0xe4, 0x00, 0x00, 0x00, 0x00,
    0x01, 0xef, 0xff, 0xf7, 0x10, 0x00, 0x00, 0x07, 0xef, 0xff, 0xe2, 0x00, 0x00, 0x00, 0x00, 0xaf,
    0xff, 0xf4, 0x00, 0x00, 0x00, 0x00, 0x04, 0xff, 0xff, 0xa0, 0x00, 0x00, 0x00, 0x2f, 0xff, 0xf7,
    0x00, 0x00, 0x00, 0x00, 0x00, 0x07, 0xff, 0xff, 0x30, 0x00, 0x00, 0x08, 0xff, 0xfe, 0x10, 0x00,
    0x00, 0x00, 0x00, 0x00, 0x0e, 0xff, 0xf9, 0x00, 0x00, 0x00, 0xcf, 0xff, 0x90, 0x00, 0x00, 0x00,
    0x00, 0x00, 0x00, 0x8f, 0xff, 0xd0, 0x00, 0x00, 0x1f, 0xff, 0xf5, 0x00, 0x00, 0x00, 0x00, 0x00,
    0x00, 0x04, 0xff, 0xff, 0x20, 0x00, 0x03, 0xff, 0xff, 0x30, 0x00, 0x00, 0x00, 0x00, 0x00, 0x00,
    0x2f, 0xff, 0xf4, 0x00, 0x00, 0x4f, 0xff, 0xf1, 0x00, 0x00, 0x00, 0x00, 0x00, 0x00, 0x00, 0xff,
    0xff, 0x60, 0x00, 0x05, 0xff, 0xff, 0x10, 0x00, 0x00, 0x00, 0x00, 0x00, 0x00, 0x0e, 0xff, 0xf6,
    0x00, 0x00, 0x5f, 0xff, 0xf1, 0x00, 0x00, 0x00, 0x00, 0x00, 0x00, 0x00, 0xef, 0xff, 0x60, 0x00,
    0x04, 0xff, 0xff, 0x10, 0x00, 0x00, 0x00, 0x00, 0x00, 0x00, 0x0f, 0xff, 0xf5, 0x00, 0x00, 0x3f,
    0xff, 0xf3, 0x00, 0x00, 0x00, 0x00, 0x00, 0x00, 0x02, 0xff, 0xff, 0x40, 0x00, 0x00, 0xff, 0xff,
    0x60, 0x00, 0x00, 0x00, 0x00, 0x00, 0x00, 0x5f, 0xff, 0xf2, 0x00, 0x00, 0x0c, 0xff, 0xfa, 0x00,
    0x00, 0x00, 0x00, 0x00, 0x00, 0x09, 0xff, 0xfd, 0x00, 0x00, 0x00, 0x7f, 0xff, 0xe1, 0x00, 0x00,
    0x00, 0x00, 0x00, 0x01, 0xef, 0xff, 0x90, 0x00, 0x00, 0x01, 0xff, 0xff, 0x90, 0x00, 0x00, 0x00,
    0x00, 0x00, 0x8f, 0xff, 0xf3, 0x00, 0x00, 0x00, 0x08, 0xff, 0xff, 0x50, 0x00, 0x00, 0x00, 0x00,
    0x4f, 0xff, 0xfb, 0x00, 0x00, 0x00, 0x00, 0x1d, 0xff, 0xff, 0x81, 0x00, 0x00, 0x01, 0x7f, 0xff,
    0xfe, 0x20, 0x00, 0x00, 0x00, 0x00, 0x2e, 0xff, 0xff, 0xfb, 0x98, 0x9b, 0xef, 0xff, 0xff, 0x40,
    0x00, 0x00, 0x00, 0x00, 0x00, 0x2d, 0xff, 0xff, 0xff, 0xff, 0xff, 0xff, 0xfe, 0x30, 0x00, 0x00,
    0x00, 0x00, 0x00, 0x00, 0x18, 0xef, 0xff, 0xff, 0xff, 0xff, 0xf9, 0x10, 0x00, 0x00, 0x00, 0x00,
    0x00, 0x00, 0x00, 0x01, 0x6a, 0xde, 0xfe, 0xda, 0x62, 0x00, 0x00, 0x00, 0x00, 0x00, 0x00, 0x00,
    0x00, 0x00, 0x5b, 0xee, 0xc6, 0x10, 0x00, 0x00, 0x4f, 0xf4, 0x00, 0x00, 0x00, 0x00, 0x00, 0x00,
    0x7f, 0xff, 0xff, 0xfe, 0x60, 0x00, 0x0b, 0xff, 0x10, 0x00, 0x00, 0x00, 0x00, 0x00, 0x3f, 0xff,
    0xff, 0xff, 0xff, 0xe9, 0x8c, 0xff, 0xb0, 0x00, 0x00, 0x00, 0x00, 0x00, 0x0b, 0xff, 0xc8, 0x9d,
    0xff, 0xff, 0xff, 0xff, 0xf4, 0x00, 0x00, 0x00, 0x00, 0x00, 0x01, 0xff, 0xc0, 0x00, 0x05, 0xdf,
    0xff, 0xff, 0xf8, 0x00, 0x00, 0x00, 0x00, 0x00, 0x00, 0x3f, 0xf5, 0x00, 0x00, 0x00, 0x6b, 0xee,
    0xc5, 0x00, 0x00, 0x00, 0x00, 0x00, 0x00, 0x00, 0x00, 0x00, 0x00, 0x00, 0x00, 0x00, 0x00, 0x00,
    0x00, 0x00, 0x00, 0x00, 0x00, 0x00, 0x00, 0x00, 0x00, 0x00, 0x00, 0x00, 0x00, 0x00, 0x00, 0x00,
    0x00, 0x00, 0x00, 0x00, 0x00, 0x00, 0x00, 0x00, 0x00, 0x00, 0x00, 0x00, 0x00, 0x00, 0x00, 0x00,
    0x00, 0x00, 0x00, 0x00, 0x00, 0x16, 0xac, 0xef, 0xed, 0xa6, 0x10, 0x00, 0x00, 0x00, 0x00, 0x00,
    0x00, 0x00, 0x01, 0x8f, 0xff, 0xff, 0xff, 0xff, 0xff, 0x91, 0x00, 0x00, 0x00, 0x00, 0x00, 0x00,
    0x03, 0xef, 0xff, 0xff, 0xff, 0xff, 0xff, 0xff, 0xe3, 0x00, 0x00, 0x00, 0x00, 0x00, 0x04, 0xef,
    0xff, 0xfe, 0xb9, 0x89, 0xbe, 0xff, 0xff, 0xe4, 0x00, 0x00, 0x00, 0x00, 0x01, 0xef, 0xff, 0xf7,
    0x10, 0x00, 0x00, 0x07, 0xef, 0xff, 0xe2, 0x00, 0x00, 0x00, 0x00, 0xaf, 0xff, 0xf4, 0x00, 0x00,
    0x00, 0x00, 0x04, 0xff, 0xff, 0xa0, 0x00, 0x00, 0x00, 0x2f, 0xff, 0xf7, 0x00, 0x00, 0x00, 0x00,
    0x00, 0x07, 0xff, 0xff, 0x30, 0x00, 0x00, 0x08, 0xff, 0xfe, 0x10, 0x00, 0x00, 0x00, 0x00, 0x00,
    0x0e, 0xff, 0xf9, 0x00, 0x00, 0x00, 0xcf, 0xff, 0x90, 0x00, 0x00, 0x00, 0x00, 0x00, 0x00, 0x8f,
    0xff, 0xd0, 0x00, 0x00, 0x1f, 0xff, 0xf5, 0x00, 0x00, 0x00, 0x00, 0x00, 0x00, 0x04, 0xff, 0xff,
    0x20, 0x00, 0x03, 0xff, 0xff, 0x30, 0x00, 0x00, 0x00, 0x00, 0x00, 0x00, 0x2f, 0xff, 0xf4, 0x00,
    0x00, 0x4f, 0xff, 0xf1, 0x00, 0x00, 0x00, 0x00, 0x00, 0x00, 0x00, 0xff, 0xff, 0x60, 0x00, 0x05,
    0xff, 0xff, 0x10, 0x00, 0x00, 0x00, 0x00, 0x00, 0x00, 0x0e, 0xff, 0xf6, 0x00, 0x00, 0x5f, 0xff,
    0xf1, 0x00, 0x00, 0x00, 0x00, 0x00, 0x00, 0x00, 0xef, 0xff, 0x60, 0x00, 0x04, 0xff, 0xff, 0x10,
    0x00, 0x00, 0x00, 0x00, 0x00, 0x00, 0x0f, 0xff, 0xf5, 0x00, 0x00, 0x3f, 0xff, 0xf3, 0x00, 0x00,
    0x00, 0x00, 0x00, 0x00, 0x02, 0xff, 0xff, 0x40, 0x00, 0x00, 0xff, 0xff, 0x60, 0x00, 0x00, 0x00,
    0x00, 0x00, 0x00, 0x5f, 0xff, 0xf2, 0x00, 0x00, 0x0c, 0xff, 0xfa, 0x00, 0x00, 0x00, 0x00, 0x00,
    0x00, 0x09, 0xff, 0xfd, 0x00, 0x00, 0x00, 0x7f, 0xff, 0xe1, 0x00, 0x00, 0x00, 0x00, 0x00, 0x01,
    0xef, 0xff, 0x90, 0x00, 0x00, 0x01, 0xff, 0xff, 0x90, 0x00, 0x00, 0x00, 0x00, 0x00, 0x8f, 0xff,
    0xf3, 0x00, 0x00, 0x00, 0x08, 0xff, 0xff, 0x50, 0x00, 0x00, 0x00, 0x00, 0x4f, 0xff, 0xfb, 0x00,
    0x00, 0x00, 0x00, 0x1d, 0xff, 0xff, 0x81, 0x00, 0x00, 0x01, 0x7f, 0xff, 0xfe, 0x20, 0x00, 0x00,
    0x00, 0x00, 0x2e, 0xff, 0xff, 0xfb, 0x98, 0x9b, 0xef, 0xff, 0xff, 0x40, 0x00, 0x00, 0x00, 0x00,
    0x00, 0x2d, 0xff, 0xff, 0xff, 0xff, 0xff, 0xff, 0xfe, 0x30, 0x00, 0x00, 0x00, 0x00, 0x00, 0x00,
    0x18, 0xef, 0xff, 0xff, 0xff, 0xff, 0xf9, 0x10, 0x00, 0x00, 0x00, 0x00, 0x00, 0x00, 0x00, 0x01,
    0x6a, 0xde, 0xfe, 0xda, 0x62, 0x00, 0x00, 0x00, 0x00, 0x00, 0x00, 0x00, 0x00, 0x00, 0x6e, 0xe6,
    0x00, 0x00, 0x06, 0xee, 0x60, 0x00, 0x00, 0x00, 0x00, 0x00, 0x00, 0x00, 0x1f, 0xff, 0xf2, 0x00,
    0x01, 0xff, 0xff, 0x20, 0x00, 0x00, 0x00, 0x00, 0x00, 0x00, 0x03, 0xff, 0xff, 0x40, 0x00, 0x2f,
    0xff, 0xf3, 0x00, 0x00, 0x00, 0x00, 0x00, 0x00, 0x00, 0x1e, 0xff, 0xf1, 0x00, 0x01, 0xef, 0xff,
    0x10, 0x00, 0x00, 0x00, 0x00, 0x00, 0x00, 0x00, 0x5d, 0xe6, 0x00, 0x00, 0x05, 0xee, 0x60, 0x00,
    0x00, 0x00, 0x00, 0x00, 0x00, 0x00, 0x00, 0x00, 0x00, 0x00, 0x00, 0x00, 0x00, 0x00, 0x00, 0x00,
    0x00, 0x00, 0x00, 0x00, 0x00, 0x00, 0x00, 0x00, 0x00, 0x00, 0x00, 0x00, 0x00, 0x00, 0x00, 0x00,
    0x00, 0x00, 0x00, 0x00, 0x00, 0x00, 0x00, 0x00, 0x00, 0x00, 0x00, 0x00, 0x00, 0x00, 0x00, 0x00,
    0x00, 0x00, 0x00, 0x00, 0x00, 0x00, 0x00, 0x00, 0x00, 0x00, 0x00, 0x00, 0x00, 0x00, 0x00, 0x00,
    0x00, 0x16, 0xac, 0xef, 0xed, 0xa6, 0x10, 0x00, 0x00, 0x00, 0x00, 0x00, 0x00, 0x00, 0x01, 0x8f,
    0xff, 0xff, 0xff, 0xff, 0xff, 0x91, 0x00, 0x00, 0x00, 0x00, 0x00, 0x00, 0x03, 0xef, 0xff, 0xff,
    0xff, 0xff, 0xff, 0xff, 0xe3, 0x00, 0x00, 0x00, 0x00, 0x00, 0x04, 0xef, 0xff, 0xfe, 0xb9, 0x89,
    0xbe, 0xff, 0xff, 0xe4, 0x00, 0x00, 0x00, 0x00, 0x01, 0xef, 0xff, 0xf7, 0x10, 0x00, 0x00, 0x07,
    0xef, 0xff, 0xe2, 0x00, 0x00, 0x00, 0x00, 0xaf, 0xff, 0xf4, 0x00, 0x00, 0x00, 0x00, 0x04, 0xff,
    0xff, 0xa0, 0x00, 0x00, 0x00, 0x2f, 0xff, 0xf7, 0x00, 0x00, 0x00, 0x00, 0x00, 0x07, 0xff, 0xff,
    0x30, 0x00, 0x00, 0x08, 0xff, 0xfe, 0x10, 0x00, 0x00, 0x00, 0x00, 0x00, 0x0e, 0xff, 0xf9, 0x00,
    0x00, 0x00, 0xcf, 0xff, 0x90, 0x00, 0x00, 0x00, 0x00, 0x00, 0x00, 0x8f, 0xff, 0xd0, 0x00, 0x00,
    0x1f, 0xff, 0xf5, 0x00, 0x00, 0x00, 0x00, 0x00, 0x00, 0x04, 0xff, 0xff, 0x20, 0x00, 0x03, 0xff,
    0xff, 0x30, 0x00, 0x00, 0x00, 0x00, 0x00, 0x00, 0x2f, 0xff, 0xf4, 0x00, 0x00, 0x4f, 0xff, 0xf1,
    0x00, 0x00, 0x00, 0x00, 0x00, 0x00, 0x00, 0xff, 0xff, 0x60, 0x00, 0x05, 0xff, 0xff, 0x10, 0x00,
    0x00, 0x00, 0x00, 0x00, 0x00, 0x0e, 0xff, 0xf6, 0x00, 0x00, 0x5f, 0xff, 0xf1, 0x00, 0x00, 0x00,
    0x00, 0x00, 0x00, 0x00, 0xef, 0xff, 0x60, 0x00, 0x04, 0xff, 0xff, 0x10, 0x00, 0x00, 0x00, 0x00,
    0x00, 0x00, 0x0f, 0xff, 0xf5, 0x00, 0x00, 0x3f, 0xff, 0xf3, 0x00, 0x00, 0x00, 0x00, 0x00, 0x00,
    0x02, 0xff, 0xff, 0x40, 0x00, 0x00, 0xff, 0xff, 0x60, 0x00, 0x00, 0x00, 0x00, 0x00, 0x00, 0x5f,
    0xff, 0xf2, 0x00, 0x00, 0x0c, 0xff, 0xfa, 0x00, 0x00, 0x00, 0x00, 0x00, 0x00, 0x09, 0xff, 0xfd,
    0x00, 0x00, 0x00, 0x7f, 0xff, 0xe1, 0x00, 0x00, 0x00, 0x00, 0x00, 0x01, 0xef, 0xff, 0x90, 0x00,
    0x00, 0x01, 0xff, 0xff, 0x90, 0x00, 0x00, 0x00, 0x00, 0x00, 0x8f, 0xff, 0xf3, 0x00, 0x00, 0x00,
    0x08, 0xff, 0xff, 0x50, 0x00, 0x00, 0x00, 0x00, 0x4f, 0xff, 0xfb, 0x00, 0x00, 0x00, 0x00, 0x1d,
    0xff, 0xff, 0x81, 0x00, 0x00, 0x01, 0x7f, 0xff, 0xfe, 0x20, 0x00, 0x00, 0x00, 0x00, 0x2e, 0xff,
    0xff, 0xfb, 0x98, 0x9b, 0xef, 0xff, 0xff, 0x40, 0x00, 0x00, 0x00, 0x00, 0x00, 0x2d, 0xff, 0xff,
    0xff, 0xff, 0xff, 0xff, 0xfe, 0x30, 0x00, 0x00, 0x00, 0x00, 0x00, 0x00, 0x18, 0xef, 0xff, 0xff,
    0xff, 0xff, 0xf9, 0x10, 0x00, 0x00, 0x00, 0x00, 0x00, 0x00, 0x00, 0x01, 0x6a, 0xde, 0xfe, 0xda,
    0x62, 0x00, 0x00, 0x00, 0x00, 0x00, 0x00, 0x00, 0x00, 0x00, 0x00, 0x02, 0xbe, 0xd5, 0x00, 0x00,
    0x00, 0x00, 0x00, 0x00, 0x00, 0x00, 0x00, 0x00, 0x00, 0xbf, 0xff, 0xf1, 0x00, 0x00, 0x00, 0x00,
    0x00, 0x00, 0x00, 0x00, 0x00, 0x00, 0x0f, 0xff, 0xff, 0x40, 0x00, 0x00, 0x00, 0x00, 0x00, 0x00,
    0x00, 0x00, 0x00, 0x00, 0xef, 0xff, 0xf4, 0x00, 0x00, 0x00, 0x00, 0x00, 0x00, 0x00, 0x00, 0x00,
    0x00, 0x0a, 0xff, 0xfe, 0x10, 0x00, 0x00, 0x00, 0x00, 0x00, 0x00, 0x00, 0x00, 0x00, 0x00, 0x2a,
    0xed, 0x40, 0x00, 0x00, 0x00, 0x00, 0x00, 0x00, 0x00, 0x00, 0x00, 0x00, 0x00, 0x00, 0x00, 0x00,
    0x00, 0x00, 0x00, 0x00, 0x00, 0x00, 0x00, 0x00, 0x00, 0x00, 0x00, 0x00, 0x00, 0x00, 0x00, 0x00,
    0x00, 0x00, 0x00, 0x00, 0x00, 0x00, 0x00, 0x00, 0x00, 0x00, 0x00, 0x00, 0x00, 0x00, 0x00, 0x00,
    0x09, 0xff, 0xff, 0xff, 0xff, 0xff, 0xff, 0xff, 0xff, 0xff, 0xff, 0xff, 0x00, 0x00, 0x9f, 0xff,
    0xff, 0xff, 0xff, 0xff, 0xff, 0xff, 0xff, 0xff, 0xff, 0xf0, 0x00, 0x09, 0xff, 0xff, 0xff, 0xff,
    0xff, 0xff, 0xff, 0xff, 0xff, 0xff, 0xff, 0x00, 0x00, 0x47, 0x77, 0x77, 0x77, 0x77, 0x77, 0x77,
    0x77, 0x77, 0x77, 0x77, 0x70, 0x00, 0x00, 0x00, 0x00, 0x00, 0x00, 0x00, 0x00, 0x00, 0x00, 0x00,
    0x00, 0x00, 0x00, 0x00, 0x00, 0x00, 0x00, 0x00, 0x00, 0x00, 0x00, 0x00, 0x00, 0x00, 0x00, 0x00,
    0x00, 0x00, 0x00, 0x00, 0x00, 0x00, 0x00, 0x00, 0x00, 0x00, 0x00, 0x00, 0x00, 0x00, 0x00, 0x00,
    0x00, 0x00, 0x00, 0x02, 0xbe, 0xd5, 0x00, 0x00, 0x00, 0x00, 0x00, 0x00, 0x00, 0x00, 0x00, 0x00,
    0x00, 0xbf, 0xff, 0xf1, 0x00, 0x00, 0x00, 0x00, 0x00, 0x00, 0x00, 0x00, 0x00, 0x00, 0x0f, 0xff,
    0xff, 0x40, 0x00, 0x00, 0x00, 0x00, 0x00, 0x00, 0x00, 0x00, 0x00, 0x00, 0xef, 0xff, 0xf4, 0x00,
    0x00, 0x00, 0x00, 0x00, 0x00, 0x00, 0x00, 0x00, 0x00, 0x0a, 0xff, 0xfe, 0x10, 0x00, 0x00, 0x00,
    0x00, 0x00, 0x00, 0x00, 0x00, 0x00, 0x00, 0x2a, 0xed, 0x40, 0x00, 0x00, 0x00, 0x00, 0x00, 0x00,
    0x00, 0x00, 0x00, 0x00, 0x00, 0x00, 0x00, 0x00, 0x00, 0x00, 0x00, 0x00, 0x00, 0x00, 0x00, 0x00,
    0x00, 0x00, 0x00, 0x00, 0x00, 0x00, 0x00, 0x00, 0x00, 0x00, 0x00, 0x00, 0x00, 0x00, 0x00, 0x00,
    0x00, 0x00, 0x00, 0x00, 0x00, 0x00, 0x00, 0x00, 0x00, 0x00, 0x00, 0x00, 0x00, 0x00, 0x00, 0x00,
    0x00, 0x00, 0x00, 0x00, 0x00, 0x00, 0x00, 0x00, 0x00, 0x00, 0x00, 0x00, 0x00, 0x00, 0x00, 0x00,
    0x00, 0x00, 0x00, 0x00, 0x00, 0x00, 0x00, 0x00, 0x00, 0x00, 0x00, 0x00, 0x00, 0x00, 0x00, 0x00,
    0x00, 0x00, 0x00, 0x00, 0x00, 0x00, 0x00, 0x00, 0x00, 0x00, 0x00, 0x87, 0x00, 0x00, 0x00, 0x00,
    0x00, 0x00, 0x00, 0x16, 0xac, 0xef, 0xed, 0xa6, 0x10, 0x4f, 0xfc, 0x30, 0x00, 0x00, 0x00, 0x00,
    0x01, 0x9f, 0xff, 0xff, 0xff, 0xff, 0xfe, 0x8e, 0xff, 0xf3, 0x00, 0x00, 0x00, 0x00, 0x03, 0xef,
    0xff, 0xff, 0xff, 0xff, 0xff, 0xff, 0xff, 0xf7, 0x00, 0x00, 0x00, 0x00, 0x04, 0xff, 0xff, 0xfe,
    0xb9, 0x88, 0xbf, 0xff, 0xff, 0xfb, 0x00, 0x00, 0x00, 0x00, 0x01, 0xef, 0xff, 0xf7, 0x10, 0x00,
    0x00, 0x2b, 0xff, 0xff, 0xc0, 0x00, 0x00, 0x00, 0x00, 0xaf, 0xff, 0xf4, 0x00, 0x00, 0x00, 0x00,
    0xcf, 0xff, 0xff, 0x70, 0x00, 0x00, 0x00, 0x2f, 0xff, 0xf7, 0x00, 0x00, 0x00, 0x00, 0x8f, 0xff,
    0xff, 0xfe, 0x10, 0x00, 0x00, 0x08, 0xff, 0xfe, 0x10, 0x00, 0x00, 0x00, 0x4f, 0xff, 0xce, 0xff,
    0xf7, 0x00, 0x00, 0x00, 0xcf, 0xff, 0x90, 0x00, 0x00, 0x00, 0x2e, 0xff, 0xe2, 0x9f, 0xff, 0xc0,
    0x00, 0x00, 0x1f, 0xff, 0xf5, 0x00, 0x00, 0x00, 0x0c, 0xff, 0xf5, 0x05, 0xff, 0xff, 0x10, 0x00,
    0x03, 0xff, 0xff, 0x30, 0x00, 0x00, 0x08, 0xff, 0xf9, 0x00, 0x2f, 0xff, 0xf4, 0x00, 0x00, 0x4f,
    0xff, 0xf1, 0x00, 0x00, 0x04, 0xff, 0xfc, 0x10, 0x00, 0xff, 0xff, 0x50, 0x00, 0x05, 0xff, 0xff,
    0x10, 0x00, 0x02, 0xef, 0xfe, 0x20, 0x00, 0x0e, 0xff, 0xf6, 0x00, 0x00, 0x5f, 0xff, 0xf1, 0x00,
    0x00, 0xcf, 0xff, 0x60, 0x00, 0x00, 0xef, 0xff, 0x60, 0x00, 0x04, 0xff, 0xff, 0x20, 0x00, 0x8f,
    0xff, 0x90, 0x00, 0x00, 0x0f, 0xff, 0xf5, 0x00, 0x00, 0x3f, 0xff, 0xf3, 0x00, 0x4f, 0xff, 0xd1,
    0x00, 0x00, 0x02, 0xff, 0xff, 0x40, 0x00, 0x00, 0xef, 0xff, 0x50, 0x2e, 0xff, 0xe3, 0x00, 0x00,
    0x00, 0x4f, 0xff, 0xf2, 0x00, 0x00, 0x0b, 0xff, 0xf9, 0x0b, 0xff, 0xf6, 0x00, 0x00, 0x00, 0x09,
    0xff, 0xfd, 0x00, 0x00, 0x00, 0x7f, 0xff, 0xe9, 0xff, 0xfa, 0x00, 0x00, 0x00, 0x01, 0xef, 0xff,
    0x90, 0x00, 0x00, 0x01, 0xef, 0xff, 0xff, 0xfd, 0x10, 0x00, 0x00, 0x00, 0x7f, 0xff, 0xf3, 0x00,
    0x00, 0x00, 0x08, 0xff, 0xff, 0xff, 0x30, 0x00, 0x00, 0x00, 0x4f, 0xff, 0xfb, 0x00, 0x00, 0x00,
    0x00, 0x0c, 0xff, 0xff, 0xb1, 0x00, 0x00, 0x01, 0x7f, 0xff, 0xfe, 0x20, 0x00, 0x00, 0x00, 0x00,
    0x7f, 0xff, 0xff, 0xeb, 0x88, 0x9b, 0xef, 0xff, 0xff, 0x40, 0x00, 0x00, 0x00, 0x00, 0x3f, 0xff,
    0xff, 0xff, 0xff, 0xff, 0xff, 0xff, 0xfe, 0x40, 0x00, 0x00, 0x00, 0x00, 0x1d, 0xff, 0xf9, 0xef,
    0xff, 0xff, 0xff, 0xff, 0xf9, 0x20, 0x00, 0x00, 0x00, 0x00, 0x02, 0xdf, 0xf7, 0x01, 0x6a, 0xde,
    0xfe, 0xda, 0x62, 0x00, 0x00, 0x00, 0x00, 0x00, 0x00, 0x01, 0x8b, 0x00, 0x00, 0x00, 0x00, 0x00,
    0x00, 0x00, 0x00, 0x00, 0x00, 0x00, 0x00, 0x00, 0x00, 0x00, 0x00, 0x00, 0x00, 0x00, 0x00, 0x00,
    0x00, 0x00, 0x00, 0x00, 0x00, 0x00, 0x00, 0x00, 0x00, 0x38, 0x88, 0x85, 0x00, 0x00, 0x00, 0x00,
    0x00, 0x00, 0x00, 0x00, 0x00, 0x00, 0x00, 0x00, 0x2e, 0xff, 0xff, 0x20, 0x00, 0x00, 0x00, 0x00,
    0x00, 0x00, 0x00, 0x00, 0x00, 0x00, 0x00, 0x04, 0xff, 0xff, 0xb0, 0x00, 0x00, 0x00, 0x00, 0x00,
    0x00, 0x00, 0x00, 0x00, 0x00, 0x00, 0x00, 0x6f, 0xff, 0xf5, 0x00, 0x00, 0x00, 0x00, 0x00, 0x00,
    0x00, 0x00, 0x00, 0x00, 0x00, 0x00, 0x06, 0xff, 0xfe, 0x10, 0x00, 0x00, 0x00, 0x00, 0x00, 0x00,
    0x00, 0x00, 0x00, 0x00, 0x00, 0x00, 0x7f, 0xff, 0xa0, 0x00, 0x00, 0x00, 0x00, 0x00, 0x00, 0x00,
    0x00, 0x00, 0x00, 0x00, 0x00, 0x06, 0xff, 0xf7, 0x00, 0x00, 0x00, 0x00, 0x00, 0x00, 0x00, 0x00,
    0x00, 0x00, 0x00, 0x00, 0x00, 0x5e, 0xff, 0x20, 0x00, 0x00, 0x00, 0x00, 0x00, 0x00, 0x00, 0x00,
    0x00, 0x00, 0x00, 0x00, 0x00, 0x00, 0x00, 0x00, 0x00, 0x00, 0x00, 0x00, 0x00, 0x00, 0x00, 0x00,
    0x00, 0x00, 0x00, 0x00, 0x00, 0x00, 0x00, 0x00, 0x00, 0x00, 0x00, 0x00, 0x00, 0x00, 0x00, 0x00,
    0x00, 0x00, 0x00, 0x00, 0x00, 0x00, 0x00, 0x00, 0x00, 0x00, 0x00, 0x03, 0xff, 0xff, 0x10, 0x00,
    0x00, 0x00, 0x00, 0x00, 0x0a, 0xff, 0xf9, 0x00, 0x00, 0x00, 0x03, 0xff, 0xff, 0x10, 0x00, 0x00,
    0x00, 0x00, 0x00, 0x0a, 0xff, 0xf9, 0x00, 0x00, 0x00, 0x03, 0xff, 0xff, 0x10, 0x00, 0x00, 0x00,
    0x00, 0x00, 0x0a, 0xff, 0xf9, 0x00, 0x00, 0x00, 0x03, 0xff, 0xff, 0x10, 0x00, 0x00, 0x00, 0x00,
    0x00, 0x0a, 0xff, 0xf9, 0x00, 0x00, 0x00, 0x03, 0xff, 0xff, 0x10, 0x00, 0x00, 0x00, 0x00, 0x00,
    0x0a, 0xff, 0xf9, 0x00, 0x00, 0x00, 0x03, 0xff, 0xff, 0x10, 0x00, 0x00, 0x00, 0x00, 0x00, 0x0a,
    0xff, 0xf9, 0x00, 0x00, 0x00, 0x03, 0xff, 0xff, 0x10, 0x00, 0x00, 0x00, 0x00, 0x00, 0x0a, 0xff,
    0xf9, 0x00, 0x00, 0x00, 0x03, 0xff, 0xff, 0x10, 0x00, 0x00, 0x00, 0x00, 0x00, 0x0a, 0xff, 0xf9,
    0x00, 0x00, 0x00, 0x03, 0xff, 0xff, 0x10, 0x00, 0x00, 0x00, 0x00, 0x00, 0x0a, 0xff, 0xf9, 0x00,
    0x00, 0x00, 0x03, 0xff, 0xff, 0x10, 0x00, 0x00, 0x00, 0x00, 0x00, 0x0a, 0xff, 0xf9, 0x00, 0x00,
    0x00, 0x03, 0xff, 0xff, 0x10, 0x00, 0x00, 0x00, 0x00, 0x00, 0x0a, 0xff, 0xf9, 0x00, 0x00, 0x00,
    0x03, 0xff, 0xff, 0x10, 0x00, 0x00, 0x00, 0x00, 0x00, 0x0a, 0xff, 0xf9, 0x00, 0x00, 0x00, 0x03,
    0xff, 0xff, 0x10, 0x00, 0x00, 0x00, 0x00, 0x00, 0x0a, 0xff, 0xf9, 0x00, 0x00, 0x00, 0x03, 0xff,
    0xff, 0x10, 0x00, 0x00, 0x00, 0x00, 0x00, 0x0a, 0xff, 0xf9, 0x00, 0x00, 0x00, 0x03, 0xff, 0xff,
    0x10, 0x00, 0x00, 0x00, 0x00, 0x00, 0x0b, 0xff, 0xf9, 0x00, 0x00, 0x00, 0x03, 0xff, 0xff, 0x10,
    0x00, 0x00, 0x00, 0x00, 0x00, 0x0c, 0xff, 0xf9, 0x00, 0x00, 0x00, 0x03, 0xff, 0xff, 0x10, 0x00,
    0x00, 0x00, 0x00, 0x00, 0x0e, 0xff, 0xf9, 0x00, 0x00, 0x00, 0x02, 0xff, 0xff, 0x20, 0x00, 0x00,
    0x00, 0x00, 0x00, 0x2f, 0xff, 0xf9, 0x00, 0x00, 0x00, 0x01, 0xff, 0xff, 0x40, 0x00, 0x00, 0x00,
    0x00, 0x00, 0x7f, 0xff, 0xf9, 0x00, 0x00, 0x00, 0x00, 0xef, 0xff, 0x90, 0x00, 0x00, 0x00, 0x00,
    0x01, 0xef, 0xff, 0xf9, 0x00, 0x00, 0x00, 0x00, 0xbf, 0xff, 0xe3, 0x00, 0x00, 0x00, 0x00, 0x0a,
    0xff, 0xff, 0xf9, 0x00, 0x00, 0x00, 0x00, 0x5f, 0xff, 0xfd, 0x40, 0x00, 0x00, 0x02, 0xbf, 0xff,
    0xff, 0xf9, 0x00, 0x00, 0x00, 0x00, 0x0d, 0xff, 0xff, 0xfc, 0x98, 0x89, 0xdf, 0xff, 0xe9, 0xff,
    0xf9, 0x00, 0x00, 0x00, 0x00, 0x02, 0xef, 0xff, 0xff, 0xff, 0xff, 0xff, 0xfe, 0x44, 0xff, 0xf9,
    0x00, 0x00, 0x00, 0x00, 0x00, 0x2b, 0xff, 0xff, 0xff, 0xff, 0xff, 0xb2, 0x02, 0xff, 0xf9, 0x00,
    0x00, 0x00, 0x00, 0x00, 0x00, 0x38, 0xbe, 0xef, 0xdb, 0x73, 0x00, 0x00, 0xef, 0xf9, 0x00, 0x00,
    0x00, 0x00, 0x00, 0x00, 0x00, 0x00, 0x00, 0x00, 0x58, 0x88, 0x84, 0x00, 0x00, 0x00, 0x00, 0x00,
    0x00, 0x00, 0x00, 0x00, 0x00, 0x00, 0x01, 0xef, 0xff, 0xf3, 0x00, 0x00, 0x00, 0x00, 0x00, 0x00,
    0x00, 0x00, 0x00, 0x00, 0x00, 0x0a, 0xff, 0xff, 0x60, 0x00, 0x00, 0x00, 0x00, 0x00, 0x00, 0x00,
    0x00, 0x00, 0x00, 0x00, 0x4f, 0xff, 0xf7, 0x00, 0x00, 0x00, 0x00, 0x00, 0x00, 0x00, 0x00, 0x00,
    0x00, 0x00, 0x01, 0xdf, 0xff, 0x80, 0x00, 0x00, 0x00, 0x00, 0x00, 0x00, 0x00, 0x00, 0x00, 0x00,
    0x00, 0x09, 0xff, 0xf8, 0x00, 0x00, 0x00, 0x00, 0x00, 0x00, 0x00, 0x00, 0x00, 0x00, 0x00, 0x00,
    0x5f, 0xff, 0x80, 0x00, 0x00, 0x00, 0x00, 0x00, 0x00, 0x00, 0x00, 0x00, 0x00, 0x00, 0x00, 0xef,
    0xf6, 0x00, 0x00, 0x00, 0x00, 0x00, 0x00, 0x00, 0x00, 0x00, 0x00, 0x00, 0x00, 0x00, 0x00, 0x00,
    0x00, 0x00, 0x00, 0x00, 0x00, 0x00, 0x00, 0x00, 0x00, 0x00, 0x00, 0x00, 0x00, 0x00, 0x00, 0x00,
    0x00, 0x00, 0x00, 0x00, 0x00, 0x00, 0x00, 0x00, 0x00, 0x00, 0x00, 0x00, 0x00, 0x00, 0x00, 0x00,
    0x00, 0x00, 0x00, 0x00, 0x00, 0x00, 0x03, 0xff, 0xff, 0x10, 0x00, 0x00, 0x00, 0x00, 0x00, 0x0a,
    0xff, 0xf9, 0x00, 0x00, 0x00, 0x03, 0xff, 0xff, 0x10, 0x00, 0x00, 0x00, 0x00, 0x00, 0x0a, 0xff,
    0xf9, 0x00, 0x00, 0x00, 0x03, 0xff, 0xff, 0x10, 0x00, 0x00, 0x00, 0x00, 0x00, 0x0a, 0xff, 0xf9,
    0x00, 0x00, 0x00, 0x03, 0xff, 0xff, 0x10, 0x00, 0x00, 0x00, 0x00, 0x00, 0x0a, 0xff, 0xf9, 0x00,
    0x00, 0x00, 0x03, 0xff, 0xff, 0x10, 0x00, 0x00, 0x00, 0x00, 0x00, 0x0a, 0xff, 0xf9, 0x00, 0x00,
    0x00, 0x03, 0xff, 0xff, 0x10, 0x00, 0x00, 0x00, 0x00, 0x00, 0x0a, 0xff, 0xf9, 0x00, 0x00, 0x00,
    0x03, 0xff, 0xff, 0x10, 0x00, 0x00, 0x00, 0x00, 0x00, 0x0a, 0xff, 0xf9, 0x00, 0x00, 0x00, 0x03,
    0xff, 0xff, 0x10, 0x00, 0x00, 0x00, 0x00, 0x00, 0x0a, 0xff, 0xf9, 0x00, 0x00, 0x00, 0x03, 0xff,
    0xff, 0x10, 0x00, 0x00, 0x00, 0x00, 0x00, 0x0a, 0xff, 0xf9, 0x00, 0x00, 0x00, 0x03, 0xff, 0xff,
    0x10, 0x00, 0x00, 0x00, 0x00, 0x00, 0x0a, 0xff, 0xf9, 0x00, 0x00, 0x00, 0x03, 0xff, 0xff, 0x10,
    0x00, 0x00, 0x00, 0x00, 0x00, 0x0a, 0xff, 0xf9, 0x00, 0x00, 0x00, 0x03, 0xff, 0xff, 0x10, 0x00,
    0x00, 0x00, 0x00, 0x00, 0x0a, 0xff, 0xf9, 0x00, 0x00, 0x00, 0x03, 0xff, 0xff, 0x10, 0x00, 0x00,
    0x00, 0x00, 0x00, 0x0a, 0xff, 0xf9, 0x00, 0x00, 0x00, 0x03, 0xff, 0xff, 0x10, 0x00, 0x00, 0x00,
    0x00, 0x00, 0x0a, 0xff, 0xf9, 0x00, 0x00, 0x00, 0x03, 0xff, 0xff, 0x10, 0x00, 0x00, 0x00, 0x00,
    0x00, 0x0b, 0xff, 0xf9, 0x00, 0x00, 0x00, 0x03, 0xff, 0xff, 0x10, 0x00, 0x00, 0x00, 0x00, 0x00,
    0x0c, 0xff, 0xf9, 0x00, 0x00, 0x00, 0x03, 0xff, 0xff, 0x10, 0x00, 0x00, 0x00, 0x00, 0x00, 0x0e,
    0xff, 0xf9, 0x00, 0x00, 0x00, 0x02, 0xff, 0xff, 0x20, 0x00, 0x00, 0x00, 0x00, 0x00, 0x2f, 0xff,
    0xf9, 0x00, 0x00, 0x00, 0x01, 0xff, 0xff, 0x40, 0x00, 0x00, 0x00, 0x00, 0x00, 0x7f, 0xff, 0xf9,
    0x00, 0x00, 0x00, 0x00, 0xef, 0xff, 0x90, 0x00, 0x00, 0x00, 0x00, 0x01, 0xef, 0xff, 0xf9, 0x00,
    0x00, 0x00, 0x00, 0xbf, 0xff, 0xe3, 0x00, 0x00, 0x00, 0x00, 0x0a, 0xff, 0xff, 0xf9, 0x00, 0x00,
    0x00, 0x00, 0x5f, 0xff, 0xfd, 0x40, 0x00, 0x00, 0x02, 0xbf, 0xff, 0xff, 0xf9, 0x00, 0x00, 0x00,
    0x00, 0x0d, 0xff, 0xff, 0xfc, 0x98, 0x89, 0xdf, 0xff, 0xe9, 0xff, 0xf9, 0x00, 0x00, 0x00, 0x00,
    0x02, 0xef, 0xff, 0xff, 0xff, 0xff, 0xff, 0xfe, 0x44, 0xff, 0xf9, 0x00, 0x00, 0x00, 0x00, 0x00,
    0x2b, 0xff, 0xff, 0xff, 0xff, 0xff, 0xb2, 0x02, 0xff, 0xf9, 0x00, 0x00, 0x00, 0x00, 0x00, 0x00,
    0x38, 0xbe, 0xef, 0xdb, 0x73, 0x00, 0x00, 0xef, 0xf9, 0x00, 0x00, 0x00, 0x00, 0x00, 0x00, 0x00,
    0x00, 0x38, 0x88, 0x81, 0x00, 0x00, 0x00, 0x00, 0x00, 0x00, 0x00, 0x00, 0x00, 0x00, 0x00, 0x01,
    0xdf, 0xff, 0xfa, 0x00, 0x00, 0x00, 0x00, 0x00, 0x00, 0x00, 0x00, 0x00, 0x00, 0x00, 0x0b, 0xff,
    0xff, 0xff, 0x60, 0x00, 0x00, 0x00, 0x00, 0x00, 0x00, 0x00, 0x00, 0x00, 0x00, 0x8f, 0xff, 0xef,
    0xff, 0xf4, 0x00, 0x00, 0x00, 0x00, 0x00, 0x00, 0x00, 0x00, 0x00, 0x06, 0xff, 0xfd, 0x26, 0xff,
    0xfe, 0x30, 0x00, 0x00, 0x00, 0x00, 0x00, 0x00, 0x00, 0x00, 0x5f, 0xff, 0xc2, 0x00, 0x5e, 0xff,
    0xe2, 0x00, 0x00, 0x00, 0x00, 0x00, 0x00, 0x00, 0x04, 0xff, 0xfa, 0x10, 0x00, 0x03, 0xdf, 0xfd,
    0x20, 0x00, 0x00, 0x00, 0x00, 0x00, 0x00, 0x2e, 0xff, 0x70, 0x00, 0x00, 0x00, 0x1a, 0xff, 0xd0,
    0x00, 0x00, 0x00, 0x00, 0x00, 0x00, 0x00, 0x00, 0x00, 0x00, 0x00, 0x00, 0x00, 0x00, 0x00, 0x00,
    0x00, 0x00, 0x00, 0x00, 0x00, 0x00, 0x00, 0x00, 0x00, 0x00, 0x00, 0x00, 0x00, 0x00, 0x00, 0x00,
    0x00, 0x00, 0x00, 0x00, 0x00, 0x00, 0x00, 0x00, 0x00, 0x00, 0x00, 0x00, 0x00, 0x00, 0x00, 0x00,
    0x00, 0x03, 0xff, 0xff, 0x10, 0x00, 0x00, 0x00, 0x00, 0x00, 0x0a, 0xff, 0xf9, 0x00, 0x00, 0x00,
    0x03, 0xff, 0xff, 0x10, 0x00, 0x00, 0x00, 0x00, 0x00, 0x0a, 0xff, 0xf9, 0x00, 0x00, 0x00, 0x03,
    0xff, 0xff, 0x10, 0x00, 0x00, 0x00, 0x00, 0x00, 0x0a, 0xff, 0xf9, 0x00, 0x00, 0x00, 0x03, 0xff,
    0xff, 0x10, 0x00, 0x00, 0x00, 0x00, 0x00, 0x0a, 0xff, 0xf9, 0x00, 0x00, 0x00, 0x03, 0xff, 0xff,
    0x10, 0x00, 0x00, 0x00, 0x00, 0x00, 0x0a, 0xff, 0xf9, 0x00, 0x00, 0x00, 0x03, 0xff, 0xff, 0x10,
    0x00, 0x00, 0x00, 0x00, 0x00, 0x0a, 0xff, 0xf9, 0x00, 0x00, 0x00, 0x03, 0xff, 0xff, 0x10, 0x00,
    0x00, 0x00, 0x00, 0x00, 0x0a, 0xff, 0xf9, 0x00, 0x00, 0x00, 0x03, 0xff, 0xff, 0x10, 0x00, 0x00,
    0x00, 0x00, 0x00, 0x0a, 0xff, 0xf9, 0x00, 0x00, 0x00, 0x03, 0xff, 0xff, 0x10, 0x00, 0x00, 0x00,
    0x00, 0x00, 0x0a, 0xff, 0xf9, 0x00, 0x00, 0x00, 0x03, 0xff, 0xff, 0x10, 0x00, 0x00, 0x00, 0x00,
    0x00, 0x0a, 0xff, 0xf9, 0x00, 0x00, 0x00, 0x03, 0xff, 0xff, 0x10, 0x00, 0x00, 0x00, 0x00, 0x00,
    0x0a, 0xff, 0xf9, 0x00, 0x00, 0x00, 0x03, 0xff, 0xff, 0x10, 0x00, 0x00, 0x00, 0x00, 0x00, 0x0a,
    0xff, 0xf9, 0x00, 0x00, 0x00, 0x03, 0xff, 0xff, 0x10, 0x00, 0x00, 0x00, 0x00, 0x00, 0x0a, 0xff,
    0xf9, 0x00, 0x00, 0x00, 0x03, 0xff, 0xff, 0x10, 0x00, 0x00, 0x00, 0x00, 0x00, 0x0a, 0xff, 0xf9,
    0x00, 0x00, 0x00, 0x03, 0xff, 0xff, 0x10, 0x00, 0x00, 0x00, 0x00, 0x00, 0x0b, 0xff, 0xf9, 0x00,
    0x00, 0x00, 0x03, 0xff, 0xff, 0x10, 0x00, 0x00, 0x00, 0x00, 0x00, 0x0c, 0xff, 0xf9, 0x00, 0x00,
    0x00, 0x03, 0xff, 0xff, 0x10, 0x00, 0x00, 0x00, 0x00, 0x00, 0x0e, 0xff, 0xf9, 0x00, 0x00, 0x00,
    0x02, 0xff, 0xff, 0x20, 0x00, 0x00, 0x00, 0x00, 0x00, 0x2f, 0xff, 0xf9, 0x00, 0x00, 0x00, 0x01,
    0xff, 0xff, 0x40, 0x00, 0x00, 0x00, 0x00, 0x00, 0x7f, 0xff, 0xf9, 0x00, 0x00, 0x00, 0x00, 0xef,
    0xff, 0x90, 0x00, 0x00, 0x00, 0x00, 0x01, 0xef, 0xff, 0xf9, 0x00, 0x00, 0x00, 0x00, 0xbf, 0xff,
    0xe3, 0x00, 0x00, 0x00, 0x00, 0x0a, 0xff, 0xff, 0xf9, 0x00, 0x00, 0x00, 0x00, 0x5f, 0xff, 0xfd,
    0x40, 0x00, 0x00, 0x02, 0xbf, 0xff, 0xff, 0xf9, 0x00, 0x00, 0x00, 0x00, 0x0d, 0xff, 0xff, 0xfc,
    0x98, 0x89, 0xdf, 0xff, 0xe9, 0xff, 0xf9, 0x00, 0x00, 0x00, 0x00, 0x02, 0xef, 0xff, 0xff, 0xff,
    0xff, 0xff, 0xfe, 0x44, 0xff, 0xf9, 0x00, 0x00, 0x00, 0x00, 0x00, 0x2b, 0xff, 0xff, 0xff, 0xff,
    0xff, 0xb2, 0x02, 0xff, 0xf9, 0x00, 0x00, 0x00, 0x00, 0x00, 0x00, 0x38, 0xbe, 0xef, 0xdb, 0x73,
    0x00, 0x00, 0xef, 0xf9, 0x00, 0x00, 0x00, 0x00, 0x00, 0x00, 0x3c, 0xea, 0x00, 0x00, 0x03, 0xce,
    0x90, 0x00, 0x00, 0x00, 0x00, 0x00, 0x00, 0x00, 0x00, 0xbf, 0xff, 0x60, 0x00, 0x0b, 0xff, 0xf6,
    0x00, 0x00, 0x00, 0x00, 0x00, 0x00, 0x00, 0x00, 0xef, 0xff, 0x80, 0x00, 0x0d, 0xff, 0xf8, 0x00,
    0x00, 0x00, 0x00, 0x00, 0x00, 0x00, 0x00, 0xbf, 0xff, 0x50, 0x00, 0x0b, 0xff, 0xf5, 0x00, 0x00,
    0x00, 0x00, 0x00, 0x00, 0x00, 0x00, 0x2c, 0xe9, 0x00, 0x00, 0x03, 0xce, 0x90, 0x00, 0x00, 0x00,
    0x00, 0x00, 0x00, 0x00, 0x00, 0x00, 0x00, 0x00, 0x00, 0x00, 0x00, 0x00, 0x00, 0x00, 0x00, 0x00,
    0x00, 0x00, 0x00, 0x00, 0x00, 0x00, 0x00, 0x00, 0x00, 0x00, 0x00, 0x00, 0x00, 0x00, 0x00, 0x00,
    0x00, 0x00, 0x00, 0x00, 0x00, 0x00, 0x00, 0x00, 0x00, 0x00, 0x00, 0x00, 0x00, 0x00, 0x00, 0x00,
    0x00, 0x00, 0x00, 0x00, 0x00, 0x00, 0x00, 0x00, 0x00, 0x00, 0x00, 0x00, 0x00, 0x00, 0x03, 0xff,
    0xff, 0x10, 0x00, 0x00, 0x00, 0x00, 0x00, 0x0a, 0xff, 0xf9, 0x00, 0x00, 0x00, 0x03, 0xff, 0xff,
    0x10, 0x00, 0x00, 0x00, 0x00, 0x00, 0x0a, 0xff, 0xf9, 0x00, 0x00, 0x00, 0x03, 0xff, 0xff, 0x10,
    0x00, 0x00, 0x00, 0x00, 0x00, 0x0a, 0xff, 0xf9, 0x00, 0x00, 0x00, 0x03, 0xff, 0xff, 0x10, 0x00,
    0x00, 0x00, 0x00, 0x00, 0x0a, 0xff, 0xf9, 0x00, 0x00, 0x00, 0x03, 0xff, 0xff, 0x10, 0x00, 0x00,
    0x00, 0x00, 0x00, 0x0a, 0xff, 0xf9, 0x00, 0x00, 0x00, 0x03, 0xff, 0xff, 0x10, 0x00, 0x00, 0x00,
    0x00, 0x00, 0x0a, 0xff, 0xf9, 0x00, 0x00, 0x00, 0x03, 0xff, 0xff, 0x10, 0x00, 0x00, 0x00, 0x00,
    0x00, 0x0a, 0xff, 0xf9, 0x00, 0x00, 0x00, 0x03, 0xff, 0xff, 0x10, 0x00, 0x00, 0x00, 0x00, 0x00,
    0x0a, 0xff, 0xf9, 0x00, 0x00, 0x00, 0x03, 0xff, 0xff, 0x10, 0x00, 0x00, 0x00, 0x00, 0x00, 0x0a,
    0xff, 0xf9, 0x00, 0x00, 0x00, 0x03, 0xff, 0xff, 0x10, 0x00, 0x00, 0x00, 0x00, 0x00, 0x0a, 0xff,
    0xf9, 0x00, 0x00, 0x00, 0x03, 0xff, 0xff, 0x10, 0x00, 0x00, 0x00, 0x00, 0x00, 0x0a, 0xff, 0xf9,
    0x00, 0x00, 0x00, 0x03, 0xff, 0xff, 0x10, 0x00, 0x00, 0x00, 0x00, 0x00, 0x0a, 0xff, 0xf9, 0x00,
    0x00, 0x00, 0x03, 0xff, 0xff, 0x10, 0x00, 0x00, 0x00, 0x00, 0x00, 0x0a, 0xff, 0xf9, 0x00, 0x00,
    0x00, 0x03, 0xff, 0xff, 0x10, 0x00, 0x00, 0x00, 0x00, 0x00, 0x0a, 0xff, 0xf9, 0x00, 0x00, 0x00,
    0x03, 0xff, 0xff, 0x10, 0x00, 0x00, 0x00, 0x00, 0x00, 0x0b, 0xff, 0xf9, 0x00, 0x00, 0x00, 0x03,
    0xff, 0xff, 0x10, 0x00, 0x00, 0x00, 0x00, 0x00, 0x0c, 0xff, 0xf9, 0x00, 0x00, 0x00, 0x03, 0xff,
    0xff, 0x10, 0x00, 0x00, 0x00, 0x00, 0x00, 0x0e, 0xff, 0xf9, 0x00, 0x00, 0x00, 0x02, 0xff, 0xff,
    0x20, 0x00, 0x00, 0x00, 0x00, 0x00, 0x2f, 0xff, 0xf9, 0x00, 0x00, 0x00, 0x01, 0xff, 0xff, 0x40,
    0x00, 0x00, 0x00, 0x00, 0x00, 0x7f, 0xff, 0xf9, 0x00, 0x00, 0x00, 0x00, 0xef, 0xff, 0x90, 0x00,
    0x00, 0x00, 0x00, 0x01, 0xef, 0xff, 0xf9, 0x00, 0x00, 0x00, 0x00, 0xbf, 0xff, 0xe3, 0x00, 0x00,
    0x00, 0x00, 0x0a, 0xff, 0xff, 0xf9, 0x00, 0x00, 0x00, 0x00, 0x5f, 0xff, 0xfd, 0x40, 0x00, 0x00,
    0x02, 0xbf, 0xff, 0xff, 0xf9, 0x00, 0x00, 0x00, 0x00, 0x0d, 0xff, 0xff, 0xfc, 0x98, 0x89, 0xdf,
    0xff, 0xe9, 0xff, 0xf9, 0x00, 0x00, 0x00, 0x00, 0x02, 0xef, 0xff, 0xff, 0xff, 0xff, 0xff, 0xfe,
    0x44, 0xff, 0xf9, 0x00, 0x00, 0x00, 0x00, 0x00, 0x2b, 0xff, 0xff, 0xff, 0xff, 0xff, 0xb2, 0x02,
    0xff, 0xf9, 0x00, 0x00, 0x00, 0x00, 0x00, 0x00, 0x38, 0xbe, 0xef, 0xdb, 0x73, 0x00, 0x00, 0xef,
    0xf9, 0x00, 0x00, 0x00, 0x00, 0x00, 0x00, 0x00, 0x00, 0x02, 0x88, 0x88, 0x70, 0x00, 0x00, 0x00,
    0x00, 0x00, 0x00, 0x00, 0x00, 0x00, 0xaf, 0xff, 0xf9, 0x00, 0x00, 0x00, 0x00, 0x00, 0x00, 0x00,
    0x00, 0x00, 0x4f, 0xff, 0xfb, 0x00, 0x00, 0x00, 0x00, 0x00, 0x00, 0x00, 0x00, 0x00, 0x0d, 0xff,
    0xfc, 0x10, 0x00, 0x00, 0x00, 0x00, 0x00, 0x00, 0x00, 0x00, 0x08, 0xff, 0xfd, 0x10, 0x00, 0x00,
    0x00, 0x00, 0x00, 0x00, 0x00, 0x00, 0x03, 0xff, 0xfd, 0x20, 0x00, 0x00, 0x00, 0x00, 0x00, 0x00,
    0x00, 0x00, 0x01, 0xdf, 0xfc, 0x20, 0x00, 0x00, 0x00, 0x00, 0x00, 0x00, 0x00, 0x00, 0x00, 0x8f,
    0xfb, 0x10, 0x00, 0x00, 0x00, 0x00, 0x00, 0x00, 0x00, 0x00, 0x00, 0x00, 0x00, 0x00, 0x00, 0x00,
    0x00, 0x00, 0x00, 0x00, 0x00, 0x00, 0x00, 0x00, 0x00, 0x00, 0x00, 0x00, 0x00, 0x00, 0x00, 0x00,
    0x00, 0x00, 0x00, 0x00, 0x00, 0x00, 0x00, 0x00, 0x00, 0x00, 0x00, 0x00, 0x0b, 0xff, 0xfb, 0x00,
    0x00, 0x00, 0x00, 0x00, 0x00, 0x00, 0x4f, 0xff, 0xf4, 0x5f, 0xff, 0xf2, 0x00, 0x00, 0x00, 0x00,
    0x00, 0x00, 0x09, 0xff, 0xfd, 0x00, 0xef, 0xff, 0x80, 0x00, 0x00, 0x00, 0x00, 0x00, 0x00, 0xef,
    0xff, 0x80, 0x08, 0xff, 0xfd, 0x00, 0x00, 0x00, 0x00, 0x00, 0x00, 0x5f, 0xff, 0xf2, 0x00, 0x2f,
    0xff, 0xf4, 0x00, 0x00, 0x00, 0x00, 0x00, 0x0a, 0xff, 0xfc, 0x00, 0x00, 0xbf, 0xff, 0xa0, 0x00,
    0x00, 0x00, 0x00, 0x01, 0xff, 0xff, 0x60, 0x00, 0x05, 0xff, 0xff, 0x10, 0x00, 0x00, 0x00, 0x00,
    0x6f, 0xff, 0xe1, 0x00, 0x00, 0x0e, 0xff, 0xf6, 0x00, 0x00, 0x00, 0x00, 0x0c, 0xff, 0xf9, 0x00,
    0x00, 0x00, 0x8f, 0xff, 0xc0, 0x00, 0x00, 0x00, 0x02, 0xff, 0xff, 0x40, 0x00, 0x00, 0x02, 0xff,
    0xff, 0x30, 0x00, 0x00, 0x00, 0x7f, 0xff, 0xd0, 0x00, 0x00, 0x00, 0x0b, 0xff, 0xf8, 0x00, 0x00,
    0x00, 0x0d, 0xff, 0xf7, 0x00, 0x00, 0x00, 0x00, 0x5f, 0xff, 0xe0, 0x00, 0x00, 0x03, 0xff, 0xff,
    0x20, 0x00, 0x00, 0x00, 0x00, 0xef, 0xff, 0x50, 0x00, 0x00, 0x8f, 0xff, 0xb0, 0x00, 0x00, 0x00,
    0x00, 0x08, 0xff, 0xfa, 0x00, 0x00, 0x0e, 0xff, 0xf5, 0x00, 0x00, 0x00, 0x00, 0x00, 0x2f, 0xff,
    0xf1, 0x00, 0x04, 0xff, 0xfe, 0x00, 0x00, 0x00, 0x00, 0x00, 0x00, 0xbf, 0xff, 0x60, 0x00, 0x9f,
    0xff, 0x90, 0x00, 0x00, 0x00, 0x00, 0x00, 0x05, 0xff, 0xfc, 0x00, 0x0e, 0xff, 0xf3, 0x00, 0x00,
    0x00, 0x00, 0x00, 0x00, 0x0d, 0xff, 0xf2, 0x04, 0xff, 0xfc, 0x00, 0x00, 0x00, 0x00, 0x00, 0x00,
    0x00, 0x7f, 0xff, 0x70, 0x9f, 0xff, 0x60, 0x00, 0x00, 0x00, 0x00, 0x00, 0x00, 0x02, 0xff, 0xfc,
    0x0e, 0xff, 0xf1, 0x00, 0x00, 0x00, 0x00, 0x00, 0x00, 0x00, 0x0a, 0xff, 0xf4, 0xff, 0xfa, 0x00,
    0x00, 0x00, 0x00, 0x00, 0x00, 0x00, 0x00, 0x4f, 0xff, 0xbf, 0xff, 0x40, 0x00, 0x00, 0x00, 0x00,
    0x00, 0x00, 0x00, 0x00, 0xdf, 0xff, 0xff, 0xd0, 0x00, 0x00, 0x00, 0x00, 0x00, 0x00, 0x00, 0x00,
    0x07, 0xff, 0xff, 0xf8, 0x00, 0x00, 0x00, 0x00, 0x00, 0x00, 0x00, 0x00, 0x00, 0x1f, 0xff, 0xff,
    0x20, 0x00, 0x00, 0x00, 0x00, 0x00, 0x00, 0x00, 0x00, 0x00, 0xbf, 0xff, 0xb0, 0x00, 0x00, 0x00,
    0x00, 0x00, 0x00, 0x00, 0x00, 0x00, 0x0d, 0xff, 0xf6, 0x00, 0x00, 0x00, 0x00, 0x00, 0x00, 0x00,
    0x00, 0x00, 0x04, 0xff, 0xfe, 0x10, 0x00, 0x00, 0x00, 0x00, 0x00, 0x00, 0x00, 0x00, 0x00, 0xaf,
    0xff, 0x90, 0x00, 0x00, 0x00, 0x00, 0x00, 0x00, 0x00, 0x00, 0x00, 0x2f, 0xff, 0xf3, 0x00, 0x00,
    0x00, 0x00, 0x00, 0x00, 0x00, 0x00, 0x00, 0x0a, 0xff, 0xfc, 0x00, 0x00, 0x00, 0x00, 0x00, 0x00,
    0x00, 0x00, 0x00, 0x06, 0xff, 0xff, 0x40, 0x00, 0x00, 0x00, 0x00, 0x00, 0x00, 0x00, 0x00, 0x06,
    0xff, 0xff, 0xb0, 0x00, 0x00, 0x00, 0x00, 0x00, 0x00, 0x59, 0x88, 0x9d, 0xff, 0xff, 0xe2, 0x00,
    0x00, 0x00, 0x00, 0x00, 0x00, 0x07, 0xff, 0xff, 0xff, 0xff, 0xf4, 0x00, 0x00, 0x00, 0x00, 0x00,
    0x00, 0x00, 0x7f, 0xff, 0xff, 0xff, 0xd3, 0x00, 0x00, 0x00, 0x00, 0x00, 0x00, 0x00, 0x05, 0xce,
    0xff, 0xda, 0x60, 0x00, 0x00, 0x00, 0x00, 0x00, 0x00, 0x00, 0x00, 0x00, 0x00, 0x78, 0x88, 0x20,
    0x00, 0x00, 0x00, 0x00, 0x00, 0x00, 0x00, 0x00, 0x00, 0x00, 0x00, 0x00, 0xef, 0xff, 0x40, 0x00,
    0x00, 0x00, 0x00, 0x00, 0x00, 0x00, 0x00, 0x00, 0x00, 0x00, 0x00, 0xef, 0xff, 0x40, 0x00, 0x00,
    0x00, 0x00, 0x00, 0x00, 0x00, 0x00, 0x00, 0x00, 0x00, 0x00, 0xef, 0xff, 0x40, 0x00, 0x00, 0x00,
    0x00, 0x00, 0x00, 0x00, 0x00, 0x00, 0x00, 0x00, 0x00, 0xef, 0xff, 0x40, 0x00, 0x00, 0x00, 0x00,
    0x00, 0x00, 0x00, 0x00, 0x00, 0x00, 0x00, 0x00, 0xef, 0xff, 0x40, 0x00, 0x00, 0x00, 0x00, 0x00,
    0x00, 0x00, 0x00, 0x00, 0x00, 0x00, 0x00, 0xef, 0xff, 0x40, 0x00, 0x00, 0x00, 0x00, 0x00, 0x00,
    0x00, 0x00, 0x00, 0x00, 0x00, 0x00, 0xef, 0xff, 0x40, 0x00, 0x00, 0x00, 0x00, 0x00, 0x00, 0x00,
    0x00, 0x00, 0x00, 0x00, 0x00, 0xef, 0xff, 0x40, 0x00, 0x00, 0x00, 0x00, 0x00, 0x00, 0x00, 0x00,
    0x00, 0x00, 0x00, 0x00, 0xef, 0xff, 0x40, 0x00, 0x00, 0x00, 0x00, 0x00, 0x00, 0x00, 0x00, 0x00,
    0x00, 0x00, 0x00, 0xef, 0xff, 0x40, 0x00, 0x00, 0x00, 0x00, 0x00, 0x00, 0x00, 0x00, 0x00, 0x00,
    0x00, 0x00, 0xef, 0xff, 0x40, 0x00, 0x5a, 0xde, 0xfd, 0xc8, 0x30, 0x00, 0x00, 0x00, 0x00, 0x00,
    0x00, 0xef, 0xff, 0x40, 0x3d, 0xff, 0xff, 0xff, 0xff, 0xfa, 0x20, 0x00, 0x00, 0x00, 0x00, 0x00,
    0xef, 0xff, 0x45, 0xef, 0xff, 0xff, 0xff, 0xff, 0xff, 0xe3, 0x00, 0x00, 0x00, 0x00, 0x00, 0xef,
    0xff, 0x6f, 0xff, 0xea, 0x98, 0x9b, 0xff, 0xff, 0xfe, 0x20, 0x00, 0x00, 0x00, 0x00, 0xef, 0xff,
    0xff, 0xe6, 0x00, 0x00, 0x00, 0x19, 0xff, 0xff, 0xc0, 0x00, 0x00, 0x00, 0x00, 0xef, 0xff, 0xff,
    0x30, 0x00, 0x00, 0x00, 0x00, 0x7f, 0xff, 0xf6, 0x00, 0x00, 0x00, 0x00, 0xef, 0xff, 0xf8, 0x00,
    0x00, 0x00, 0x00, 0x00, 0x0c, 0xff, 0xfc, 0x00, 0x00, 0x00, 0x00, 0xef, 0xff, 0xf1, 0x00, 0x00,
    0x00, 0x00, 0x00, 0x05, 0xff, 0xff, 0x30, 0x00, 0x00, 0x00, 0xef, 0xff, 0xb0, 0x00, 0x00, 0x00,
    0x00, 0x00, 0x01, 0xef, 0xff, 0x60, 0x00, 0x00, 0x00, 0xef, 0xff, 0x80, 0x00, 0x00, 0x00, 0x00,
    0x00, 0x00, 0xcf, 0xff, 0x90, 0x00, 0x00, 0x00, 0xef, 0xff, 0x60, 0x00, 0x00, 0x00, 0x00, 0x00,
    0x00, 0x9f, 0xff, 0xb0, 0x00, 0x00, 0x00, 0xef, 0xff, 0x50, 0x00, 0x00, 0x00, 0x00, 0x00, 0x00,
    0x8f, 0xff, 0xc0, 0x00, 0x00, 0x00, 0xef, 0xff, 0x40, 0x00, 0x00, 0x00, 0x00, 0x00, 0x00, 0x8f,
    0xff, 0xd0, 0x00, 0x00, 0x00, 0xef, 0xff, 0x50, 0x00, 0x00, 0x00, 0x00, 0x00, 0x00, 0x8f, 0xff,
    0xd0, 0x00, 0x00, 0x00, 0xef, 0xff, 0x50, 0x00, 0x00, 0x00, 0x00, 0x00, 0x00, 0x8f, 0xff, 0xc0,
    0x00, 0x00, 0x00, 0xef, 0xff, 0x70, 0x00, 0x00, 0x00, 0x00, 0x00, 0x00, 0xaf, 0xff, 0xb0, 0x00,
    0x00, 0x00, 0xef, 0xff, 0x90, 0x00, 0x00, 0x00, 0x00, 0x00, 0x00, 0xcf, 0xff, 0x90, 0x00, 0x00,
    0x00, 0xef, 0xff, 0xd0, 0x00, 0x00, 0x00, 0x00, 0x00, 0x01, 0xff, 0xff, 0x60, 0x00, 0x00, 0x00,
    0xef, 0xff, 0xf2, 0x00, 0x00, 0x00, 0x00, 0x00, 0x06, 0xff, 0xff, 0x20, 0x00, 0x00, 0x00, 0xef,
    0xff, 0xf9, 0x00, 0x00, 0x00, 0x00, 0x00, 0x0d, 0xff, 0xfc, 0x00, 0x00, 0x00, 0x00, 0xef, 0xff,
    0xff, 0x40, 0x00, 0x00, 0x00, 0x00, 0x8f, 0xff, 0xf6, 0x00, 0x00, 0x00, 0x00, 0xef, 0xff, 0xff,
    0xe7, 0x00, 0x00, 0x00, 0x19, 0xff, 0xff, 0xc0, 0x00, 0x00, 0x00, 0x00, 0xef, 0xff, 0x9f, 0xff,
    0xeb, 0x98, 0x8b, 0xff, 0xff, 0xfe, 0x20, 0x00, 0x00, 0x00, 0x00, 0xef, 0xff, 0x28, 0xff, 0xff,
    0xff, 0xff, 0xff, 0xff, 0xe3, 0x00, 0x00, 0x00, 0x00, 0x00, 0xef, 0xff, 0x30, 0x5e, 0xff, 0xff,
    0xff, 0xff, 0xfa, 0x20, 0x00, 0x00, 0x00, 0x00, 0x00, 0xef, 0xff, 0x40, 0x01, 0x6a, 0xdf, 0xfd,
    0xc8, 0x30, 0x00, 0x00, 0x00, 0x00, 0x00, 0x00, 0xef, 0xff, 0x40, 0x00, 0x00, 0x00, 0x00, 0x00,
    0x00, 0x00, 0x00, 0x00, 0x00, 0x00, 0x00, 0xef, 0xff, 0x40, 0x00, 0x00, 0x00, 0x00, 0x00, 0x00,
    0x00, 0x00, 0x00, 0x00, 0x00, 0x00, 0xef, 0xff, 0x40, 0x00, 0x00, 0x00, 0x00, 0x00, 0x00, 0x00,
    0x00, 0x00, 0x00, 0x00, 0x00, 0xef, 0xff, 0x40, 0x00, 0x00, 0x00, 0x00, 0x00, 0x00, 0x00, 0x00,
    0x00, 0x00, 0x00, 0x00, 0xef, 0xff, 0x40, 0x00, 0x00, 0x00, 0x00, 0x00, 0x00, 0x00, 0x00, 0x00,
    0x00, 0x00, 0x00, 0xef, 0xff, 0x40, 0x00, 0x00, 0x00, 0x00, 0x00, 0x00, 0x00, 0x00, 0x00, 0x00,
    0x00, 0x00, 0xef, 0xff, 0x40, 0x00, 0x00, 0x00, 0x00, 0x00, 0x00, 0x00, 0x00, 0x00, 0x00, 0x00,
    0x00, 0xef, 0xff, 0x40, 0x00, 0x00, 0x00, 0x00, 0x00, 0x00, 0x00, 0x00, 0x00, 0x00, 0x00, 0x00,
    0xef, 0xff, 0x40, 0x00, 0x00, 0x00, 0x00, 0x00, 0x00, 0x00, 0x00, 0x00, 0x00, 0x00, 0x00, 0xef,
    0xff, 0x40, 0x00, 0x00, 0x00, 0x00, 0x00, 0x00, 0x00, 0x00, 0x00, 0x00, 0x00, 0x00, 0xef, 0xff,
    0x40, 0x00, 0x00, 0x00, 0x00, 0x00, 0x00, 0x00, 0x00, 0x00, 0x00, 0x00, 0x00, 0x00, 0x9e, 0xc3,
    0x00, 0x00, 0x0a, 0xec, 0x30, 0x00, 0x00, 0x00, 0x00, 0x00, 0x5f, 0xff, 0xc0, 0x00, 0x05, 0xff,
    0xfc, 0x00, 0x00, 0x00, 0x00, 0x00, 0x07, 0xff, 0xfe, 0x00, 0x00, 0x7f, 0xff, 0xe0, 0x00, 0x00,
    0x00, 0x00, 0x00, 0x5f, 0xff, 0xc0, 0x00, 0x05, 0xff, 0xfb, 0x00, 0x00, 0x00, 0x00, 0x00, 0x00,
    0x9e, 0xc3, 0x00, 0x00, 0x09, 0xec, 0x30, 0x00, 0x00, 0x00, 0x00, 0x00, 0x00, 0x00, 0x00, 0x00,
    0x00, 0x00, 0x00, 0x00, 0x00, 0x00, 0x00, 0x00, 0x00, 0x00, 0x00, 0x00, 0x00, 0x00, 0x00, 0x00,
    0x00, 0x00, 0x00, 0x00, 0x00, 0x00, 0x00, 0x00, 0x00, 0x00, 0x00, 0x00, 0x00, 0x00, 0x00, 0x00,
    0x00, 0x00, 0x00, 0x00, 0x00, 0x00, 0x00, 0x00, 0x00, 0x00, 0x00, 0x0b, 0xff, 0xfb, 0x00, 0x00,
    0x00, 0x00, 0x00, 0x00, 0x00, 0x4f, 0xff, 0xf4, 0x5f, 0xff, 0xf2, 0x00, 0x00, 0x00, 0x00, 0x00,
    0x00, 0x09, 0xff, 0xfd, 0x00, 0xef, 0xff, 0x80, 0x00, 0x00, 0x00, 0x00, 0x00, 0x00, 0xef, 0xff,
    0x80, 0x08, 0xff, 0xfd, 0x00, 0x00, 0x00, 0x00, 0x00, 0x00, 0x5f, 0xff, 0xf2, 0x00, 0x2f, 0xff,
    0xf4, 0x00, 0x00, 0x00, 0x00, 0x00, 0x0a, 0xff, 0xfc, 0x00, 0x00, 0xbf, 0xff, 0xa0, 0x00, 0x00,
    0x00, 0x00, 0x01, 0xff, 0xff, 0x60, 0x00, 0x05, 0xff, 0xff, 0x10, 0x00, 0x00, 0x00, 0x00, 0x6f,
    0xff, 0xe1, 0x00, 0x00, 0x0e, 0xff, 0xf6, 0x00, 0x00, 0x00, 0x00, 0x0c, 0xff, 0xf9, 0x00, 0x00,
    0x00, 0x8f, 0xff, 0xc0, 0x00, 0x00, 0x00, 0x02, 0xff, 0xff, 0x40, 0x00, 0x00, 0x02, 0xff, 0xff,
    0x30, 0x00, 0x00, 0x00, 0x7f, 0xff, 0xd0, 0x00, 0x00, 0x00, 0x0b, 0xff, 0xf8, 0x00, 0x00, 0x00,
    0x0d, 0xff, 0xf7, 0x00, 0x00, 0x00, 0x00, 0x5f, 0xff, 0xe0, 0x00, 0x00, 0x03, 0xff, 0xff, 0x20,
    0x00, 0x00, 0x00, 0x00, 0xef, 0xff, 0x50, 0x00, 0x00, 0x8f, 0xff, 0xb0, 0x00, 0x00, 0x00, 0x00,
    0x08, 0xff, 0xfa, 0x00, 0x00, 0x0e, 0xff, 0xf5, 0x00, 0x00, 0x00, 0x00, 0x00, 0x2f, 0xff, 0xf1,
    0x00, 0x04, 0xff, 0xfe, 0x00, 0x00, 0x00, 0x00, 0x00, 0x00, 0xbf, 0xff, 0x60, 0x00, 0x9f, 0xff,
    0x90, 0x00, 0x00, 0x00, 0x00, 0x00, 0x05, 0xff, 0xfc, 0x00, 0x0e, 0xff, 0xf3, 0x00, 0x00, 0x00,
    0x00, 0x00, 0x00, 0x0d, 0xff, 0xf2, 0x04, 0xff, 0xfc, 0x00, 0x00, 0x00, 0x00, 0x00, 0x00, 0x00,
    0x7f, 0xff, 0x70, 0x9f, 0xff, 0x60, 0x00, 0x00, 0x00, 0x00, 0x00, 0x00, 0x02, 0xff, 0xfc, 0x0e,
    0xff, 0xf1, 0x00, 0x00, 0x00, 0x00, 0x00, 0x00, 0x00, 0x0a, 0xff, 0xf4, 0xff, 0xfa, 0x00, 0x00,
    0x00, 0x00, 0x00, 0x00, 0x00, 0x00, 0x4f, 0xff, 0xbf, 0xff, 0x40, 0x00, 0x00, 0x00, 0x00, 0x00,
    0x00, 0x00, 0x00, 0xdf, 0xff, 0xff, 0xd0, 0x00, 0x00, 0x00, 0x00, 0x00, 0x00, 0x00, 0x00, 0x07,
    0xff, 0xff, 0xf8, 0x00, 0x00, 0x00, 0x00, 0x00, 0x00, 0x00, 0x00, 0x00, 0x1f, 0xff, 0xff, 0x20,
    0x00, 0x00, 0x00, 0x00, 0x00, 0x00, 0x00, 0x00, 0x00, 0xbf, 0xff, 0xb0, 0x00, 0x00, 0x00, 0x00,
    0x00, 0x00, 0x00, 0x00, 0x00, 0x0d, 0xff, 0xf6, 0x00, 0x00, 0x00, 0x00, 0x00, 0x00, 0x00, 0x00,
    0x00, 0x04, 0xff, 0xfe, 0x10, 0x00, 0x00, 0x00, 0x00, 0x00, 0x00, 0x00, 0x00, 0x00, 0xaf, 0xff,
    0x90, 0x00, 0x00, 0x00, 0x00, 0x00, 0x00, 0x00, 0x00, 0x00, 0x2f, 0xff, 0xf3, 0x00, 0x00, 0x00,
    0x00, 0x00, 0x00, 0x00, 0x00, 0x00, 0x0a, 0xff, 0xfc, 0x00, 0x00, 0x00, 0x00, 0x00, 0x00, 0x00,
    0x00, 0x00, 0x06, 0xff, 0xff, 0x40, 0x00, 0x00, 0x00, 0x00, 0x00, 0x00, 0x00, 0x00, 0x06, 0xff,
    0xff, 0xb0, 0x00, 0x00, 0x00, 0x00, 0x00, 0x00, 0x59, 0x88, 0x9d, 0xff, 0xff, 0xe2, 0x00, 0x00,
    0x00, 0x00, 0x00, 0x00, 0x07, 0xff, 0xff, 0xff, 0xff, 0xf4, 0x00, 0x00, 0x00, 0x00, 0x00, 0x00,
    0x00, 0x7f, 0xff, 0xff, 0xff, 0xd3, 0x00, 0x00, 0x00, 0x00, 0x00, 0x00, 0x00, 0x05, 0xce, 0xff,
    0xda, 0x60, 0x00, 0x00, 0x00, 0x00, 0x00, 0x00, 0x00, 0x00, 0x01, 0x77, 0x77, 0x77, 0x77, 0x77,
    0x74, 0x00, 0x1f, 0xff, 0xff, 0xff, 0xff, 0xff, 0x80, 0x01, 0xff, 0xff, 0xff, 0xff, 0xff, 0xf8,
    0x00, 0x1f, 0xff, 0xff, 0xff, 0xff, 0xff, 0x80, 0x00, 0x00, 0x00, 0x00, 0x00, 0x00, 0x00, 0x00,
    0x00, 0x00, 0x00, 0x00, 0x00, 0x00, 0x00, 0x00, 0x00, 0x00, 0x00, 0x00, 0x00, 0x00, 0x00, 0x00,
    0x00, 0x00, 0x00, 0x00, 0x00, 0x00, 0x00, 0x00, 0x00, 0x00, 0x00, 0x00, 0x00, 0x00, 0x00, 0x00,
    0x00, 0x00, 0x00, 0x00, 0x00, 0x00, 0x00, 0x00, 0x00, 0x00, 0x00, 0x00, 0x00, 0x00, 0x00, 0x00,
    0x00, 0x00, 0x00, 0x00, 0x00, 0x00, 0x00, 0x00, 0x00, 0x00, 0x00, 0x00, 0x00, 0x00, 0x00, 0x00,
    0x00, 0x00, 0x00, 0x00, 0x00, 0x00, 0x00, 0x00, 0x00, 0x00, 0x00, 0x01, 0x77, 0x77, 0x77, 0x77,
    0x77, 0x74, 0x00, 0x1f, 0xff, 0xff, 0xff, 0xff, 0xff, 0x80, 0x01, 0xff, 0xff, 0xff, 0xff, 0xff,
    0xf8, 0x00, 0x1f, 0xff, 0xff, 0xff, 0xff, 0xff, 0x80, 0x00, 0x00, 0x00, 0x00, 0x00, 0x00, 0x00,
    0x00, 0x00, 0x00, 0x00, 0x00, 0x00, 0x00, 0x00, 0x00, 0x00, 0x00, 0x00, 0x00, 0x00, 0x00, 0x00,
    0x00, 0x00, 0x00, 0x00, 0x00, 0x00, 0x00, 0x00, 0x00, 0x00, 0x00, 0x00, 0x00, 0x00, 0x00, 0x00,
    0x00, 0x00, 0x00, 0x00, 0x00, 0x00, 0x00, 0x00, 0x00, 0x00, 0x00, 0x00, 0x00, 0x00, 0x00, 0x00,
    0x00, 0x00, 0x00, 0x00, 0x00, 0x00, 0x00, 0x00, 0x00, 0x00, 0x00, 0x00, 0x00, 0x00, 0x00, 0x00,
    0x00, 0x00, 0x00, 0x00, 0x00, 0x00, 0x00, 0x00, 0x00, 0x00, 0x00, 0x00, 0x01, 0x77, 0x77, 0x77,
    0x77, 0x77, 0x77, 0x77, 0x77, 0x77, 0x77, 0x10, 0x01, 0xff, 0xff, 0xff, 0xff, 0xff, 0xff, 0xff,
    0xff, 0xff, 0xff, 0x10, 0x01, 0xff, 0xff, 0xff, 0xff, 0xff, 0xff, 0xff, 0xff, 0xff, 0xff, 0x10,
    0x01, 0xff, 0xff, 0xff, 0xff, 0xff, 0xff, 0xff, 0xff, 0xff, 0xff, 0x10, 0x00, 0x00, 0x00, 0x00,
    0x00, 0x00, 0x00, 0x00, 0x00, 0x00, 0x00, 0x00, 0x00, 0x00, 0x00, 0x00, 0x00, 0x00, 0x00, 0x00,
    0x00, 0x00, 0x00, 0x00, 0x00, 0x00, 0x00, 0x00, 0x00, 0x00, 0x00, 0x00, 0x00, 0x00, 0x00, 0x00,
    0x00, 0x00, 0x00, 0x00, 0x00, 0x00, 0x00, 0x00, 0x00, 0x00, 0x00, 0x00, 0x00, 0x00, 0x00, 0x00,
    0x00, 0x00, 0x00, 0x00, 0x00, 0x00, 0x00, 0x00, 0x00, 0x00, 0x00, 0x00, 0x00, 0x00, 0x00, 0x00,
    0x00, 0x00, 0x00, 0x00, 0x00, 0x00, 0x00, 0x00, 0x00, 0x00, 0x00, 0x00, 0x00, 0x00, 0x00, 0x00,
    0x00, 0x00, 0x00, 0x00, 0x00, 0x00, 0x00, 0x00, 0x00, 0x00, 0x00, 0x00, 0x00, 0x00, 0x00, 0x00,
    0x00, 0x00, 0x00, 0x00, 0x00, 0x00, 0x00, 0x00, 0x00, 0x00, 0x00, 0x00, 0x00, 0x00, 0x00, 0x00,
    0x00, 0x00, 0x00, 0x00, 0x00, 0x00, 0x00, 0x00, 0x00, 0x00, 0x00, 0x00, 0x00, 0x00, 0x00, 0x00,
    0x01, 0x77, 0x77, 0x77, 0x77, 0x77, 0x77, 0x77, 0x77, 0x77, 0x77, 0x77, 0x77, 0x77, 0x77, 0x77,
    0x77, 0x77, 0x77, 0x77, 0x77, 0x77, 0x77, 0x10, 0x01, 0xff, 0xff, 0xff, 0xff, 0xff, 0xff, 0xff,
    0xff, 0xff, 0xff, 0xff, 0xff, 0xff, 0xff, 0xff, 0xff, 0xff, 0xff, 0xff, 0xff, 0xff, 0xff, 0x10,
    0x01, 0xff, 0xff, 0xff, 0xff, 0xff, 0xff, 0xff, 0xff, 0xff, 0xff, 0xff, 0xff, 0xff, 0xff, 0xff,
    0xff, 0xff, 0xff, 0xff, 0xff, 0xff, 0xff, 0x10, 0x01, 0xff, 0xff, 0xff, 0xff, 0xff, 0xff, 0xff,
    0xff, 0xff, 0xff, 0xff, 0xff, 0xff, 0xff, 0xff, 0xff, 0xff, 0xff, 0xff, 0xff, 0xff, 0xff, 0x10,
    0x00, 0x00, 0x00, 0x00, 0x00, 0x00, 0x00, 0x00, 0x00, 0x00, 0x00, 0x00, 0x00, 0x00, 0x00, 0x00,
    0x00, 0x00, 0x00, 0x00, 0x00, 0x00, 0x00, 0x00, 0x00, 0x00, 0x00, 0x00, 0x00, 0x00, 0x00, 0x00,
    0x00, 0x00, 0x00, 0x00, 0x00, 0x00, 0x00, 0x00, 0x00, 0x00, 0x00, 0x00, 0x00, 0x00, 0x00, 0x00,
    0x00, 0x00, 0x00, 0x00, 0x00, 0x00, 0x00, 0x00, 0x00, 0x00, 0x00, 0x00, 0x00, 0x00, 0x00, 0x00,
    0x00, 0x00, 0x00, 0x00, 0x00, 0x00, 0x00, 0x00, 0x00, 0x00, 0x00, 0x00, 0x00, 0x00, 0x00, 0x00,
    0x00, 0x00, 0x00, 0x00, 0x00, 0x00, 0x00, 0x00, 0x00, 0x00, 0x00, 0x00, 0x00, 0x00, 0x00, 0x00,
    0x00, 0x00, 0x00, 0x00, 0x00, 0x00, 0x00, 0x00, 0x00, 0x00, 0x00, 0x00, 0x00, 0x00, 0x00, 0x00,
    0x00, 0x00, 0x00, 0x00, 0x00, 0x00, 0x00, 0x00, 0x00, 0x00, 0x00, 0x00, 0x00, 0x00, 0x00, 0x00,
    0x00, 0x00, 0x00, 0x00, 0x00, 0x00, 0x00, 0x00, 0x00, 0x00, 0x00, 0x00, 0x00, 0x00, 0x00, 0x00,
    0x00, 0x00, 0x00, 0x00, 0x00, 0x00, 0x00, 0x00, 0x00, 0x00, 0x00, 0x00, 0x00, 0x00, 0x00, 0x00,
    0x00, 0x00, 0x00, 0x00, 0x00, 0x00, 0x00, 0x00, 0x00, 0x00, 0x00, 0x00, 0x00, 0x00, 0x00, 0x00,
    0x00, 0x00, 0x00, 0x00, 0x00, 0x00, 0x00, 0x00, 0x00, 0x00, 0x00, 0x00, 0x00, 0x00, 0x00, 0x00,
    0x00, 0x00, 0x00, 0x00, 0x00, 0x00, 0x00, 0x00, 0x00, 0x00, 0x00, 0x00, 0x00, 0x00, 0x00, 0x00,
    0x00, 0x00, 0x00, 0x00, 0x00, 0x00, 0x00, 0x00, 0x00, 0x00, 0x00, 0x00, 0x00, 0x00, 0x00, 0x00,
    0x00, 0x00, 0x00, 0x00, 0x00, 0x00, 0x00, 0x00, 0x00, 0x00, 0x00, 0x00, 0x00, 0x00, 0x00, 0x00,
    0x00, 0x00, 0x00, 0x00, 0x00, 0x00, 0x00, 0x00, 0x00, 0x00, 0x00, 0x00, 0x00, 0x00, 0x00, 0x00,
    0x00, 0x00, 0x00, 0x00, 0x00, 0x00, 0x00, 0x00, 0x00, 0x00, 0x8f, 0xfb, 0x00, 0x00, 0xef, 0xf7,
    0x00, 0x05, 0xff, 0xf4, 0x00, 0x0b, 0xff, 0xf1, 0x00, 0x2f, 0xff, 0xc0, 0x00, 0x8f, 0xff, 0x90,
    0x00, 0xdf, 0xff, 0x60, 0x03, 0xff, 0xff, 0x30, 0x08, 0xff, 0xff, 0x00, 0x0d, 0xff, 0xfc, 0x00,
    0x2f, 0xff, 0xfa, 0x00, 0x5f, 0xff, 0xf7, 0x00, 0x00, 0x00, 0x00, 0x00, 0x00, 0x00, 0x00, 0x00,
    0x00, 0x00, 0x00, 0x00, 0x00, 0x00, 0x00, 0x00, 0x00, 0x00, 0x00, 0x00, 0x00, 0x00, 0x00, 0x00,
    0x00, 0x00, 0x00, 0x00, 0x00, 0x00, 0x00, 0x00, 0x00, 0x00, 0x00, 0x00, 0x00, 0x00, 0x00, 0x00,
    0x00, 0x00, 0x00, 0x00, 0x00, 0x00, 0x00, 0x00, 0x00, 0x00, 0x00, 0x00, 0x00, 0x00, 0x00, 0x00,
    0x00, 0x00, 0x00, 0x00, 0x00, 0x00, 0x00, 0x00, 0x00, 0x00, 0x00, 0x00, 0x00, 0x00, 0x00, 0x00,
    0x00, 0x00, 0x00, 0x00, 0x00, 0x00, 0x00, 0x00, 0x00, 0x00, 0x00, 0x00, 0x00, 0x00, 0x00, 0x00,
    0x00, 0x2f, 0xff, 0xfb, 0x00, 0x4f, 0xff, 0xf8, 0x00, 0x6f, 0xff, 0xf4, 0x00, 0x9f, 0xff, 0xe0,
    0x00, 0xcf, 0xff, 0x90, 0x00, 0xff, 0xff, 0x40, 0x03, 0xff, 0xfe, 0x00, 0x06, 0xff, 0xf8, 0x00,
    0x09, 0xff, 0xf2, 0x00, 0x0c, 0xff, 0xb0, 0x00, 0x1f, 0xff, 0x50, 0x00, 0x4f, 0xfd, 0x00, 0x00,
    0x00, 0x00, 0x00, 0x00, 0x00, 0x00, 0x00, 0x00, 0x00, 0x00, 0x00, 0x00, 0x00, 0x00, 0x00, 0x00,
    0x00, 0x00, 0x00, 0x00, 0x00, 0x00, 0x00, 0x00, 0x00, 0x00, 0x00, 0x00, 0x00, 0x00, 0x00, 0x00,
    0x00, 0x00, 0x00, 0x00, 0x00, 0x00, 0x00, 0x00, 0x00, 0x00, 0x00, 0x00, 0x00, 0x00, 0x00, 0x00,
    0x00, 0x00, 0x00, 0x00, 0x00, 0x00, 0x00, 0x00, 0x00, 0x00, 0x00, 0x00, 0x00, 0x00, 0x00, 0x00,
    0x00, 0x00, 0x00, 0x00, 0x00, 0x00, 0x00, 0x00, 0x00, 0x00, 0x00, 0x00, 0x00, 0x00, 0x00, 0x00,
    0x00, 0x00, 0x00, 0x00, 0x00, 0x00, 0x00, 0x00, 0x00, 0x03, 0xff, 0xff, 0x90, 0x00, 0x00, 0x05,
    0xff, 0xff, 0x70, 0x00, 0x00, 0x08, 0xff, 0xff, 0x30, 0x00, 0x00, 0x0a, 0xff, 0xfd, 0x00, 0x00,
    0x00, 0x0d, 0xff, 0xf8, 0x00, 0x00, 0x00, 0x1f, 0xff, 0xf3, 0x00, 0x00, 0x00, 0x4f, 0xff, 0xc0,
    0x00, 0x00, 0x00, 0x7f, 0xff, 0x70, 0x00, 0x00, 0x00, 0xaf, 0xff, 0x10, 0x00, 0x00, 0x00, 0xef,
    0xfa, 0x00, 0x00, 0x00, 0x02, 0xff, 0xf4, 0x00, 0x00, 0x00, 0x06, 0xff, 0xc0, 0x00, 0x00, 0x00,
    0x00, 0x00, 0x8f, 0xfa, 0x00, 0x00, 0x0a, 0xff, 0x80, 0x00, 0x0e, 0xff, 0x70, 0x00, 0x02, 0xff,
    0xf5, 0x00, 0x06, 0xff, 0xf3, 0x00, 0x00, 0x8f, 0xff, 0x10, 0x00, 0xcf, 0xff, 0x00, 0x00, 0x0e,
    0xff, 0xd0, 0x00, 0x2f, 0xff, 0xc0, 0x00, 0x05, 0xff, 0xfa, 0x00, 0x08, 0xff, 0xf9, 0x00, 0x00,
    0xbf, 0xff, 0x70, 0x00, 0xdf, 0xff, 0x60, 0x00, 0x1f, 0xff, 0xf4, 0x00, 0x3f, 0xff, 0xf3, 0x00,
    0x06, 0xff, 0xff, 0x10, 0x08, 0xff, 0xff, 0x00, 0x00, 0xbf, 0xff, 0xd0, 0x00, 0xdf, 0xff, 0xc0,
    0x00, 0x1f, 0xff, 0xfa, 0x00, 0x2f, 0xff, 0xf9, 0x00, 0x05, 0xff, 0xff, 0x80, 0x05, 0xff, 0xff,
    0x70, 0x00, 0x8f, 0xff, 0xf5, 0x00, 0x00, 0x00, 0x00, 0x00, 0x00, 0x00, 0x00, 0x00, 0x00, 0x00,
    0x00, 0x00, 0x00, 0x00, 0x00, 0x00, 0x00, 0x00, 0x00, 0x00, 0x00, 0x00, 0x00, 0x00, 0x00, 0x00,
    0x00, 0x00, 0x00, 0x00, 0x00, 0x00, 0x00, 0x00, 0x00, 0x00, 0x00, 0x00, 0x00, 0x00, 0x00, 0x00,
    0x00, 0x00, 0x00, 0x00, 0x00, 0x00, 0x00, 0x00, 0x00, 0x00, 0x00, 0x00, 0x00, 0x00, 0x00, 0x00,
    0x00, 0x00, 0x00, 0x00, 0x00, 0x00, 0x00, 0x00, 0x00, 0x00, 0x00, 0x00, 0x00, 0x00, 0x00, 0x00,
    0x00, 0x00, 0x00, 0x00, 0x00, 0x00, 0x00, 0x00, 0x00, 0x00, 0x00, 0x00, 0x00, 0x00, 0x00, 0x00,
    0x00, 0x00, 0x00, 0x00, 0x00, 0x00, 0x00, 0x00, 0x00, 0x00, 0x00, 0x00, 0x00, 0x00, 0x00, 0x00,
    0x00, 0x00, 0x00, 0x00, 0x00, 0x00, 0x00, 0x00, 0x00, 0x00, 0x00, 0x00, 0x00, 0x00, 0x00, 0x00,
    0x00, 0x00, 0x00, 0x00, 0x00, 0x00, 0x00, 0x00, 0x00, 0x00, 0x00, 0x00, 0x00, 0x00, 0x00, 0x00,
    0x00, 0x00, 0x00, 0x00, 0x00, 0x00, 0x00, 0x00, 0x00, 0x00, 0x00, 0x00, 0x00, 0x00, 0x00, 0x00,
    0x00, 0x00, 0x00, 0x00, 0x00, 0x00, 0x00, 0x00, 0x00, 0x00, 0x00, 0x00, 0x00, 0x00, 0x00, 0x00,
    0x00, 0x00, 0x00, 0x00, 0x00, 0x00, 0x00, 0x00, 0x00, 0x00, 0x00, 0x00, 0x00, 0x00, 0x00, 0x00,
    0x00, 0x00, 0x2f, 0xff, 0xfa, 0x00, 0x04, 0xff, 0xff, 0x80, 0x05, 0xff, 0xff, 0x80, 0x00, 0x6f,
    0xff, 0xf6, 0x00, 0x7f, 0xff, 0xf3, 0x00, 0x09, 0xff, 0xff, 0x20, 0x0a, 0xff, 0xfe, 0x00, 0x00,
    0xcf, 0xff, 0xc0, 0x00, 0xdf, 0xff, 0x90, 0x00, 0x0f, 0xff, 0xf7, 0x00, 0x1f, 0xff, 0xf4, 0x00,
    0x03, 0xff, 0xff, 0x20, 0x03, 0xff, 0xfd, 0x00, 0x00, 0x6f, 0xff, 0xc0, 0x00, 0x6f, 0xff, 0x70,
    0x00, 0x09, 0xff, 0xf6, 0x00, 0x09, 0xff, 0xf2, 0x00, 0x00, 0xcf, 0xfe, 0x10, 0x00, 0xdf, 0xfb,
    0x00, 0x00, 0x1f, 0xff, 0x90, 0x00, 0x1f, 0xff, 0x40, 0x00, 0x04, 0xff, 0xf3, 0x00, 0x05, 0xff,
    0xd0, 0x00, 0x00, 0x8f, 0xfb, 0x00, 0x00, 0x00, 0x00, 0x00, 0x00, 0x00, 0x00, 0x00, 0x00, 0x00,
    0x00, 0x00, 0x00, 0x00, 0x00, 0x00, 0x00, 0x00, 0x00, 0x00, 0x00, 0x00, 0x00, 0x00, 0x00, 0x00,
    0x00, 0x00, 0x00, 0x00, 0x00, 0x00, 0x00, 0x00, 0x00, 0x00, 0x00, 0x00, 0x00, 0x00, 0x00, 0x00,
    0x00, 0x00, 0x00, 0x00, 0x00, 0x00, 0x00, 0x00, 0x00, 0x00, 0x00, 0x00, 0x00, 0x00, 0x00, 0x00,
    0x00, 0x00, 0x00, 0x00, 0x00, 0x00, 0x00, 0x00, 0x00, 0x00, 0x00, 0x00, 0x00, 0x00, 0x00, 0x00,
    0x00, 0x00, 0x00, 0x00, 0x00, 0x00, 0x00, 0x00, 0x00, 0x00, 0x00, 0x00, 0x00, 0x00, 0x00, 0x00,
    0x00, 0x00, 0x00, 0x00, 0x00, 0x00, 0x00, 0x00, 0x00, 0x00, 0x00, 0x00, 0x00, 0x00, 0x00, 0x00,
    0x00, 0x00, 0x00, 0x00, 0x00, 0x00, 0x00, 0x00, 0x00, 0x00, 0x00, 0x00, 0x00, 0x00, 0x00, 0x00,
    0x00, 0x00, 0x00, 0x00, 0x00, 0x00, 0x00, 0x00, 0x00, 0x00, 0x00, 0x00, 0x00, 0x00, 0x00, 0x00,
    0x00, 0x00, 0x00, 0x00, 0x00, 0x00, 0x00, 0x00, 0x00, 0x00, 0x00, 0x00, 0x00, 0x00, 0x00, 0x00,
    0x00, 0x00, 0x00, 0x00, 0x00, 0x00, 0x00, 0x00, 0x00, 0x00, 0x00, 0x00, 0x00, 0x00, 0x00, 0x00,
    0x00, 0x00, 0x00, 0x00, 0x00, 0x00, 0x00, 0x00, 0x00, 0x00, 0x00, 0x00, 0x00, 0x00, 0x00, 0x00,
    0x00, 0x00, 0x00, 0x04, 0xff, 0xff, 0x80, 0x00, 0x5f, 0xff, 0xf7, 0x00, 0x00, 0x06, 0xff, 0xff,
    0x60, 0x00, 0x8f, 0xff, 0xf4, 0x00, 0x00, 0x09, 0xff, 0xff, 0x20, 0x00, 0xbf, 0xff, 0xf1, 0x00,
    0x00, 0x0b, 0xff, 0xfd, 0x00, 0x00, 0xdf, 0xff, 0xb0, 0x00, 0x00, 0x0e, 0xff, 0xf7, 0x00, 0x01,
    0xff, 0xff, 0x60, 0x00, 0x00, 0x2f, 0xff, 0xf2, 0x00, 0x04, 0xff, 0xff, 0x10, 0x00, 0x00, 0x5f,
    0xff, 0xc0, 0x00, 0x07, 0xff, 0xfa, 0x00, 0x00, 0x00, 0x8f, 0xff, 0x60, 0x00, 0x0a, 0xff, 0xf4,
    0x00, 0x00, 0x00, 0xbf, 0xfe, 0x10, 0x00, 0x0e, 0xff, 0xd0, 0x00, 0x00, 0x00, 0xef, 0xf9, 0x00,
    0x00, 0x2f, 0xff, 0x70, 0x00, 0x00, 0x02, 0xff, 0xf3, 0x00, 0x00, 0x5f, 0xff, 0x10, 0x00, 0x00,
    0x06, 0xff, 0xb0, 0x00, 0x00, 0x9f, 0xfa, 0x00, 0x00, 0x00, 0x00, 0x00, 0x00, 0x7c, 0xee, 0xc7,
    0x10, 0x00, 0x00, 0x00, 0x00, 0x1c, 0xff, 0xff, 0xff, 0xc1, 0x00, 0x00, 0x00, 0x00, 0x9f, 0xff,
    0xff, 0xff, 0xfa, 0x00, 0x00, 0x00, 0x00, 0xef, 0xff, 0xff, 0xff, 0xff, 0x10, 0x00, 0x00, 0x03,
    0xff, 0xff, 0xff, 0xff, 0xff, 0x40, 0x00, 0x00, 0x04, 0xff, 0xff, 0xff, 0xff, 0xff, 0x50, 0x00,
    0x00, 0x04, 0xff, 0xff, 0xff, 0xff, 0xff, 0x50, 0x00, 0x00, 0x03, 0xff, 0xff, 0xff, 0xff, 0xff,
    0x40, 0x00, 0x00, 0x00, 0xef, 0xff, 0xff, 0xff, 0xff, 0x10, 0x00, 0x00, 0x00, 0x8f, 0xff, 0xff,
    0xff, 0xf9, 0x00, 0x00, 0x00, 0x00, 0x1b, 0xff, 0xff, 0xff, 0xc1, 0x00, 0x00, 0x00, 0x00, 0x00,
    0x6c, 0xee, 0xc7, 0x00, 0x00, 0x00, 0x00, 0x00, 0x00, 0x00, 0x00, 0x00, 0x00, 0x00, 0x00, 0x00,
    0x00, 0x00, 0x00, 0x00, 0x00, 0x00, 0x00, 0x00, 0x00, 0x00, 0x00, 0x00, 0x00, 0x00, 0x00, 0x00,
    0x00, 0x00, 0x00, 0x00, 0x00, 0x00, 0x00, 0x00, 0x00, 0x00, 0x00, 0x00, 0x00, 0x00, 0x00, 0x00,
    0x00, 0x00, 0x00, 0x00, 0x00, 0x00, 0x00, 0x00, 0x00, 0x00, 0x00, 0x00, 0x00, 0x00, 0x00, 0x00,
    0x00, 0x00, 0x00, 0x00, 0x00, 0x00, 0x00, 0x00, 0x00, 0x00, 0x00, 0x00, 0x00, 0x00, 0x00, 0x00,
    0x00, 0x00, 0x00, 0x00, 0x00, 0x00, 0x00, 0x00, 0x00, 0x00, 0x00, 0x00, 0x00, 0x00, 0x00, 0x00,
    0x00, 0x00, 0x00, 0x00, 0x00, 0x00, 0x00, 0x00, 0x00, 0x00, 0x00, 0x6d, 0xec, 0x40, 0x00, 0x00,
    0x00, 0x1a, 0xee, 0x91, 0x00, 0x00, 0x00, 0x05, 0xce, 0xc5, 0x00, 0x00, 0x00, 0x03, 0xff, 0xff,
    0xe2, 0x00, 0x00, 0x00, 0xaf, 0xff, 0xfa, 0x00, 0x00, 0x00, 0x2f, 0xff, 0xff, 0x30, 0x00, 0x00,
    0x07, 0xff, 0xff, 0xf5, 0x00, 0x00, 0x00, 0xdf, 0xff, 0xfe, 0x00, 0x00, 0x00, 0x5f, 0xff, 0xff,
    0x70, 0x00, 0x00, 0x07, 0xff, 0xff, 0xf5, 0x00, 0x00, 0x00, 0xdf, 0xff, 0xfe, 0x00, 0x00, 0x00,
    0x5f, 0xff, 0xff, 0x60, 0x00, 0x00, 0x03, 0xff, 0xff, 0xe1, 0x00, 0x00, 0x00, 0x9f, 0xff, 0xf9,
    0x00, 0x00, 0x00, 0x2f, 0xff, 0xff, 0x30, 0x00, 0x00, 0x00, 0x5d, 0xec, 0x40, 0x00, 0x00, 0x00,
    0x19, 0xee, 0x91, 0x00, 0x00, 0x00, 0x04, 0xce, 0xc5, 0x00, 0x00, 0x00, 0x00, 0x00, 0x00, 0x00,
    0x00, 0x00, 0x14, 0x67, 0x76, 0x53, 0x10, 0x00, 0x00, 0x00, 0x00, 0x00, 0x00, 0x00, 0x06, 0xcf,
    0xff, 0xff, 0xff, 0xff, 0xb6, 0x10, 0x00, 0x00, 0x00, 0x00, 0x00, 0x4d, 0xff, 0xff, 0xff, 0xff,
    0xff, 0xff, 0xfe, 0x70, 0x00, 0x00, 0x00, 0x00, 0x7f, 0xff, 0xff, 0xff, 0xff, 0xff, 0xff, 0xff,
    0xf5, 0x00, 0x00, 0x00, 0x00, 0x7f, 0xff, 0xff, 0xb6, 0x21, 0x01, 0x47, 0xcf, 0xfc, 0x00, 0x00,
    0x00, 0x00, 0x5f, 0xff, 0xfd, 0x40, 0x00, 0x00, 0x00, 0x00, 0x29, 0x40, 0x00, 0x00, 0x00, 0x1d,
    0xff, 0xfd, 0x20, 0x00, 0x00, 0x00, 0x00, 0x00, 0x00, 0x00, 0x00, 0x00, 0x08, 0xff, 0xff, 0x30,
    0x00, 0x00, 0x00, 0x00, 0x00, 0x00, 0x00, 0x00, 0x00, 0x00, 0xef, 0xff, 0x90, 0x00, 0x00, 0x00,
    0x00, 0x00, 0x00, 0x00, 0x00, 0x00, 0x00, 0x5f, 0xff, 0xf2, 0x00, 0x00, 0x00, 0x00, 0x00, 0x00,
    0x00, 0x00, 0x00, 0x00, 0x0a, 0xff, 0xfb, 0x00, 0x00, 0x00, 0x00, 0x00, 0x00, 0x00, 0x00, 0x00,
    0x00, 0x00, 0xdf, 0xff, 0x70, 0x00, 0x00, 0x00, 0x00, 0x00, 0x00, 0x00, 0x00, 0x06, 0x77, 0x8f,
    0xff, 0xf9, 0x77, 0x77, 0x77, 0x77, 0x77, 0x60, 0x00, 0x00, 0x00, 0xdf, 0xff, 0xff, 0xff, 0xff,
    0xff, 0xff, 0xff, 0xff, 0xfd, 0x00, 0x00, 0x00, 0x0d, 0xff, 0xff, 0xff, 0xff, 0xff, 0xff, 0xff,
    0xff, 0xff, 0xd0, 0x00, 0x00, 0x00, 0xdf, 0xff, 0xff, 0xff, 0xff, 0xff, 0xff, 0xff, 0xff, 0xfd,
    0x00, 0x00, 0x00, 0x00, 0x00, 0x7f, 0xff, 0xc0, 0x00, 0x00, 0x00, 0x00, 0x00, 0x00, 0x00, 0x00,
    0x00, 0x00, 0x07, 0xff, 0xfc, 0x00, 0x00, 0x00, 0x00, 0x00, 0x00, 0x00, 0x00, 0x00, 0x00, 0x00,
    0x7f, 0xff, 0xc0, 0x00, 0x00, 0x00, 0x00, 0x00, 0x00, 0x00, 0x00, 0x00, 0x67, 0x7b, 0xff, 0xfe,
    0x77, 0x77, 0x77, 0x77, 0x77, 0x30, 0x00, 0x00, 0x00, 0x0d, 0xff, 0xff, 0xff, 0xff, 0xff, 0xff,
    0xff, 0xff, 0xf7, 0x00, 0x00, 0x00, 0x00, 0xdf, 0xff, 0xff, 0xff, 0xff, 0xff, 0xff, 0xff, 0xff,
    0x70, 0x00, 0x00, 0x00, 0x0d, 0xff, 0xff, 0xff, 0xff, 0xff, 0xff, 0xff, 0xff, 0xf7, 0x00, 0x00,
    0x00, 0x00, 0x00, 0x00, 0xef, 0xff, 0x50, 0x00, 0x00, 0x00, 0x00, 0x00, 0x00, 0x00, 0x00, 0x00,
    0x00, 0x0a, 0xff, 0xf9, 0x00, 0x00, 0x00, 0x00, 0x00, 0x00, 0x00, 0x00, 0x00, 0x00, 0x00, 0x6f,
    0xff, 0xe0, 0x00, 0x00, 0x00, 0x00, 0x00, 0x00, 0x00, 0x00, 0x00, 0x00, 0x01, 0xff, 0xff, 0x60,
    0x00, 0x00, 0x00, 0x00, 0x00, 0x00, 0x00, 0x00, 0x00, 0x00, 0x09, 0xff, 0xfd, 0x10, 0x00, 0x00,
    0x00, 0x00, 0x00, 0x00, 0x00, 0x00, 0x00, 0x00, 0x2f, 0xff, 0xfa, 0x00, 0x00, 0x00, 0x00, 0x00,
    0x00, 0x00, 0x00, 0x00, 0x00, 0x00, 0x8f, 0xff, 0xf9, 0x00, 0x00, 0x00, 0x00, 0x00, 0x00, 0x00,
    0x00, 0x00, 0x00, 0x00, 0xcf, 0xff, 0xfc, 0x50, 0x00, 0x00, 0x00, 0x04, 0x8a, 0x00, 0x00, 0x00,
    0x00, 0x01, 0xdf, 0xff, 0xff, 0xea, 0x88, 0x89, 0xce, 0xff, 0xc0, 0x00, 0x00, 0x00, 0x00, 0x01,
    0xbf, 0xff, 0xff, 0xff, 0xff, 0xff, 0xff, 0xfc, 0x00, 0x00, 0x00, 0x00, 0x00, 0x00, 0x6d, 0xff,
    0xff, 0xff, 0xff, 0xff, 0xff, 0x90, 0x00, 0x00, 0x00, 0x00, 0x00, 0x00, 0x04, 0x8b, 0xde, 0xfe,
    0xdb, 0x95, 0x10, 0x00, 0x00, 0x00, 0x12, 0x22, 0x22, 0x22, 0x22, 0x22, 0x22, 0x22, 0x22, 0x22,
    0x10, 0x00, 0x00, 0x00, 0x07, 0xff, 0xff, 0xff, 0xff, 0xff, 0xff, 0xff, 0xff, 0xff, 0xf4, 0x00,
    0x00, 0x00, 0x00, 0x7f, 0xff, 0xff, 0xff, 0xff, 0xff, 0xff, 0xff, 0xff, 0xff, 0x40, 0x00, 0x00,
    0x00, 0x07, 0xfe, 0x00, 0x00, 0x00, 0x00, 0x00, 0x00, 0x00, 0x3f, 0xf4, 0x00, 0x00, 0x00, 0x00,
    0x7f, 0xe0, 0x00, 0x00, 0x00, 0x00, 0x00, 0x00, 0x03, 0xff, 0x40, 0x00, 0x00, 0x00, 0x07, 0xfe,
    0x00, 0x00, 0x00, 0x00, 0x00, 0x00, 0x00, 0x3f, 0xf4, 0x00, 0x00, 0x00, 0x00, 0x7f, 0xe0, 0x00,
    0x00, 0x00, 0x00, 0x00, 0x00, 0x03, 0xff, 0x40, 0x00, 0x00, 0x00, 0x07, 0xfe, 0x00, 0x00, 0x00,
    0x00, 0x00, 0x00, 0x00, 0x3f, 0xf4, 0x00, 0x00, 0x00, 0x00, 0x7f, 0xe0, 0x00, 0x00, 0x00, 0x00,
    0x00, 0x00, 0x03, 0xff, 0x40, 0x00, 0x00, 0x00, 0x07, 0xfe, 0x00, 0x00, 0x00, 0x00, 0x00, 0x00,
    0x00, 0x3f, 0xf4, 0x00, 0x00, 0x00, 0x00, 0x7f, 0xe0, 0x00, 0x00, 0x00, 0x00, 0x00, 0x00, 0x03,
    0xff, 0x40, 0x00, 0x00, 0x00, 0x07, 0xfe, 0x00, 0x00, 0x00, 0x00, 0x00, 0x00, 0x00, 0x3f, 0xf4,
    0x00, 0x00, 0x00, 0x00, 0x7f, 0xe0, 0x00, 0x00, 0x00, 0x00, 0x00, 0x00, 0x03, 0xff, 0x40, 0x00,
    0x00, 0x00, 0x07, 0xfe, 0x00, 0x00, 0x00, 0x00, 0x00, 0x00, 0x00, 0x3f, 0xf4, 0x00, 0x00, 0x00,
    0x00, 0x7f, 0xe0, 0x00, 0x00, 0x00, 0x00, 0x00, 0x00, 0x03, 0xff, 0x40, 0x00, 0x00, 0x00, 0x07,
    0xfe, 0x00, 0x00, 0x00, 0x00, 0x00, 0x00, 0x00, 0x3f, 0xf4, 0x00, 0x00, 0x00, 0x00, 0x7f, 0xe0,
    0x00, 0x00, 0x00, 0x00, 0x00, 0x00, 0x03, 0xff, 0x40, 0x00, 0x00, 0x00, 0x07, 0xfe, 0x00, 0x00,
    0x00, 0x00, 0x00, 0x00, 0x00, 0x3f, 0xf4, 0x00, 0x00, 0x00, 0x00, 0x7f, 0xe0, 0x00, 0x00, 0x00,
    0x00, 0x00, 0x00, 0x03, 0xff, 0x40, 0x00, 0x00, 0x00, 0x07, 0xfe, 0x00, 0x00, 0x00, 0x00, 0x00,
    0x00, 0x00, 0x3f, 0xf4, 0x00, 0x00, 0x00, 0x00, 0x7f, 0xe0, 0x00, 0x00, 0x00, 0x00, 0x00, 0x00,
    0x03, 0xff, 0x40, 0x00, 0x00, 0x00, 0x07, 0xfe, 0x00, 0x00, 0x00, 0x00, 0x00, 0x00, 0x00, 0x3f,
    0xf4, 0x00, 0x00, 0x00, 0x00, 0x7f, 0xe0, 0x00, 0x00, 0x00, 0x00, 0x00, 0x00, 0x03, 0xff, 0x40,
    0x00, 0x00, 0x00, 0x07, 0xfe, 0x00, 0x00, 0x00, 0x00, 0x00, 0x00, 0x00, 0x3f, 0xf4, 0x00, 0x00,
    0x00, 0x00, 0x7f, 0xe0, 0x00, 0x00, 0x00, 0x00, 0x00, 0x00, 0x03, 0xff, 0x40, 0x00, 0x00, 0x00,
    0x07, 0xfe, 0x00, 0x00, 0x00, 0x00, 0x00, 0x00, 0x00, 0x3f, 0xf4, 0x00, 0x00, 0x00, 0x00, 0x7f,
    0xe0, 0x00, 0x00, 0x00, 0x00, 0x00, 0x00, 0x03, 0xff, 0x40, 0x00, 0x00, 0x00, 0x07, 0xfe, 0x00,
    0x00, 0x00, 0x00, 0x00, 0x00, 0x00, 0x3f, 0xf4, 0x00, 0x00, 0x00, 0x00, 0x7f, 0xe0, 0x00, 0x00,
    0x00, 0x00, 0x00, 0x00, 0x03, 0xff, 0x40, 0x00, 0x00, 0x00, 0x07, 0xfe, 0x00, 0x00, 0x00, 0x00,
    0x00, 0x00, 0x00, 0x3f, 0xf4, 0x00, 0x00, 0x00, 0x00, 0x7f, 0xe0, 0x00, 0x00, 0x00, 0x00, 0x00,
    0x00, 0x03, 0xff, 0x40, 0x00, 0x00, 0x00, 0x07, 0xfe, 0x00, 0x00, 0x00, 0x00, 0x00, 0x00, 0x00,
    0x3f, 0xf4, 0x00, 0x00, 0x00, 0x00, 0x7f, 0xe2, 0x22, 0x22, 0x22, 0x22, 0x22, 0x22, 0x25, 0xff,
    0x40, 0x00, 0x00, 0x00, 0x07, 0xff, 0xff, 0xff, 0xff, 0xff, 0xff, 0xff, 0xff, 0xff, 0xf4, 0x00,
    0x00, 0x00, 0x00, 0x7f, 0xff, 0xff, 0xff, 0xff, 0xff, 0xff, 0xff, 0xff, 0xff, 0x40, 0x00, 0x00,
};

static const lv_font_fmt_txt_glyph_dsc_t rsvp_unicode_48_glyphs[] = {
    {.bitmap_index=0,.adv_w=0,.box_w=0,.box_h=0,.ofs_x=0,.ofs_y=0},
    {.bitmap_index=0,.adv_w=192,.box_w=0,.box_h=0,.ofs_x=0,.ofs_y=0},
    {.bitmap_index=0,.adv_w=208,.box_w=13,.box_h=34,.ofs_x=0,.ofs_y=-8},
    {.bitmap_index=221,.adv_w=432,.box_w=27,.box_h=34,.ofs_x=0,.ofs_y=0},
    {.bitmap_index=680,.adv_w=432,.box_w=27,.box_h=35,.ofs_x=0,.ofs_y=0},
    {.bitmap_index=1153,.adv_w=432,.box_w=27,.box_h=28,.ofs_x=0,.ofs_y=0},
    {.bitmap_index=1531,.adv_w=432,.box_w=27,.box_h=34,.ofs_x=0,.ofs_y=0},
    {.bitmap_index=1990,.adv_w=416,.box_w=26,.box_h=48,.ofs_x=0,.ofs_y=-11},
    {.bitmap_index=2614,.adv_w=400,.box_w=25,.box_h=37,.ofs_x=0,.ofs_y=0},
    {.bitmap_index=3077,.adv_w=448,.box_w=28,.box_h=35,.ofs_x=0,.ofs_y=0},
    {.bitmap_index=3567,.adv_w=640,.box_w=40,.box_h=35,.ofs_x=0,.ofs_y=0},
    {.bitmap_index=4267,.adv_w=272,.box_w=17,.box_h=36,.ofs_x=0,.ofs_y=0},
    {.bitmap_index=4573,.adv_w=384,.box_w=24,.box_h=23,.ofs_x=0,.ofs_y=0},
    {.bitmap_index=4849,.adv_w=432,.box_w=27,.box_h=19,.ofs_x=0,.ofs_y=0},
    {.bitmap_index=5106,.adv_w=240,.box_w=15,.box_h=15,.ofs_x=0,.ofs_y=0},
    {.bitmap_index=5219,.adv_w=640,.box_w=40,.box_h=35,.ofs_x=0,.ofs_y=0},
    {.bitmap_index=5919,.adv_w=384,.box_w=26,.box_h=40,.ofs_x=-1,.ofs_y=0},
    {.bitmap_index=6439,.adv_w=336,.box_w=21,.box_h=35,.ofs_x=0,.ofs_y=0},
    {.bitmap_index=6807,.adv_w=432,.box_w=27,.box_h=28,.ofs_x=0,.ofs_y=0},
    {.bitmap_index=7185,.adv_w=272,.box_w=17,.box_h=41,.ofs_x=0,.ofs_y=0},
    {.bitmap_index=7534,.adv_w=272,.box_w=17,.box_h=41,.ofs_x=0,.ofs_y=0},
    {.bitmap_index=7883,.adv_w=208,.box_w=13,.box_h=37,.ofs_x=0,.ofs_y=0},
    {.bitmap_index=8124,.adv_w=480,.box_w=30,.box_h=37,.ofs_x=0,.ofs_y=-11},
    {.bitmap_index=8679,.adv_w=496,.box_w=31,.box_h=43,.ofs_x=0,.ofs_y=-6},
    {.bitmap_index=9346,.adv_w=208,.box_w=13,.box_h=20,.ofs_x=0,.ofs_y=0},
    {.bitmap_index=9476,.adv_w=176,.box_w=11,.box_h=12,.ofs_x=0,.ofs_y=-11},
    {.bitmap_index=9542,.adv_w=272,.box_w=17,.box_h=41,.ofs_x=0,.ofs_y=0},
    {.bitmap_index=9891,.adv_w=288,.box_w=18,.box_h=36,.ofs_x=0,.ofs_y=0},
    {.bitmap_index=10215,.adv_w=384,.box_w=24,.box_h=23,.ofs_x=0,.ofs_y=0},
    {.bitmap_index=10491,.adv_w=576,.box_w=36,.box_h=34,.ofs_x=0,.ofs_y=0},
    {.bitmap_index=11103,.adv_w=592,.box_w=37,.box_h=34,.ofs_x=0,.ofs_y=0},
    {.bitmap_index=11732,.adv_w=592,.box_w=38,.box_h=35,.ofs_x=0,.ofs_y=0},
    {.bitmap_index=12397,.adv_w=336,.box_w=21,.box_h=35,.ofs_x=0,.ofs_y=-9},
    {.bitmap_index=12765,.adv_w=496,.box_w=31,.box_h=46,.ofs_x=0,.ofs_y=0},
    {.bitmap_index=13478,.adv_w=496,.box_w=31,.box_h=46,.ofs_x=0,.ofs_y=0},
    {.bitmap_index=14191,.adv_w=496,.box_w=31,.box_h=46,.ofs_x=0,.ofs_y=0},
    {.bitmap_index=14904,.adv_w=496,.box_w=31,.box_h=44,.ofs_x=0,.ofs_y=0},
    {.bitmap_index=15586,.adv_w=496,.box_w=31,.box_h=44,.ofs_x=0,.ofs_y=0},
    {.bitmap_index=16268,.adv_w=496,.box_w=31,.box_h=42,.ofs_x=0,.ofs_y=0},
    {.bitmap_index=16919,.adv_w=672,.box_w=43,.box_h=34,.ofs_x=-1,.ofs_y=0},
    {.bitmap_index=17650,.adv_w=480,.box_w=30,.box_h=46,.ofs_x=0,.ofs_y=-11},
    {.bitmap_index=18340,.adv_w=432,.box_w=27,.box_h=46,.ofs_x=0,.ofs_y=0},
    {.bitmap_index=18961,.adv_w=432,.box_w=27,.box_h=46,.ofs_x=0,.ofs_y=0},
    {.bitmap_index=19582,.adv_w=432,.box_w=27,.box_h=46,.ofs_x=0,.ofs_y=0},
    {.bitmap_index=20203,.adv_w=432,.box_w=27,.box_h=44,.ofs_x=0,.ofs_y=0},
    {.bitmap_index=20797,.adv_w=256,.box_w=16,.box_h=46,.ofs_x=0,.ofs_y=0},
    {.bitmap_index=21165,.adv_w=256,.box_w=16,.box_h=46,.ofs_x=0,.ofs_y=0},
    {.bitmap_index=21533,.adv_w=256,.box_w=17,.box_h=46,.ofs_x=0,.ofs_y=0},
    {.bitmap_index=21924,.adv_w=256,.box_w=16,.box_h=44,.ofs_x=0,.ofs_y=0},
    {.bitmap_index=22276,.adv_w=560,.box_w=35,.box_h=34,.ofs_x=0,.ofs_y=0},
    {.bitmap_index=22871,.adv_w=576,.box_w=36,.box_h=44,.ofs_x=0,.ofs_y=0},
    {.bitmap_index=23663,.adv_w=592,.box_w=37,.box_h=46,.ofs_x=0,.ofs_y=0},
    {.bitmap_index=24514,.adv_w=592,.box_w=37,.box_h=46,.ofs_x=0,.ofs_y=0},
    {.bitmap_index=25365,.adv_w=592,.box_w=37,.box_h=46,.ofs_x=0,.ofs_y=0},
    {.bitmap_index=26216,.adv_w=592,.box_w=37,.box_h=44,.ofs_x=0,.ofs_y=0},
    {.bitmap_index=27030,.adv_w=592,.box_w=37,.box_h=44,.ofs_x=0,.ofs_y=0},
    {.bitmap_index=27844,.adv_w=432,.box_w=27,.box_h=28,.ofs_x=0,.ofs_y=0},
    {.bitmap_index=28222,.adv_w=592,.box_w=37,.box_h=38,.ofs_x=0,.ofs_y=-2},
    {.bitmap_index=28925,.adv_w=560,.box_w=35,.box_h=46,.ofs_x=0,.ofs_y=0},
    {.bitmap_index=29730,.adv_w=560,.box_w=35,.box_h=46,.ofs_x=0,.ofs_y=0},
    {.bitmap_index=30535,.adv_w=560,.box_w=35,.box_h=46,.ofs_x=0,.ofs_y=0},
    {.bitmap_index=31340,.adv_w=560,.box_w=35,.box_h=44,.ofs_x=0,.ofs_y=0},
    {.bitmap_index=32110,.adv_w=432,.box_w=28,.box_h=46,.ofs_x=0,.ofs_y=0},
    {.bitmap_index=32754,.adv_w=464,.box_w=29,.box_h=34,.ofs_x=0,.ofs_y=0},
    {.bitmap_index=33247,.adv_w=480,.box_w=30,.box_h=37,.ofs_x=0,.ofs_y=0},
    {.bitmap_index=33802,.adv_w=432,.box_w=27,.box_h=37,.ofs_x=0,.ofs_y=0},
    {.bitmap_index=34302,.adv_w=432,.box_w=27,.box_h=37,.ofs_x=0,.ofs_y=0},
    {.bitmap_index=34802,.adv_w=432,.box_w=27,.box_h=37,.ofs_x=0,.ofs_y=0},
    {.bitmap_index=35302,.adv_w=432,.box_w=27,.box_h=35,.ofs_x=0,.ofs_y=0},
    {.bitmap_index=35775,.adv_w=432,.box_w=27,.box_h=35,.ofs_x=0,.ofs_y=0},
    {.bitmap_index=36248,.adv_w=432,.box_w=27,.box_h=39,.ofs_x=0,.ofs_y=0},
    {.bitmap_index=36775,.adv_w=656,.box_w=41,.box_h=26,.ofs_x=0,.ofs_y=0},
    {.bitmap_index=37308,.adv_w=368,.box_w=23,.box_h=37,.ofs_x=0,.ofs_y=-11},
    {.bitmap_index=37734,.adv_w=432,.box_w=27,.box_h=37,.ofs_x=0,.ofs_y=0},
    {.bitmap_index=38234,.adv_w=432,.box_w=27,.box_h=37,.ofs_x=0,.ofs_y=0},
    {.bitmap_index=38734,.adv_w=432,.box_w=27,.box_h=37,.ofs_x=0,.ofs_y=0},
    {.bitmap_index=39234,.adv_w=432,.box_w=27,.box_h=35,.ofs_x=0,.ofs_y=0},
    {.bitmap_index=39707,.adv_w=192,.box_w=13,.box_h=37,.ofs_x=-1,.ofs_y=0},
    {.bitmap_index=39948,.adv_w=192,.box_w=13,.box_h=37,.ofs_x=0,.ofs_y=0},
    {.bitmap_index=40189,.adv_w=192,.box_w=17,.box_h=37,.ofs_x=-2,.ofs_y=0},
    {.bitmap_index=40504,.adv_w=192,.box_w=14,.box_h=35,.ofs_x=-1,.ofs_y=0},
    {.bitmap_index=40749,.adv_w=464,.box_w=29,.box_h=37,.ofs_x=0,.ofs_y=0},
    {.bitmap_index=41286,.adv_w=480,.box_w=30,.box_h=35,.ofs_x=0,.ofs_y=0},
    {.bitmap_index=41811,.adv_w=464,.box_w=29,.box_h=37,.ofs_x=0,.ofs_y=0},
    {.bitmap_index=42348,.adv_w=464,.box_w=29,.box_h=37,.ofs_x=0,.ofs_y=0},
    {.bitmap_index=42885,.adv_w=464,.box_w=29,.box_h=37,.ofs_x=0,.ofs_y=0},
    {.bitmap_index=43422,.adv_w=464,.box_w=29,.box_h=35,.ofs_x=0,.ofs_y=0},
    {.bitmap_index=43930,.adv_w=464,.box_w=29,.box_h=35,.ofs_x=0,.ofs_y=0},
    {.bitmap_index=44438,.adv_w=432,.box_w=27,.box_h=28,.ofs_x=0,.ofs_y=0},
    {.bitmap_index=44816,.adv_w=464,.box_w=29,.box_h=29,.ofs_x=0,.ofs_y=-2},
    {.bitmap_index=45237,.adv_w=480,.box_w=30,.box_h=37,.ofs_x=0,.ofs_y=0},
    {.bitmap_index=45792,.adv_w=480,.box_w=30,.box_h=37,.ofs_x=0,.ofs_y=0},
    {.bitmap_index=46347,.adv_w=480,.box_w=30,.box_h=37,.ofs_x=0,.ofs_y=0},
    {.bitmap_index=46902,.adv_w=480,.box_w=30,.box_h=35,.ofs_x=0,.ofs_y=0},
    {.bitmap_index=47427,.adv_w=384,.box_w=25,.box_h=48,.ofs_x=0,.ofs_y=-11},
    {.bitmap_index=48027,.adv_w=480,.box_w=30,.box_h=48,.ofs_x=0,.ofs_y=-11},
    {.bitmap_index=48747,.adv_w=384,.box_w=25,.box_h=46,.ofs_x=0,.ofs_y=-11},
    {.bitmap_index=49322,.adv_w=432,.box_w=0,.box_h=0,.ofs_x=0,.ofs_y=0},
    {.bitmap_index=49322,.adv_w=128,.box_w=0,.box_h=0,.ofs_x=0,.ofs_y=0},
    {.bitmap_index=49322,.adv_w=80,.box_w=0,.box_h=0,.ofs_x=0,.ofs_y=0},
    {.bitmap_index=49322,.adv_w=0,.box_w=0,.box_h=0,.ofs_x=0,.ofs_y=0},
    {.bitmap_index=49322,.adv_w=240,.box_w=15,.box_h=15,.ofs_x=0,.ofs_y=0},
    {.bitmap_index=49435,.adv_w=240,.box_w=15,.box_h=15,.ofs_x=0,.ofs_y=0},
    {.bitmap_index=49548,.adv_w=384,.box_w=24,.box_h=15,.ofs_x=0,.ofs_y=0},
    {.bitmap_index=49728,.adv_w=768,.box_w=48,.box_h=15,.ofs_x=0,.ofs_y=0},
    {.bitmap_index=50088,.adv_w=128,.box_w=8,.box_h=34,.ofs_x=0,.ofs_y=0},
    {.bitmap_index=50224,.adv_w=128,.box_w=8,.box_h=34,.ofs_x=0,.ofs_y=0},
    {.bitmap_index=50360,.adv_w=192,.box_w=12,.box_h=12,.ofs_x=0,.ofs_y=-7},
    {.bitmap_index=50432,.adv_w=272,.box_w=17,.box_h=34,.ofs_x=0,.ofs_y=0},
    {.bitmap_index=50721,.adv_w=272,.box_w=17,.box_h=34,.ofs_x=0,.ofs_y=0},
    {.bitmap_index=51010,.adv_w=320,.box_w=20,.box_h=12,.ofs_x=0,.ofs_y=-7},
    {.bitmap_index=51130,.adv_w=288,.box_w=18,.box_h=23,.ofs_x=0,.ofs_y=0},
    {.bitmap_index=51337,.adv_w=608,.box_w=38,.box_h=6,.ofs_x=0,.ofs_y=0},
    {.bitmap_index=51451,.adv_w=128,.box_w=0,.box_h=0,.ofs_x=0,.ofs_y=0},
    {.bitmap_index=51451,.adv_w=464,.box_w=0,.box_h=0,.ofs_x=0,.ofs_y=0},
    {.bitmap_index=51451,.adv_w=432,.box_w=27,.box_h=35,.ofs_x=0,.ofs_y=0},
    {.bitmap_index=51924,.adv_w=464,.box_w=29,.box_h=35,.ofs_x=0,.ofs_y=0},
};

static const uint16_t rsvp_unicode_48_unicode[] = {
    0x0, 0x1, 0x2, 0x3, 0x4, 0x5, 0x6, 0x7, 0x8, 0x9, 0xa, 0xb,
    0xc, 0xd, 0xe, 0xf, 0x10, 0x11, 0x12, 0x13, 0x14, 0x15, 0x16, 0x17,
    0x18, 0x19, 0x1a, 0x1b, 0x1c, 0x1d, 0x1e, 0x1f, 0x20, 0x21, 0x22, 0x23,
    0x24, 0x25, 0x26, 0x27, 0x28, 0x29, 0x2a, 0x2b, 0x2c, 0x2d, 0x2e, 0x2f,
    0x30, 0x31, 0x32, 0x33, 0x34, 0x35, 0x36, 0x37, 0x38, 0x39, 0x3a, 0x3b,
    0x3c, 0x3d, 0x3e, 0x3f, 0x40, 0x41, 0x42, 0x43, 0x44, 0x45, 0x46, 0x47,
    0x48, 0x49, 0x4a, 0x4b, 0x4c, 0x4d, 0x4e, 0x4f, 0x50, 0x51, 0x52, 0x53,
    0x54, 0x55, 0x56, 0x57, 0x58, 0x59, 0x5a, 0x5b, 0x5c, 0x5d, 0x5e, 0x5f,
    0x1f67, 0x1f69, 0x1f6a, 0x1f6b, 0x1f70, 0x1f71, 0x1f73, 0x1f74, 0x1f78, 0x1f79, 0x1f7a, 0x1f7c,
    0x1f7d, 0x1f7e, 0x1f82, 0x1f86, 0x1f8f, 0x1fc0, 0x200c, 0x2172,
};

static const lv_font_fmt_txt_cmap_t rsvp_unicode_48_cmaps[] = {
    {
        .range_start = 160, .range_length = 8563, .glyph_id_start = 1,
        .unicode_list = rsvp_unicode_48_unicode, .glyph_id_ofs_list = NULL,
        .list_length = 116, .type = LV_FONT_FMT_TXT_CMAP_SPARSE_TINY
    }
};

static const lv_font_fmt_txt_dsc_t rsvp_unicode_48_dsc = {
    .glyph_bitmap = rsvp_unicode_48_bitmap,
    .glyph_dsc = rsvp_unicode_48_glyphs,
    .cmaps = rsvp_unicode_48_cmaps,
    .kern_dsc = NULL,
    .kern_scale = 0,
    .cmap_num = 1,
    .bpp = 4,
    .kern_classes = 0,
    .bitmap_format = 0,
};

const lv_font_t rsvp_unicode_48 = {
    .get_glyph_dsc = lv_font_get_glyph_dsc_fmt_txt,
    .get_glyph_bitmap = lv_font_get_bitmap_fmt_txt,
    .line_height = 54,
    .base_line = 9,
    .subpx = LV_FONT_SUBPX_NONE,
    .underline_position = -1,
    .underline_thickness = 1,
    .dsc = &rsvp_unicode_48_dsc,
    .fallback = &lv_font_montserrat_48,
    .user_data = NULL,
};
